run,elapsed_s,state,raw_fd,raw_fd_position,max_raw_fd_position,dump_count,dump_bytes,rchar,wchar,read_bytes,write_bytes,signal
C0,1e-05,running,,,,0,0,26612,0,0,0,
C0,0.505799,running,,,,6,0,145985,43656,0,61440,
C0,1.010202,running,,,,10,0,182901,73232,0,98304,
C0,1.514803,running,27,16842752,16842752,10,0,17029016,73232,0,98304,
C0,2.017102,running,27,109461504,109461504,10,0,109959064,73232,0,98304,
C0,2.519424,running,27,257150976,257150976,10,0,257746840,73232,0,98304,
C0,3.021529,running,27,406769664,406769664,10,0,407340952,73232,0,98304,
C0,3.523667,running,27,554323968,554323968,10,0,554817432,73232,0,98304,
C0,4.025575,running,27,705839104,705839104,10,0,706307992,73232,0,98304,
C0,4.528048,running,27,822452224,822452224,10,0,822704024,73232,0,98304,
C0,5.030168,running,27,944955392,944955392,10,0,945399704,73232,0,98304,
C0,5.533142,running,27,1103085568,1103085568,10,0,1103742872,73232,0,98304,
C0,6.036117,running,27,1250541568,1250541568,10,0,1250977688,73232,0,98304,
C0,6.538423,running,27,1390899200,1390899200,10,0,1391503256,73232,0,98304,
C0,7.04065,running,27,1495781376,1495781376,10,0,1496156056,73232,0,98304,
C0,7.543272,running,27,1576361984,1576361984,10,0,1576773528,73232,0,98304,
C0,8.045677,running,27,1661837312,1661837312,10,0,1662244760,73232,0,98304,
C0,8.548121,running,27,1747447808,1747447808,10,0,1747830680,73232,0,98304,
C0,9.050609,running,27,1830346752,1830346752,10,0,1830659992,73232,0,98304,
C0,9.553078,running,27,1910132736,1910132736,10,0,1910544280,73232,0,98304,
C0,10.055848,running,27,1992200192,1992200192,10,0,1992578968,73232,0,98304,
C0,10.558795,running,27,2059403264,2059403264,10,0,2059806616,73232,0,98304,
C0,11.061474,running,27,2142285824,2142285824,10,0,2142599064,73232,0,98304,
C0,11.564259,running,27,2224381952,2224381952,10,0,2224793496,73232,0,98304,
C0,12.067291,running,27,2303483904,2303483904,10,0,2303825816,73232,0,98304,
C0,12.570318,running,27,2387107840,2387107840,10,0,2387453848,73232,0,98304,
C0,13.072416,running,27,2469486592,2469486592,10,0,2469799832,73232,0,98304,
C0,13.574431,running,27,2550439936,2550439936,10,0,2550757272,73232,0,98304,
C0,14.076649,running,27,2631790592,2631790592,10,0,2632136600,73232,0,98304,
C0,14.57856,running,27,2715693056,2715693056,10,0,2716100504,73232,0,98304,
C0,15.080615,running,27,2797260800,2797260800,10,0,2797672344,73232,0,98304,
C0,15.583046,running,27,2877341696,2877341696,10,0,2877781912,73232,0,98304,
C0,16.085501,running,27,2957099008,2957099008,10,0,2957473688,73232,0,98304,
C0,16.587997,running,27,3026853888,3026853888,10,1007616,3027740568,1097232,0,98304,
C0,17.094431,running,27,3079323648,3079323648,10,3276800,3081410456,3350032,0,98304,
C0,17.616817,running,27,3144192000,3144192000,10,5915008,3144947608,5988240,0,98304,
C0,18.122943,running,27,3205591040,3205591040,10,8469376,3206518680,8542608,0,98304,
C0,18.631062,running,27,3266560000,3266560000,10,11000704,3267049368,11073936,0,98304,
C0,19.137549,running,27,3322564608,3322564608,10,13333888,3323582360,13423504,0,98304,
C0,19.647137,running,27,3384926208,3384926208,10,15963520,3385952152,16044944,0,98304,
C0,20.155793,running,27,3446521856,3446521856,10,18493312,3447707544,18582928,0,98304,
C0,20.667361,running,27,3504652288,3504652288,10,20949376,3505608600,21022608,0,98304,
C0,21.175412,running,27,3563511808,3563511808,10,23406976,3564697496,23480208,0,98304,
C0,21.688941,running,27,3623419904,3623419904,10,25854848,3624298392,25928080,0,98304,
C0,22.197021,running,27,3681099776,3681099776,10,28279680,3681916824,28352912,0,98304,
C0,22.707218,running,27,3734122496,3734122496,10,30473600,3735107480,30546832,0,98304,
C0,23.215408,running,27,3793223680,3793223680,10,32955776,3794368408,33029008,0,98304,
C0,23.725873,running,27,3852521472,3852521472,10,35395456,3853309848,35468688,0,98304,
C0,24.233269,running,27,3918622720,3918622720,10,38138240,3919685528,38211472,0,98304,
C0,24.741504,running,27,3985100800,3985100800,10,40923520,3986024344,41013136,0,98304,
C0,25.249104,running,27,4045668352,4045668352,10,43469696,4046653336,43542928,0,98304,
C0,25.757921,running,27,4109930496,4109930496,10,46097792,4110784408,46195600,0,98304,
C0,26.264591,running,27,4164067328,4164067328,10,48285056,4165113752,48362384,0,106496,
C0,26.773118,running,27,4224569344,4224569344,10,50864000,4225816472,50949520,0,106496,
C0,27.284119,running,27,4282867712,4282867712,10,53305216,4283914136,53415312,0,106496,
C0,27.793656,running,27,4346167296,4346167296,10,55916928,4347053976,55994256,0,106496,
C0,28.300196,running,27,4407664640,4407664640,10,58479488,4408612760,58630544,0,106496,
C0,28.808209,running,27,4468568064,4468568064,10,61010816,4469450648,61096336,0,106496,
C0,29.315728,running,27,4500000000,4500000000,10,62337920,4500186264,62415248,0,106496,
C0,29.827115,running,27,4500000000,4500000000,10,62337920,4500186264,62415248,0,106496,
C0,30.330717,running,27,4500000000,4500000000,10,62337920,4500186264,62415248,0,106496,
C0,30.836124,running,27,4500000000,4500000000,10,62337920,4500186264,62415248,0,106496,
C0,31.340118,running,27,4500000000,4500000000,10,62337920,4500186264,62415248,0,106496,
C0,31.844304,running,27,4500000000,4500000000,10,62337920,4500186264,62415248,0,106496,
C0,32.348922,running,27,4500000000,4500000000,10,62337920,4500186264,62415248,0,106496,
C0,32.852559,running,27,4500000000,4500000000,10,62337920,4500186264,62415248,0,106496,
C0,33.356447,running,27,4500000000,4500000000,10,62337920,4500186264,62415248,0,106496,
C0,33.862962,running,27,4500000000,4500000000,10,62337920,4500186264,62415248,0,106496,
C0,34.367816,running,27,4500000000,4500000000,10,62337920,4500186264,62415248,0,106496,SIGINT
C1,9e-06,running,,,,0,0,1748,0,0,0,
C1,0.502542,running,,,,6,0,145983,43656,0,57344,
C1,1.005752,running,,,,10,0,182899,73232,0,94208,
C1,1.51029,running,27,16138240,16138240,10,0,16574358,73232,0,94208,
C1,2.013121,running,27,54681600,54681600,10,0,54867862,73232,0,94208,
C1,2.515775,running,27,92504064,92504064,10,0,92690326,73232,0,94208,
C1,3.018197,running,27,162660352,162660352,10,0,163190678,73232,0,94208,
C1,3.521191,running,27,317136896,317136896,10,0,317835158,73232,0,94208,
C1,4.024043,running,27,471986176,471986176,10,0,472524694,73232,0,94208,
C1,4.527186,running,27,614957056,614957056,10,0,615143318,73232,0,94208,
C1,5.03044,running,27,748347392,748347392,10,0,748791702,73232,0,94208,
C1,5.533007,running,27,892567552,892567552,10,0,893208470,73232,0,94208,
C1,6.035645,running,27,1040142336,1040142336,10,0,1040836502,73232,0,94208,
C1,6.538701,running,27,1185816576,1185816576,10,0,1186457494,73232,0,94208,
C1,7.041804,running,27,1332162560,1332162560,10,0,1332754326,73232,0,94208,
C1,7.546673,running,27,1472692224,1472692224,10,0,1473140630,73232,0,94208,
C1,8.048761,running,27,1600516096,1600516096,10,0,1600894870,73232,0,94208,
C1,8.551717,running,27,1660592128,1660592128,10,0,1660974998,73232,0,94208,
C1,9.054698,running,27,1711403008,1711403008,10,0,1711720342,73232,0,94208,
C1,9.557716,running,27,1781219328,1781219328,10,0,1781843862,73232,0,94208,
C1,10.06049,running,27,1909424128,1909424128,10,0,1910126486,73232,0,94208,
C1,10.566595,running,27,2047815680,2047815680,10,0,2048415638,73232,0,94208,
C1,11.069303,running,27,2189918208,2189918208,10,0,2190366614,73232,0,94208,
C1,11.571701,running,27,2326749184,2326749184,10,0,2327193494,73232,0,94208,
C1,12.073857,running,27,2414084096,2414084096,10,0,2414397334,73232,0,94208,
C1,12.576161,running,27,2492780544,2492780544,10,0,2493163414,73232,0,94208,
C1,13.078849,running,27,2571194368,2571194368,10,0,2571605910,73232,0,94208,
C1,13.582262,running,27,2635816960,2635816960,10,0,2636261270,73232,0,94208,
C1,14.084715,running,27,2760069120,2760069120,10,0,2760255382,73232,0,94208,
C1,14.587114,running,27,2871492608,2871492608,10,0,2871932822,73232,0,94208,
C1,15.089574,running,27,3006824448,3006824448,10,106496,3007408022,187920,0,94208,
C1,15.597176,running,27,3066437632,3066437632,10,2670592,3067525014,2743824,0,94208,
C1,16.105339,running,27,3128987648,3128987648,10,5267840,3129825174,5349264,0,94208,
C1,16.61221,running,27,3191169024,3191169024,10,7848320,3192256406,7929744,0,94208,
C1,17.120598,running,27,3254222848,3254222848,10,10476416,3255138198,10557840,0,94208,
C1,17.628283,running,27,3316350976,3316350976,10,13096320,3317307286,13169552,0,94208,
C1,18.136579,running,27,3373436928,3373436928,10,15496576,3374225302,15569808,0,94208,
C1,18.643666,running,27,3426168832,3426168832,10,17690496,3426854806,17763728,0,94208,
C1,19.152572,running,27,3486908416,3486908416,10,20197248,3487819670,20286864,0,94208,
C1,19.660701,running,27,3547930624,3547930624,10,22735232,3548977046,22808464,0,94208,
C1,20.169568,running,27,3609460736,3609460736,10,25256832,3610347414,25346448,0,94208,
C1,20.67712,running,27,3670761472,3670761472,10,27837312,3671820182,27959696,0,94208,
C1,21.186392,running,27,3734056960,3734056960,10,30489984,3734869910,30563216,0,94208,
C1,21.693274,running,27,3796357120,3796357120,10,33037760,3797141398,33160080,0,94208,
C1,22.199653,running,27,3849654272,3849654272,10,35248000,3850700694,35345808,0,94208,
C1,22.707926,running,27,3911655424,3911655424,10,37851520,3912730518,37990288,0,94208,
C1,23.216557,running,27,3974234112,3974234112,10,40432000,3974838166,40505232,0,94208,
C1,23.723481,running,27,4034965504,4034965504,10,42969984,4036056982,43059600,0,94208,
C1,24.231847,running,27,4100263936,4100263936,10,45727680,4101179286,45820560,0,94208,
C1,24.739836,running,27,4164894720,4164894720,10,48419264,4166096790,48526224,0,102400,
C1,25.249225,running,27,4231364608,4231364608,10,51134336,4232378262,51236240,0,102400,
C1,25.756903,running,27,4299509760,4299509760,10,53985152,4300552086,54070672,0,102400,
C1,26.264563,running,27,4368322560,4368322560,10,56826240,4369278870,56911760,0,102400,
C1,26.771576,running,27,4436963328,4436963328,10,59691904,4437952406,59777424,0,102400,
C1,27.278898,running,27,4500000000,4500000000,10,62337920,4500186262,62415248,0,102400,
C1,27.787158,running,27,4500000000,4500000000,10,62337920,4500186262,62415248,0,102400,
C1,28.292923,running,27,4500000000,4500000000,10,62337920,4500186262,62415248,0,102400,
C1,28.800999,running,27,4500000000,4500000000,10,62337920,4500186262,62415248,0,102400,
C1,29.305295,running,27,4500000000,4500000000,10,62337920,4500186262,62415248,0,102400,
C1,29.8079,running,27,4500000000,4500000000,10,62337920,4500186262,62415248,0,102400,
C1,30.312892,running,27,4500000000,4500000000,10,62337920,4500186262,62415248,0,102400,
C1,30.818608,running,27,4500000000,4500000000,10,62337920,4500186262,62415248,0,102400,
C1,31.322384,running,27,4500000000,4500000000,10,62337920,4500186262,62415248,0,102400,
C1,31.826418,running,27,4500000000,4500000000,10,62337920,4500186262,62415248,0,102400,
C1,32.331017,running,27,4500000000,4500000000,10,62337920,4500186262,62415248,0,102400,SIGINT
C2,1e-05,running,,,,0,0,1748,0,0,0,
C2,0.503385,running,,,,6,0,145984,43656,0,57344,
C2,1.006231,running,,,,10,0,182900,73232,0,94208,
C2,1.509822,running,27,29958144,29958144,10,0,30488471,73232,0,94208,
C2,2.012332,running,27,162721792,162721792,10,0,163190679,73232,0,94208,
C2,2.51559,running,27,295645184,295645184,10,0,295831447,73232,0,94208,
C2,3.01817,running,27,444989440,444989440,10,0,445491095,73232,0,94208,
C2,3.520336,running,27,598683648,598683648,10,0,599127959,73232,0,94208,
C2,4.022567,running,27,737804288,737804288,10,0,738088855,73232,0,94208,
C2,4.524792,running,27,881156096,881156096,10,0,881727383,73232,0,94208,
C2,5.027042,running,27,1030701056,1030701056,10,0,1031268247,73232,0,94208,
C2,5.529434,running,27,1184907264,1184907264,10,0,1185568663,73232,0,94208,
C2,6.032954,running,27,1344811008,1344811008,10,0,1345439639,73232,0,94208,
C2,6.535911,running,27,1470541824,1470541824,10,0,1471072151,73232,0,94208,
C2,7.038737,running,27,1617395712,1617395712,10,0,1617880983,73232,0,94208,
C2,7.541724,running,27,1767325696,1767325696,10,0,1767995287,73232,0,94208,
C2,8.044555,running,27,1876652032,1876652032,10,0,1876998039,73232,0,94208,
C2,8.547511,running,27,1955016704,1955016704,10,0,1955493783,73232,0,94208,
C2,9.05115,running,27,2063523840,2063523840,10,0,2063869847,73232,0,94208,
C2,9.554575,running,27,2131480576,2131480576,10,0,2132105111,73232,0,94208,
C2,10.057341,running,27,2270920704,2270920704,10,0,2271352727,73232,0,94208,
C2,10.559593,running,27,2411638784,2411638784,10,0,2412140439,73232,0,94208,
C2,11.062942,running,27,2520748032,2520748032,10,0,2521450391,73232,0,94208,
C2,11.571217,running,27,2653085696,2653085696,10,0,2653820823,73232,0,94208,
C2,12.075546,running,27,2794414080,2794414080,10,0,2794862487,73232,0,94208,
C2,12.578343,running,27,2931912704,2931912704,10,0,2932438935,73232,0,94208,
C2,13.080673,running,27,3030159360,3030159360,10,1171456,3031111575,1261072,0,94208,
C2,13.588075,running,27,3091730432,3091730432,10,3735552,3092518807,3816976,0,94208,
C2,14.09509,running,27,3144429568,3144429568,10,5947776,3145316247,6021008,0,94208,
C2,14.603646,running,27,3202732032,3202732032,10,8348288,3203815319,8437904,0,94208,
C2,15.112419,running,27,3265855488,3265855488,10,10984320,3266938775,11065744,0,94208,
C2,15.62205,running,27,3327754240,3327754240,10,13579648,3329070999,13661072,0,94208,
C2,16.131825,running,27,3389853696,3389853696,10,16143744,3390941079,16225168,0,94208,
C2,16.640869,running,27,3451826176,3451826176,10,18739072,3452839831,18812304,0,94208,
C2,17.148865,running,27,3513278464,3513278464,10,21334400,3516442519,21448592,0,94208,
C2,17.745213,running,27,3579650048,3579650048,10,24054144,3580708759,24127376,0,94208,
C2,18.253727,running,27,3642220544,3642220544,10,26649472,3643406231,26730896,0,94208,
C2,18.762867,running,27,3702239232,3702239232,10,29181056,3703023511,29262480,0,94208,
C2,19.270049,running,27,3755638784,3755638784,10,31399296,3756554135,31472528,0,94208,
C2,19.778199,running,27,3808137216,3808137216,10,33570496,3808925591,33666448,0,94208,
C2,20.284777,running,27,3871617024,3871617024,10,36173696,3872749463,36246928,0,94208,
C2,20.794425,running,27,3925331968,3925331968,10,38408576,3926017943,38490000,0,94208,
C2,21.30096,running,27,3977994240,3977994240,10,40587648,3979179927,40660880,0,94208,
C2,21.810597,running,27,4039708672,4039708672,10,43191168,4040648599,43264400,0,94208,
C2,22.31832,running,27,4101644288,4101644288,10,45740928,4102248343,45814160,0,94208,
C2,22.824373,running,27,4166139904,4166139904,10,48416128,4167325591,48509840,0,102400,
C2,23.333806,running,27,4229021696,4229021696,10,51044224,4230109079,51129744,0,102400,
C2,23.84294,running,27,4291387392,4291387392,10,53673856,4292171671,53751184,0,102400,
C2,24.34889,running,27,4352839680,4352839680,10,56220032,4354123671,56354704,0,102400,
C2,24.85919,running,27,4415139840,4415139840,10,58798976,4415952791,58876304,0,102400,
C2,25.365579,running,27,4477636608,4477636608,10,61420416,4478625687,61497744,0,102400,
C2,25.873846,running,27,4500000000,4500000000,10,62337920,4500186263,62415248,0,102400,
C2,26.386346,running,27,4500000000,4500000000,10,62337920,4500186263,62415248,0,102400,
C2,26.890407,running,27,4500000000,4500000000,10,62337920,4500186263,62415248,0,102400,
C2,27.395548,running,27,4500000000,4500000000,10,62337920,4500186263,62415248,0,102400,
C2,27.900486,running,27,4500000000,4500000000,10,62337920,4500186263,62415248,0,102400,
C2,28.404912,running,27,4500000000,4500000000,10,62337920,4500186263,62415248,0,102400,
C2,28.910172,running,27,4500000000,4500000000,10,62337920,4500186263,62415248,0,102400,
C2,29.415795,running,27,4500000000,4500000000,10,62337920,4500186263,62415248,0,102400,
C2,29.921933,running,27,4500000000,4500000000,10,62337920,4500186263,62415248,0,102400,
C2,30.426228,running,27,4500000000,4500000000,10,62337920,4500186263,62415248,0,102400,
C2,30.931874,running,27,4500000000,4500000000,10,62337920,4500186263,62415248,0,102400,SIGINT
C3,1.1e-05,running,,,,0,0,1748,0,0,0,
C3,0.502392,running,,,,6,0,152355,46841,0,61440,
C3,1.005722,running,,,,10,0,182901,73232,0,94208,
C3,1.510881,running,27,16781312,16781312,10,0,16967576,73232,0,94208,
C3,2.013393,running,27,59006976,59006976,10,0,59193240,73232,0,94208,
C3,2.51709,running,27,98017280,98017280,10,0,98203544,73232,0,94208,
C3,3.019933,running,27,140754944,140754944,10,0,140941208,73232,0,94208,
C3,3.522816,running,27,179720192,179720192,10,0,179906456,73232,0,94208,
C3,4.025659,running,27,220344320,220344320,10,0,220911512,73232,0,94208,
C3,4.531802,running,27,326520832,326520832,10,0,326997912,73232,0,94208,
C3,5.034332,running,27,409190400,409190400,10,0,409569176,73232,0,94208,
C3,5.537347,running,27,491978752,491978752,10,0,492423064,73232,0,94208,
C3,6.040064,running,27,573423616,573423616,10,0,573867928,73232,0,94208,
C3,6.543811,running,27,655908864,655908864,10,0,656353176,73232,0,94208,
C3,7.046656,running,27,738115584,738115584,10,0,738559896,73232,0,94208,
C3,7.550449,running,27,818200576,818200576,10,0,818644888,73232,0,94208,
C3,8.053291,running,27,898641920,898641920,10,0,899012504,73232,0,94208,
C3,8.557084,running,27,978239488,978239488,10,0,978749336,73232,0,94208,
C3,9.060232,running,27,1048772608,1048772608,10,0,1048958872,73232,0,94208,
C3,9.564814,running,27,1124438016,1124438016,10,0,1124849560,73232,0,94208,
C3,10.067457,running,27,1205248000,1205248000,10,0,1205659544,73232,0,94208,
C3,10.571276,running,27,1285107712,1285107712,10,0,1285552024,73232,0,94208,
C3,11.074127,running,27,1365147648,1365147648,10,0,1365526424,73232,0,94208,
C3,11.577317,running,27,1442484224,1442484224,10,0,1442961304,73232,0,94208,
C3,12.080549,running,27,1521410048,1521410048,10,0,1521821592,73232,0,94208,
C3,12.583989,running,27,1599582208,1599582208,10,0,1599993752,73232,0,94208,
C3,13.087038,running,27,1667305472,1667305472,10,0,1667684248,73232,0,94208,
C3,13.590605,running,27,1742532608,1742532608,10,0,1743009688,73232,0,94208,
C3,14.093603,running,27,1817055232,1817055232,10,0,1817434008,73232,0,94208,
C3,14.59666,running,27,1895403520,1895403520,10,0,1895847832,73232,0,94208,
C3,15.099504,running,27,1977507840,1977507840,10,0,1977952152,73232,0,94208,
C3,15.603497,running,27,2059255808,2059255808,10,0,2059700120,73232,0,94208,
C3,16.106486,running,27,2121510912,2121510912,10,0,2121824152,73232,0,94208,
C3,16.617994,running,27,2185498624,2185498624,10,0,2185848728,73232,0,94208,
C3,17.1202,running,27,2246303744,2246303744,10,0,2246686616,73232,0,94208,
C3,17.623895,running,27,2309820416,2309820416,10,0,2310133656,73232,0,94208,
C3,18.126084,running,27,2374778880,2374778880,10,0,2375092120,73232,0,94208,
C3,18.629443,running,27,2440077312,2440077312,10,0,2440427416,73232,0,94208,
C3,19.131593,running,27,2505498624,2505498624,10,0,2505815960,73232,0,94208,
C3,19.634375,running,27,2568806400,2568806400,10,0,2569217944,73232,0,94208,
C3,20.137371,running,27,2624450560,2624450560,10,0,2624796568,73232,0,94208,
C3,20.640693,running,27,2689306624,2689306624,10,0,2689681304,73232,0,94208,
C3,21.143012,running,27,2753732608,2753732608,10,0,2754111384,73232,0,94208,
C3,21.646287,running,27,2818220032,2818220032,10,0,2818664344,73232,0,94208,
C3,22.149519,running,27,2882465792,2882465792,10,0,2883073944,73232,0,94208,
C3,22.655524,running,27,2944176128,2944176128,10,0,2944587672,73232,0,94208,
C3,23.158495,running,27,3008024576,3008024576,10,212992,3008612248,286224,0,94208,
C3,23.665079,running,27,3064553472,3064553472,10,2605056,3065370520,2686480,0,94208,
C3,24.171531,running,27,3124256768,3124256768,10,5112192,3125442456,5201808,0,94208,
C3,24.680618,running,27,3186765824,3186765824,10,7717248,3187783576,7815056,0,94208,
C3,25.1891,running,27,3238866944,3238866944,10,9870208,3240253336,10000784,0,94208,
C3,25.702647,running,27,3300487168,3300487168,10,12441728,3301541784,12521360,0,94208,
C3,26.21111,running,27,3362095104,3362095104,10,14980480,3363153816,15061904,0,94208,
C3,26.720061,running,27,3427786752,3427786752,10,17726144,3428726680,17812880,0,94208,
C3,27.227599,running,27,3487850496,3487850496,10,20197248,3488995224,20278672,0,94208,
C3,27.737021,running,27,3548098560,3548098560,10,22751616,3549222808,22824848,0,94208,
C3,28.246277,running,27,3608137728,3608137728,10,25240448,3609118616,25338256,0,94208,
C3,28.754818,running,27,3667836928,3667836928,10,27714432,3669084056,27795856,0,94208,
C3,29.264798,running,27,3727085568,3727085568,10,30170496,3728041880,30251920,0,94208,
C3,29.772238,running,27,3789295616,3789295616,10,32791936,3790411672,32865168,0,94208,
C3,30.281183,running,27,3851464704,3851464704,10,35370880,3852552088,35444112,0,94208,
C3,30.789423,running,27,3914530816,3914530816,10,37986240,3915556760,38072208,0,94208,
C3,31.297487,running,27,3975168000,3975168000,10,40509376,3976054680,40603536,0,94208,
C3,31.805916,running,27,4035731456,4035731456,10,43035520,4036683672,43133328,0,94208,
C3,32.314053,running,27,4101226496,4101226496,10,45732736,4102088600,45814160,0,94208,
C3,32.821172,running,27,4164259840,4164259840,10,48366976,4165314456,48443428,0,98304,
C3,33.329434,running,27,4226457600,4226457600,10,50970496,4227643288,51046948,0,98304,
C3,33.839603,running,27,4279615488,4279615488,10,53165952,4280543128,53250596,0,98304,
C3,34.347673,running,27,4333453312,4333453312,10,55376256,4334143384,55501860,0,98304,
C3,34.854279,running,27,4387553280,4387553280,10,57670016,4388439960,57746468,0,98304,
C3,35.361442,running,27,4452130816,4452130816,10,60347264,4452620184,60423716,0,98304,
C3,35.867836,running,27,4500000000,4500000000,10,62337920,4500186264,62414372,0,98304,
C3,36.381164,running,27,4500000000,4500000000,10,62337920,4500186264,62414372,0,98304,
C3,36.887547,running,27,4500000000,4500000000,10,62337920,4500186264,62414372,0,98304,
C3,37.391946,running,27,4500000000,4500000000,10,62337920,4500186264,62414372,0,98304,
C3,37.896882,running,27,4500000000,4500000000,10,62337920,4500186264,62414372,0,98304,
C3,38.400415,running,27,4500000000,4500000000,10,62337920,4500186264,62414372,0,98304,
C3,38.90471,running,27,4500000000,4500000000,10,62337920,4500186264,62414372,0,98304,
C3,39.40834,running,27,4500000000,4500000000,10,62337920,4500186264,62414372,0,98304,
C3,39.914451,running,27,4500000000,4500000000,10,62337920,4500186264,62414372,0,98304,
C3,40.41819,running,27,4500000000,4500000000,10,62337920,4500186264,62414372,0,98304,
C3,40.923896,running,27,4500000000,4500000000,10,62337920,4500186264,62414372,0,98304,SIGINT
C0_repeat,1e-05,running,,,,0,0,1748,0,0,0,
C0_repeat,0.502488,running,,,,6,0,145985,43656,0,57344,
C0_repeat,1.005538,running,,,,10,0,182901,73232,0,94208,
C0_repeat,1.509687,running,27,15904768,15904768,10,0,16381853,73232,0,94208,
C0_repeat,2.012076,running,27,84545536,84545536,10,0,85047197,73232,0,94208,
C0_repeat,2.51502,running,27,240320512,240320512,10,0,240756637,73232,0,94208,
C0_repeat,3.017451,running,27,392077312,392077312,10,0,392550301,73232,0,94208,
C0_repeat,3.520036,running,27,543219712,543219712,10,0,543799197,73232,0,94208,
C0_repeat,4.022336,running,27,697749504,697749504,10,0,698193821,73232,0,94208,
C0_repeat,4.526521,running,27,827785216,827785216,10,0,828549021,73232,0,94208,
C0_repeat,5.029968,running,27,980492288,980492288,10,0,981120925,73232,0,94208,
C0_repeat,5.533386,running,27,1130532864,1130532864,10,0,1130997661,73232,0,94208,
C0_repeat,6.035817,running,27,1281466368,1281466368,10,0,1282062237,73232,0,94208,
C0_repeat,6.539301,running,27,1411837952,1411837952,10,0,1412282269,73232,0,94208,
C0_repeat,7.042236,running,27,1492049920,1492049920,10,0,1492494237,73232,0,94208,
C0_repeat,7.545429,running,27,1577029632,1577029632,10,0,1577506717,73232,0,94208,
C0_repeat,8.048705,running,27,1667002368,1667002368,10,0,1667446685,73232,0,94208,
C0_repeat,8.551851,running,27,1758367744,1758367744,10,0,1758918557,73232,0,94208,
C0_repeat,9.055044,running,27,1833455616,1833455616,10,0,1834010525,73232,0,94208,
C0_repeat,9.558537,running,27,1920126976,1920126976,10,0,1920571293,73232,0,94208,
C0_repeat,10.061587,running,27,2004041728,2004041728,10,0,2004584349,73232,0,94208,
C0_repeat,10.564623,running,27,2121187328,2121187328,10,0,2121901981,73232,0,94208,
C0_repeat,11.067718,running,27,2213552128,2213552128,10,0,2213963677,73232,0,94208,
C0_repeat,11.570936,running,27,2312183808,2312183808,10,0,2312685469,73232,0,94208,
C0_repeat,12.073854,running,27,2411634688,2411634688,10,0,2412103581,73232,0,94208,
C0_repeat,12.576636,running,27,2508390400,2508390400,10,0,2508830621,73232,0,94208,
C0_repeat,13.079123,running,27,2605371392,2605371392,10,0,2605811613,73232,0,94208,
C0_repeat,13.581731,running,27,2689122304,2689122304,10,0,2689501085,73232,0,94208,
C0_repeat,14.084107,running,27,2770112512,2770112512,10,0,2770425757,73232,0,94208,
C0_repeat,14.586727,running,27,2849787904,2849787904,10,0,2850133917,73232,0,94208,
C0_repeat,15.089003,running,27,2910842880,2910842880,10,0,2911221661,73232,0,94208,
C0_repeat,15.591993,running,27,2989461504,2989461504,10,0,2989873053,73232,0,94208,
C0_repeat,16.095223,running,27,3050156032,3050156032,10,2023424,3050952605,2096656,0,94208,
C0_repeat,16.60248,running,27,3111297024,3111297024,10,4555136,3112253341,4628368,0,94208,
C0_repeat,17.110217,running,27,3172364288,3172364288,10,7094656,3173353373,7167888,0,94208,
C0_repeat,17.618181,running,27,3233464320,3233464320,10,9649024,3234453405,9738640,0,94208,
C0_repeat,18.126306,running,27,3294154752,3294154752,10,12147584,3295041437,12229008,0,94208,
C0_repeat,18.633735,running,27,3355496448,3355496448,10,14759296,3356612509,14832528,0,94208,
C0_repeat,19.142826,running,27,3416924160,3416924160,10,17280896,3417851805,17354128,0,94208,
C0_repeat,19.650482,running,27,3480928256,3480928256,10,19937984,3482011549,20024720,0,94208,
C0_repeat,20.158889,running,27,3543597056,3543597056,10,22555008,3544512413,22644624,0,94208,
C0_repeat,20.666173,running,27,3605032960,3605032960,10,25092992,3606116253,25174416,0,94208,
C0_repeat,21.174308,running,27,3667632128,3667632128,10,27714432,3668518813,27787664,0,94208,
C0_repeat,21.681526,running,27,3730628608,3730628608,10,30326144,3731314589,30399376,0,94208,
C0_repeat,22.187267,running,27,3792728064,3792728064,10,32947584,3793815453,33029008,0,94208,
C0_repeat,22.696262,running,27,3855458304,3855458304,10,35559296,3856713629,35632528,0,94208,
C0_repeat,23.206516,running,27,3918925824,3918925824,10,38162816,3919812509,38236048,0,94208,
C0_repeat,23.713744,running,27,3971727360,3971727360,10,40350080,3972712349,40447888,0,94208,
C0_repeat,24.221739,running,27,4033675264,4033675264,10,42954944,4034590621,43051408,0,94208,
C0_repeat,24.729531,running,27,4095954944,4095954944,10,45517696,4097116061,45607312,0,94208,
C0_repeat,25.238758,running,27,4158390272,4158390272,10,48121216,4159260573,48198544,0,102400,
C0_repeat,25.747193,running,27,4219830272,4219830272,10,50708352,4220913565,50793872,0,102400,
C0_repeat,26.256417,running,27,4280971264,4280971264,10,53256064,4281915293,53341584,0,102400,
C0_repeat,26.764229,running,27,4342226944,4342226944,10,55785856,4343314333,55863184,0,102400,
C0_repeat,27.27303,running,27,4403818496,4403818496,10,58325632,4404815773,58466704,0,102400,
C0_repeat,27.782312,running,27,4463554560,4463554560,10,60838784,4464641949,60916112,0,102400,
C0_repeat,28.291968,running,27,4500000000,4500000000,10,62337920,4500186269,62415248,0,102400,
C0_repeat,28.802647,running,27,4500000000,4500000000,10,62337920,4500186269,62415248,0,102400,
C0_repeat,29.30735,running,27,4500000000,4500000000,10,62337920,4500186269,62415248,0,102400,
C0_repeat,29.812366,running,27,4500000000,4500000000,10,62337920,4500186269,62415248,0,102400,
C0_repeat,30.316648,running,27,4500000000,4500000000,10,62337920,4500186269,62415248,0,102400,
C0_repeat,30.821184,running,27,4500000000,4500000000,10,62337920,4500186269,62415248,0,102400,
C0_repeat,31.325624,running,27,4500000000,4500000000,10,62337920,4500186269,62415248,0,102400,
C0_repeat,31.831021,running,27,4500000000,4500000000,10,62337920,4500186269,62415248,0,102400,
C0_repeat,32.334744,running,27,4500000000,4500000000,10,62337920,4500186269,62415248,0,102400,
C0_repeat,32.838409,running,27,4500000000,4500000000,10,62337920,4500186269,62415248,0,102400,
C0_repeat,33.344056,running,27,4500000000,4500000000,10,62337920,4500186269,62415248,0,102400,SIGINT
