window_start_s,window_end_s,combined_score,diagnostic_threshold,diagnostic_alarm
0.0,1.0,45.65955176515175,1.7693133951565987,1
0.5,1.5,33.27201562136749,1.7693133951565987,1
1.0,2.0,22.71044172678479,1.7693133951565987,1
1.5,2.5,20.413733662078236,1.7693133951565987,1
2.0,3.0,21.62752375426671,1.7693133951565987,1
2.5,3.5,16.928799389849765,1.7693133951565987,1
3.0,4.0,26.417623330659502,1.7693133951565987,1
3.5,4.5,23.357632149747545,1.7693133951565987,1
4.0,5.0,16.345371122339635,1.7693133951565987,1
4.5,5.5,15.101715701102773,1.7693133951565987,1
5.0,6.0,13.127568473847248,1.7693133951565987,1
5.5,6.5,13.973545442582845,1.7693133951565987,1
6.0,7.0,13.096130830799378,1.7693133951565987,1
6.5,7.5,13.393017689153467,1.7693133951565987,1
7.0,8.0,11.560854131688124,1.7693133951565987,1
7.5,8.5,11.894536939043398,1.7693133951565987,1
8.0,9.0,10.752363446069454,1.7693133951565987,1
8.5,9.5,10.440478371969634,1.7693133951565987,1
9.0,10.0,8.032183116521155,1.7693133951565987,1
9.5,10.5,8.525758447536033,1.7693133951565987,1
10.0,11.0,7.569135873218875,1.7693133951565987,1
10.5,11.5,6.350020440506252,1.7693133951565987,1
11.0,12.0,9.246024081105556,1.7693133951565987,1
11.5,12.5,8.756793500045058,1.7693133951565987,1
12.0,13.0,5.228857788664582,1.7693133951565987,1
12.5,13.5,2.1136893686959963,1.7693133951565987,1
13.0,14.0,1.0900658288002794,1.7693133951565987,0
13.5,14.5,2.1523158095836186,1.7693133951565987,1
14.0,15.0,0.7270236206698316,1.7693133951565987,0
14.5,15.5,0.5623954921176942,1.7693133951565987,0
15.0,16.0,0.07506616590721754,1.7693133951565987,0
15.5,16.5,0.06633916629413877,1.7693133951565987,0
16.0,17.0,0.5736656197325883,1.7693133951565987,0
16.5,17.5,2.065536492667846,1.7693133951565987,1
17.0,18.0,1.121078591540696,1.7693133951565987,0
17.5,18.5,1.272519723192011,1.7693133951565987,0
18.0,19.0,0.4258192306642881,1.7693133951565987,0
18.5,19.5,0.25167366729117435,1.7693133951565987,0
19.0,20.0,1.1606864639927146,1.7693133951565987,0
19.5,20.5,0.1692926946150269,1.7693133951565987,0
20.0,21.0,2.3278001900061978,1.7693133951565987,1
20.5,21.5,0.5393600999035457,1.7693133951565987,0
21.0,22.0,0.730308845880092,1.7693133951565987,0
21.5,22.5,0.8692968609420051,1.7693133951565987,0
22.0,23.0,0.0,1.7693133951565987,0
22.5,23.5,1.8701747790565435,1.7693133951565987,1
23.0,24.0,0.12392537771127096,1.7693133951565987,0
23.5,24.5,1.503525793802595,1.7693133951565987,0
24.0,25.0,0.6343254535653619,1.7693133951565987,0
24.5,25.5,1.5009609142346256,1.7693133951565987,0
25.0,26.0,1.229098148104192,1.7693133951565987,0
25.5,26.5,2.2251249763411516,1.7693133951565987,1
26.0,27.0,1.4561437869711127,1.7693133951565987,0
26.5,27.5,1.33340483313708,1.7693133951565987,0
27.0,28.0,0.34339990167454915,1.7693133951565987,0
27.5,28.5,0.0,1.7693133951565987,0
28.0,29.0,0.22613655149080977,1.7693133951565987,0
28.5,29.5,1.8362904130693738,1.7693133951565987,1
29.0,30.0,0.10638840681370071,1.7693133951565987,0
29.5,30.5,0.9682881617145181,1.7693133951565987,0
30.0,31.0,0.5599449510241625,1.7693133951565987,0
30.5,31.5,0.0,1.7693133951565987,0
31.0,32.0,0.9068074870384415,1.7693133951565987,0
31.5,32.5,0.417267916065368,1.7693133951565987,0
32.0,33.0,1.6712797625991345,1.7693133951565987,0
32.5,33.5,1.2258504398007575,1.7693133951565987,0
33.0,34.0,1.6046296087676057,1.7693133951565987,0
33.5,34.5,0.28642926002441393,1.7693133951565987,0
34.0,35.0,1.1271728703365953,1.7693133951565987,0
34.5,35.5,1.025777493365625,1.7693133951565987,0
35.0,36.0,1.9657586604323543,1.7693133951565987,1
35.5,36.5,0.9811722581923307,1.7693133951565987,0
36.0,37.0,0.0550216800290545,1.7693133951565987,0
36.5,37.5,0.31670815653297396,1.7693133951565987,0
37.0,38.0,0.2002358566654856,1.7693133951565987,0
37.5,38.5,0.2568110408958111,1.7693133951565987,0
38.0,39.0,0.4088656261805252,1.7693133951565987,0
38.5,39.5,1.9251030153342825,1.7693133951565987,1
39.0,40.0,0.8364754836207764,1.7693133951565987,0
39.5,40.5,1.5169198777225636,1.7693133951565987,0
40.0,41.0,1.283727016102122,1.7693133951565987,0
40.5,41.5,0.645042469764909,1.7693133951565987,0
41.0,42.0,0.5046531963148991,1.7693133951565987,0
41.5,42.5,1.127891657668138,1.7693133951565987,0
42.0,43.0,0.9290908088702041,1.7693133951565987,0
42.5,43.5,0.9079177296968224,1.7693133951565987,0
43.0,44.0,1.2237808513396389,1.7693133951565987,0
43.5,44.5,0.0,1.7693133951565987,0
44.0,45.0,0.6533522574081466,1.7693133951565987,0
44.5,45.5,0.9024224222006874,1.7693133951565987,0
45.0,46.0,0.09938548582467431,1.7693133951565987,0
45.5,46.5,0.0913848062574663,1.7693133951565987,0
46.0,47.0,1.0677084032369688,1.7693133951565987,0
46.5,47.5,0.7016816520721535,1.7693133951565987,0
47.0,48.0,0.41730775159567735,1.7693133951565987,0
47.5,48.5,0.9347324234813594,1.7693133951565987,0
48.0,49.0,1.6384088506273802,1.7693133951565987,0
48.5,49.5,0.30165774283248836,1.7693133951565987,0
49.0,50.0,0.775149535711641,1.7693133951565987,0
49.5,50.5,0.43688044574545487,1.7693133951565987,0
50.0,51.0,0.0,1.7693133951565987,0
50.5,51.5,0.7713639196067168,1.7693133951565987,0
51.0,52.0,1.1873727047547717,1.7693133951565987,0
51.5,52.5,0.7824121992244281,1.7693133951565987,0
52.0,53.0,0.42859208609370897,1.7693133951565987,0
52.5,53.5,0.7086423156827217,1.7693133951565987,0
53.0,54.0,0.37252348717622297,1.7693133951565987,0
53.5,54.5,0.3664294723734285,1.7693133951565987,0
54.0,55.0,0.844130782543004,1.7693133951565987,0
54.5,55.5,1.5121229007977344,1.7693133951565987,0
55.0,56.0,0.9247842647384514,1.7693133951565987,0
55.5,56.5,1.0805120796954262,1.7693133951565987,0
56.0,57.0,1.2548707466807902,1.7693133951565987,0
56.5,57.5,0.10923907088846985,1.7693133951565987,0
57.0,58.0,0.11990504966178725,1.7693133951565987,0
57.5,58.5,0.3673666955415836,1.7693133951565987,0
58.0,59.0,0.000997477568529771,1.7693133951565987,0
58.5,59.5,0.24472727977181458,1.7693133951565987,0
59.0,60.0,1.4781426005010179,1.7693133951565987,0
59.5,60.5,0.0,1.7693133951565987,0
60.0,61.0,0.7612056132830491,1.7693133951565987,0
60.5,61.5,1.4513939232768769,1.7693133951565987,0
61.0,62.0,0.8578664024215883,1.7693133951565987,0
61.5,62.5,0.9702090219786045,1.7693133951565987,0
62.0,63.0,0.7053155743589349,1.7693133951565987,0
62.5,63.5,0.5875132745089117,1.7693133951565987,0
63.0,64.0,1.1148648845189746,1.7693133951565987,0
63.5,64.5,0.0,1.7693133951565987,0
64.0,65.0,0.08071069970138879,1.7693133951565987,0
64.5,65.5,1.2700371225621288,1.7693133951565987,0
65.0,66.0,1.571741940490013,1.7693133951565987,0
65.5,66.5,0.7428857525976384,1.7693133951565987,0
66.0,67.0,1.0123253634300768,1.7693133951565987,0
66.5,67.5,0.6642426413660605,1.7693133951565987,0
67.0,68.0,1.0808363028943715,1.7693133951565987,0
67.5,68.5,1.0396978664444623,1.7693133951565987,0
68.0,69.0,1.3428170475152923,1.7693133951565987,0
68.5,69.5,1.8069168085219558,1.7693133951565987,1
69.0,70.0,0.3025588843294675,1.7693133951565987,0
69.5,70.5,1.8478290457218534,1.7693133951565987,1
70.0,71.0,0.6245499036566419,1.7693133951565987,0
70.5,71.5,0.0,1.7693133951565987,0
71.0,72.0,0.0,1.7693133951565987,0
71.5,72.5,1.242256826315015,1.7693133951565987,0
72.0,73.0,0.5551573142555608,1.7693133951565987,0
72.5,73.5,0.0,1.7693133951565987,0
73.0,74.0,0.40884139421612337,1.7693133951565987,0
73.5,74.5,0.698449902677957,1.7693133951565987,0
74.0,75.0,1.15585818777332,1.7693133951565987,0
74.5,75.5,1.0484126797292115,1.7693133951565987,0
75.0,76.0,0.9434111103265669,1.7693133951565987,0
75.5,76.5,0.9106167045877884,1.7693133951565987,0
76.0,77.0,1.5323188247057933,1.7693133951565987,0
76.5,77.5,0.571058170509032,1.7693133951565987,0
77.0,78.0,0.8604422270499781,1.7693133951565987,0
77.5,78.5,0.2073705898234225,1.7693133951565987,0
78.0,79.0,1.6327231964618,1.7693133951565987,0
78.5,79.5,0.356387217647074,1.7693133951565987,0
79.0,80.0,1.3460925304818094,1.7693133951565987,0
79.5,80.5,0.8251815980739259,1.7693133951565987,0
80.0,81.0,0.9675863656477207,1.7693133951565987,0
80.5,81.5,0.5827725007954707,1.7693133951565987,0
81.0,82.0,1.1821828549657127,1.7693133951565987,0
81.5,82.5,0.28038732861352966,1.7693133951565987,0
82.0,83.0,0.5170391413420308,1.7693133951565987,0
82.5,83.5,1.2690646016591998,1.7693133951565987,0
83.0,84.0,1.1795108688436684,1.7693133951565987,0
83.5,84.5,1.9039946404348793,1.7693133951565987,1
84.0,85.0,0.8949170461533857,1.7693133951565987,0
84.5,85.5,0.1791716053701671,1.7693133951565987,0
85.0,86.0,0.900755188830992,1.7693133951565987,0
85.5,86.5,1.2200887021936306,1.7693133951565987,0
86.0,87.0,0.4875328112437828,1.7693133951565987,0
86.5,87.5,1.4553982188908445,1.7693133951565987,0
87.0,88.0,1.7794244058145603,1.7693133951565987,1
87.5,88.5,1.083318932300661,1.7693133951565987,0
88.0,89.0,1.4919442794262372,1.7693133951565987,0
88.5,89.5,0.9804679791307042,1.7693133951565987,0
89.0,90.0,1.077799216681167,1.7693133951565987,0
89.5,90.5,1.1911143812721159,1.7693133951565987,0
90.0,91.0,0.571190730937182,1.7693133951565987,0
90.5,91.5,0.14536579354193144,1.7693133951565987,0
91.0,92.0,0.3104400895829434,1.7693133951565987,0
91.5,92.5,0.8489728020109865,1.7693133951565987,0
92.0,93.0,1.1989456650382515,1.7693133951565987,0
92.5,93.5,0.2221792922581943,1.7693133951565987,0
93.0,94.0,1.0277931452109215,1.7693133951565987,0
93.5,94.5,0.5886099865684518,1.7693133951565987,0
94.0,95.0,0.03723619031764117,1.7693133951565987,0
94.5,95.5,0.4883518683404748,1.7693133951565987,0
95.0,96.0,0.08510673589580678,1.7693133951565987,0
95.5,96.5,0.799069789553909,1.7693133951565987,0
96.0,97.0,1.9529321154574273,1.7693133951565987,1
96.5,97.5,0.03580535627944122,1.7693133951565987,0
97.0,98.0,1.3037516884542708,1.7693133951565987,0
97.5,98.5,1.443901285180985,1.7693133951565987,0
98.0,99.0,0.42640091505991823,1.7693133951565987,0
98.5,99.5,0.8147616330628047,1.7693133951565987,0
99.0,100.0,0.28502050624060393,1.7693133951565987,0
99.5,100.5,1.2979176622652566,1.7693133951565987,0
100.0,101.0,1.2114127477988093,1.7693133951565987,0
100.5,101.5,1.4555729142987859,1.7693133951565987,0
101.0,102.0,0.1484941893728462,1.7693133951565987,0
101.5,102.5,0.11481781155971249,1.7693133951565987,0
102.0,103.0,0.5481645594766313,1.7693133951565987,0
102.5,103.5,0.4554746989061134,1.7693133951565987,0
103.0,104.0,0.5027177489205886,1.7693133951565987,0
103.5,104.5,0.4759231315749621,1.7693133951565987,0
104.0,105.0,0.8194456463639734,1.7693133951565987,0
104.5,105.5,0.34390070541206114,1.7693133951565987,0
105.0,106.0,0.7362398008490101,1.7693133951565987,0
105.5,106.5,0.5340174342573325,1.7693133951565987,0
106.0,107.0,0.6551099386601286,1.7693133951565987,0
106.5,107.5,0.4198197139038481,1.7693133951565987,0
107.0,108.0,0.5296429641036696,1.7693133951565987,0
107.5,108.5,1.1463675469160672,1.7693133951565987,0
108.0,109.0,0.5440775459265271,1.7693133951565987,0
108.5,109.5,1.3941397386201124,1.7693133951565987,0
109.0,110.0,1.0423870255257206,1.7693133951565987,0
109.5,110.5,0.4921731952306819,1.7693133951565987,0
110.0,111.0,0.0,1.7693133951565987,0
110.5,111.5,0.1555419874165008,1.7693133951565987,0
111.0,112.0,0.3044534506298349,1.7693133951565987,0
111.5,112.5,0.0,1.7693133951565987,0
112.0,113.0,0.17965253653776195,1.7693133951565987,0
112.5,113.5,0.7193506468082779,1.7693133951565987,0
113.0,114.0,1.5449062217740797,1.7693133951565987,0
113.5,114.5,1.058505665958476,1.7693133951565987,0
114.0,115.0,1.1980284946543838,1.7693133951565987,0
114.5,115.5,0.0,1.7693133951565987,0
115.0,116.0,0.0,1.7693133951565987,0
115.5,116.5,0.6095838884806845,1.7693133951565987,0
116.0,117.0,0.1088500626417817,1.7693133951565987,0
116.5,117.5,0.8191801517034931,1.7693133951565987,0
117.0,118.0,0.40271459759592654,1.7693133951565987,0
117.5,118.5,0.7422397966687467,1.7693133951565987,0
118.0,119.0,0.6507805525179486,1.7693133951565987,0
118.5,119.5,0.529126040560248,1.7693133951565987,0
119.0,120.0,0.302374055872087,1.7693133951565987,0
119.5,120.5,0.0019279958242127853,1.7693133951565987,0
120.0,121.0,0.7145705839181777,1.7693133951565987,0
120.5,121.5,0.9424255855032596,1.7693133951565987,0
121.0,122.0,0.5136814394856271,1.7693133951565987,0
121.5,122.5,0.09028315758013694,1.7693133951565987,0
122.0,123.0,1.3494435149039272,1.7693133951565987,0
122.5,123.5,0.3810160407886522,1.7693133951565987,0
123.0,124.0,1.504831656289162,1.7693133951565987,0
123.5,124.5,0.991414109701394,1.7693133951565987,0
124.0,125.0,1.379669280693111,1.7693133951565987,0
124.5,125.5,0.80026101035744,1.7693133951565987,0
125.0,126.0,1.0584984558828738,1.7693133951565987,0
125.5,126.5,5.64707177805312,1.7693133951565987,1
126.0,127.0,5.252979872996546,1.7693133951565987,1
126.5,127.5,4.355027399496486,1.7693133951565987,1
127.0,128.0,1.1527210505988177,1.7693133951565987,0
127.5,128.5,1.9233758245347992,1.7693133951565987,1
128.0,129.0,3.385941020378562,1.7693133951565987,1
128.5,129.5,3.1175708820220507,1.7693133951565987,1
129.0,130.0,2.703319734466062,1.7693133951565987,1
129.5,130.5,3.2964365898844736,1.7693133951565987,1
130.0,131.0,4.786289714278831,1.7693133951565987,1
130.5,131.5,3.527869355628321,1.7693133951565987,1
131.0,132.0,3.3695088446403196,1.7693133951565987,1
131.5,132.5,2.1681460150733676,1.7693133951565987,1
132.0,133.0,2.598608034461856,1.7693133951565987,1
132.5,133.5,2.614381628999479,1.7693133951565987,1
133.0,134.0,2.358567147860568,1.7693133951565987,1
133.5,134.5,2.3152135169852377,1.7693133951565987,1
134.0,135.0,3.093463644517731,1.7693133951565987,1
134.5,135.5,2.3078365027219405,1.7693133951565987,1
135.0,136.0,2.5627435890437615,1.7693133951565987,1
135.5,136.5,3.1393724851010743,1.7693133951565987,1
136.0,137.0,4.955749933293706,1.7693133951565987,1
136.5,137.5,3.0041320389524153,1.7693133951565987,1
137.0,138.0,2.6498397441220423,1.7693133951565987,1
137.5,138.5,1.4180067025616026,1.7693133951565987,0
138.0,139.0,2.308244736906296,1.7693133951565987,1
138.5,139.5,1.2251763818960946,1.7693133951565987,0
139.0,140.0,2.3676759371165446,1.7693133951565987,1
139.5,140.5,2.663964501218943,1.7693133951565987,1
140.0,141.0,1.3316335340871395,1.7693133951565987,0
140.5,141.5,1.6002521744259577,1.7693133951565987,0
141.0,142.0,2.668266142707367,1.7693133951565987,1
141.5,142.5,2.086660439079307,1.7693133951565987,1
142.0,143.0,2.9049187546652275,1.7693133951565987,1
142.5,143.5,2.2915612532964613,1.7693133951565987,1
143.0,144.0,1.5304097407025659,1.7693133951565987,0
143.5,144.5,1.7179397792879698,1.7693133951565987,0
144.0,145.0,2.726421510343947,1.7693133951565987,1
144.5,145.5,1.9042629105038031,1.7693133951565987,1
145.0,146.0,1.9062441177358647,1.7693133951565987,1
145.5,146.5,0.0,1.7693133951565987,0
146.0,147.0,1.2161458686686668,1.7693133951565987,0
146.5,147.5,2.108654523209669,1.7693133951565987,1
147.0,148.0,2.5688291607003118,1.7693133951565987,1
147.5,148.5,2.3617233738592325,1.7693133951565987,1
148.0,149.0,3.402630880304538,1.7693133951565987,1
148.5,149.5,2.9362771059376644,1.7693133951565987,1
149.0,150.0,3.4042186425993064,1.7693133951565987,1
149.5,150.5,0.764630304605251,1.7693133951565987,0
150.0,151.0,0.8442988064842212,1.7693133951565987,0
150.5,151.5,2.1852952222859794,1.7693133951565987,1
151.0,152.0,1.5211976983592745,1.7693133951565987,0
151.5,152.5,1.5017627502278705,1.7693133951565987,0
152.0,153.0,2.3084592226711487,1.7693133951565987,1
152.5,153.5,2.896332727103165,1.7693133951565987,1
153.0,154.0,2.823698524430657,1.7693133951565987,1
153.5,154.5,2.215798926645035,1.7693133951565987,1
154.0,155.0,1.0295475135255066,1.7693133951565987,0
154.5,155.5,0.9591085617496721,1.7693133951565987,0
155.0,156.0,1.5309346470878125,1.7693133951565987,0
155.5,156.5,1.7471894111869921,1.7693133951565987,0
156.0,157.0,2.4936404163904586,1.7693133951565987,1
156.5,157.5,2.1092771770600716,1.7693133951565987,1
157.0,158.0,1.6381594387591272,1.7693133951565987,0
157.5,158.5,2.608557507150997,1.7693133951565987,1
158.0,159.0,1.9394807201750959,1.7693133951565987,1
158.5,159.5,3.4734371446254415,1.7693133951565987,1
159.0,160.0,3.827703415327797,1.7693133951565987,1
159.5,160.5,2.375562181287693,1.7693133951565987,1
160.0,161.0,2.3855872222794705,1.7693133951565987,1
160.5,161.5,3.9270851166536374,1.7693133951565987,1
161.0,162.0,2.5514794462969337,1.7693133951565987,1
161.5,162.5,2.78611494829755,1.7693133951565987,1
162.0,163.0,2.8393046553029135,1.7693133951565987,1
162.5,163.5,1.8751201842263865,1.7693133951565987,1
163.0,164.0,1.0832346735713796,1.7693133951565987,0
163.5,164.5,1.4195127106685606,1.7693133951565987,0
164.0,165.0,2.1512080088390855,1.7693133951565987,1
164.5,165.5,3.028888725773929,1.7693133951565987,1
165.0,166.0,4.243906324295318,1.7693133951565987,1
165.5,166.5,3.5549306611261495,1.7693133951565987,1
166.0,167.0,0.9426522864513632,1.7693133951565987,0
166.5,167.5,1.4044166343928297,1.7693133951565987,0
167.0,168.0,1.6612696747851605,1.7693133951565987,0
167.5,168.5,1.3721043540081703,1.7693133951565987,0
168.0,169.0,1.7059241019218092,1.7693133951565987,0
168.5,169.5,2.0255406043566118,1.7693133951565987,1
169.0,170.0,3.238480979027753,1.7693133951565987,1
169.5,170.5,2.2232095371989473,1.7693133951565987,1
170.0,171.0,2.4511078341838775,1.7693133951565987,1
170.5,171.5,1.9898709124101663,1.7693133951565987,1
171.0,172.0,3.3522664612728192,1.7693133951565987,1
171.5,172.5,3.917917426286887,1.7693133951565987,1
172.0,173.0,2.213649136586147,1.7693133951565987,1
172.5,173.5,1.4392665334746888,1.7693133951565987,0
173.0,174.0,2.0361511363831983,1.7693133951565987,1
173.5,174.5,3.177881487409248,1.7693133951565987,1
174.0,175.0,2.2504221009772167,1.7693133951565987,1
174.5,175.5,1.1321536254173519,1.7693133951565987,0
175.0,176.0,1.6710261417349777,1.7693133951565987,0
175.5,176.5,2.6819291176193505,1.7693133951565987,1
176.0,177.0,2.9622614397097005,1.7693133951565987,1
176.5,177.5,4.007116473832333,1.7693133951565987,1
177.0,178.0,3.8323193564867397,1.7693133951565987,1
177.5,178.5,3.7750413237607487,1.7693133951565987,1
178.0,179.0,2.983636721185031,1.7693133951565987,1
178.5,179.5,3.177956585079024,1.7693133951565987,1
179.0,180.0,3.177783064556223,1.7693133951565987,1
179.5,180.5,1.5722189092504582,1.7693133951565987,0
180.0,181.0,0.8725429242995077,1.7693133951565987,0
180.5,181.5,2.0790112673119245,1.7693133951565987,1
181.0,182.0,2.159967373781629,1.7693133951565987,1
181.5,182.5,2.995941833478132,1.7693133951565987,1
182.0,183.0,3.335936564603661,1.7693133951565987,1
182.5,183.5,2.038286275094357,1.7693133951565987,1
183.0,184.0,2.513060293364269,1.7693133951565987,1
183.5,184.5,3.4187567024600716,1.7693133951565987,1
184.0,185.0,4.301387786563989,1.7693133951565987,1
184.5,185.5,3.2831061454587207,1.7693133951565987,1
185.0,186.0,3.2977615300000114,1.7693133951565987,1
185.5,186.5,2.467323971905371,1.7693133951565987,1
186.0,187.0,2.338398956220036,1.7693133951565987,1
186.5,187.5,1.9947046994574809,1.7693133951565987,1
187.0,188.0,0.4237750380780465,1.7693133951565987,0
187.5,188.5,3.3288221695240714,1.7693133951565987,1
188.0,189.0,2.3251852427838697,1.7693133951565987,1
188.5,189.5,2.5711260692107403,1.7693133951565987,1
189.0,190.0,1.5705308262691013,1.7693133951565987,0
189.5,190.5,2.5026917273432288,1.7693133951565987,1
190.0,191.0,1.6642135714161337,1.7693133951565987,0
190.5,191.5,2.6918911620163293,1.7693133951565987,1
191.0,192.0,1.5772431100210675,1.7693133951565987,0
191.5,192.5,1.6505821305935697,1.7693133951565987,0
192.0,193.0,2.580647279442632,1.7693133951565987,1
192.5,193.5,1.6185705597561615,1.7693133951565987,0
193.0,194.0,1.1685008852233651,1.7693133951565987,0
193.5,194.5,1.8333503873219241,1.7693133951565987,1
194.0,195.0,4.739821101639408,1.7693133951565987,1
194.5,195.5,3.963824779018597,1.7693133951565987,1
195.0,196.0,2.8362505598979704,1.7693133951565987,1
195.5,196.5,1.3401075343809752,1.7693133951565987,0
196.0,197.0,2.3184912413935868,1.7693133951565987,1
196.5,197.5,3.1774994139948243,1.7693133951565987,1
197.0,198.0,3.5417926565018774,1.7693133951565987,1
197.5,198.5,2.2174171873980004,1.7693133951565987,1
198.0,199.0,0.0,1.7693133951565987,0
198.5,199.5,2.238302708059036,1.7693133951565987,1
199.0,200.0,2.250827813066692,1.7693133951565987,1
199.5,200.5,1.5983788907311471,1.7693133951565987,0
200.0,201.0,1.797214196478576,1.7693133951565987,1
200.5,201.5,2.710941233700022,1.7693133951565987,1
201.0,202.0,3.394682964106086,1.7693133951565987,1
201.5,202.5,2.181889451990751,1.7693133951565987,1
202.0,203.0,0.957226523780123,1.7693133951565987,0
202.5,203.5,2.2804257598110915,1.7693133951565987,1
203.0,204.0,2.4194471497585264,1.7693133951565987,1
203.5,204.5,1.5941632696601187,1.7693133951565987,0
204.0,205.0,3.926768480973064,1.7693133951565987,1
204.5,205.5,1.3378576297441918,1.7693133951565987,0
205.0,206.0,1.1265423885205512,1.7693133951565987,0
205.5,206.5,0.8406337612695175,1.7693133951565987,0
206.0,207.0,1.6184842622709894,1.7693133951565987,0
206.5,207.5,1.0959386638780504,1.7693133951565987,0
207.0,208.0,1.2599274614302147,1.7693133951565987,0
207.5,208.5,1.3454218701436675,1.7693133951565987,0
208.0,209.0,1.9699019787275223,1.7693133951565987,1
208.5,209.5,2.6517157910956524,1.7693133951565987,1
209.0,210.0,3.7407026495628872,1.7693133951565987,1
209.5,210.5,1.8600991562360196,1.7693133951565987,1
210.0,211.0,2.8139352582605346,1.7693133951565987,1
210.5,211.5,1.6539263538753028,1.7693133951565987,0
211.0,212.0,1.0325444121820755,1.7693133951565987,0
211.5,212.5,2.678823955001752,1.7693133951565987,1
212.0,213.0,1.55731120155418,1.7693133951565987,0
212.5,213.5,2.7466957481480194,1.7693133951565987,1
213.0,214.0,1.7337823620515802,1.7693133951565987,0
213.5,214.5,2.7111550037869927,1.7693133951565987,1
214.0,215.0,1.9833173149076453,1.7693133951565987,1
214.5,215.5,2.149303972892751,1.7693133951565987,1
215.0,216.0,3.4462981721345383,1.7693133951565987,1
215.5,216.5,2.806312465358306,1.7693133951565987,1
216.0,217.0,2.6732483828848834,1.7693133951565987,1
216.5,217.5,2.885960540962597,1.7693133951565987,1
217.0,218.0,2.7480859196844794,1.7693133951565987,1
217.5,218.5,0.2571029863278506,1.7693133951565987,0
218.0,219.0,1.3324633700198985,1.7693133951565987,0
218.5,219.5,1.8763210320870791,1.7693133951565987,1
219.0,220.0,1.9676421012657335,1.7693133951565987,1
219.5,220.5,1.9053004743964745,1.7693133951565987,1
220.0,221.0,1.3749587031362578,1.7693133951565987,0
220.5,221.5,2.2665838677262586,1.7693133951565987,1
221.0,222.0,3.6744566534986185,1.7693133951565987,1
221.5,222.5,2.5844719693085296,1.7693133951565987,1
222.0,223.0,1.6134678632889599,1.7693133951565987,0
222.5,223.5,0.7800263027219897,1.7693133951565987,0
223.0,224.0,2.3219287720911286,1.7693133951565987,1
223.5,224.5,1.961103525105821,1.7693133951565987,1
224.0,225.0,1.627808851786314,1.7693133951565987,0
224.5,225.5,1.5194745641337275,1.7693133951565987,0
225.0,226.0,2.0457602864926874,1.7693133951565987,1
225.5,226.5,1.672855734139784,1.7693133951565987,0
226.0,227.0,2.385017236584514,1.7693133951565987,1
226.5,227.5,5.735664498886221,1.7693133951565987,1
227.0,228.0,3.5895444197977597,1.7693133951565987,1
227.5,228.5,2.801085517084722,1.7693133951565987,1
228.0,229.0,1.7481662184709954,1.7693133951565987,0
228.5,229.5,3.698027813695239,1.7693133951565987,1
229.0,230.0,3.4168389551159044,1.7693133951565987,1
229.5,230.5,2.8478723312400414,1.7693133951565987,1
230.0,231.0,1.6016607710064346,1.7693133951565987,0
230.5,231.5,1.4537472350406448,1.7693133951565987,0
231.0,232.0,1.7324784669703255,1.7693133951565987,0
231.5,232.5,1.5908393313962628,1.7693133951565987,0
232.0,233.0,2.232774834431501,1.7693133951565987,1
232.5,233.5,2.2256589561728686,1.7693133951565987,1
233.0,234.0,1.1455040810601547,1.7693133951565987,0
233.5,234.5,1.3694553825071702,1.7693133951565987,0
234.0,235.0,1.9430727819079079,1.7693133951565987,1
234.5,235.5,2.695355555796844,1.7693133951565987,1
235.0,236.0,2.2131412381371307,1.7693133951565987,1
235.5,236.5,1.6562521910520522,1.7693133951565987,0
236.0,237.0,1.6671120000916502,1.7693133951565987,0
236.5,237.5,0.8659344958197414,1.7693133951565987,0
237.0,238.0,2.792345501057347,1.7693133951565987,1
237.5,238.5,1.7428226902615256,1.7693133951565987,0
238.0,239.0,2.31839788271095,1.7693133951565987,1
238.5,239.5,2.7508313786165375,1.7693133951565987,1
239.0,240.0,0.7658079717580304,1.7693133951565987,0
239.5,240.5,2.766717282427635,1.7693133951565987,1
240.0,241.0,1.1056112232870727,1.7693133951565987,0
240.5,241.5,2.0170710130994767,1.7693133951565987,1
241.0,242.0,1.4075779740955405,1.7693133951565987,0
241.5,242.5,2.642369108396943,1.7693133951565987,1
242.0,243.0,0.4827947997418477,1.7693133951565987,0
242.5,243.5,1.4166869822434682,1.7693133951565987,0
243.0,244.0,2.440726159776164,1.7693133951565987,1
243.5,244.5,3.0173359332835235,1.7693133951565987,1
244.0,245.0,1.9229992445970323,1.7693133951565987,1
244.5,245.5,2.5257641686328505,1.7693133951565987,1
245.0,246.0,2.852028948914638,1.7693133951565987,1
245.5,246.5,1.0040631591134503,1.7693133951565987,0
246.0,247.0,0.6562042518132921,1.7693133951565987,0
246.5,247.5,3.57807965096063,1.7693133951565987,1
247.0,248.0,2.1219221459506037,1.7693133951565987,1
247.5,248.5,1.415132100331635,1.7693133951565987,0
248.0,249.0,3.750270033105853,1.7693133951565987,1
248.5,249.5,3.0303521311663233,1.7693133951565987,1
249.0,250.0,1.6883290646136215,1.7693133951565987,0
249.5,250.5,1.3334138135349713,1.7693133951565987,0
250.0,251.0,1.8940686602721832,1.7693133951565987,1
250.5,251.5,1.9770567096975518,1.7693133951565987,1
251.0,252.0,2.5387918527430844,1.7693133951565987,1
251.5,252.5,1.9273876462539192,1.7693133951565987,1
252.0,253.0,2.167396137838923,1.7693133951565987,1
252.5,253.5,4.024101010730577,1.7693133951565987,1
253.0,254.0,4.416472970993025,1.7693133951565987,1
253.5,254.5,3.271420916860936,1.7693133951565987,1
254.0,255.0,2.0325140003805555,1.7693133951565987,1
254.5,255.5,2.96301902335475,1.7693133951565987,1
255.0,256.0,3.8280437749883265,1.7693133951565987,1
255.5,256.5,2.5703876559097463,1.7693133951565987,1
256.0,257.0,2.1511308557653512,1.7693133951565987,1
256.5,257.5,2.275029674012276,1.7693133951565987,1
257.0,258.0,0.9780154601732802,1.7693133951565987,0
257.5,258.5,1.8401583976265248,1.7693133951565987,1
258.0,259.0,3.310181688645321,1.7693133951565987,1
258.5,259.5,3.504447297399863,1.7693133951565987,1
259.0,260.0,2.211197361704765,1.7693133951565987,1
259.5,260.5,1.7105125483353834,1.7693133951565987,0
260.0,261.0,1.8565698350121551,1.7693133951565987,1
260.5,261.5,1.9080182046892378,1.7693133951565987,1
261.0,262.0,1.6222058299608768,1.7693133951565987,0
261.5,262.5,1.6530735700913126,1.7693133951565987,0
262.0,263.0,1.8727176071029439,1.7693133951565987,1
262.5,263.5,0.8952012801957578,1.7693133951565987,0
263.0,264.0,1.1032998025823972,1.7693133951565987,0
263.5,264.5,1.9257254558259445,1.7693133951565987,1
264.0,265.0,1.610165212814023,1.7693133951565987,0
264.5,265.5,1.1783420254737222,1.7693133951565987,0
265.0,266.0,2.434369603740051,1.7693133951565987,1
265.5,266.5,1.641060191586368,1.7693133951565987,0
266.0,267.0,2.366962385153606,1.7693133951565987,1
266.5,267.5,1.9442880027487837,1.7693133951565987,1
267.0,268.0,1.9189087486163603,1.7693133951565987,1
267.5,268.5,3.354815136192542,1.7693133951565987,1
268.0,269.0,3.3390912732763254,1.7693133951565987,1
268.5,269.5,1.7352263756619013,1.7693133951565987,0
269.0,270.0,1.0986107765827333,1.7693133951565987,0
269.5,270.5,2.66001729334847,1.7693133951565987,1
270.0,271.0,3.273713099364995,1.7693133951565987,1
270.5,271.5,2.482816438156952,1.7693133951565987,1
271.0,272.0,2.7925350478674233,1.7693133951565987,1
271.5,272.5,2.085510956878916,1.7693133951565987,1
272.0,273.0,2.324612639682487,1.7693133951565987,1
272.5,273.5,1.4085031407180133,1.7693133951565987,0
273.0,274.0,2.125066270086882,1.7693133951565987,1
273.5,274.5,1.0558719235491083,1.7693133951565987,0
274.0,275.0,1.2356617575870963,1.7693133951565987,0
274.5,275.5,2.4019650658808365,1.7693133951565987,1
275.0,276.0,2.3333394356713484,1.7693133951565987,1
275.5,276.5,2.3408039783711283,1.7693133951565987,1
276.0,277.0,20.47938469300398,1.7693133951565987,1
276.5,277.5,19.85894140444178,1.7693133951565987,1
277.0,278.0,16.87521631311723,1.7693133951565987,1
277.5,278.5,12.668867665471755,1.7693133951565987,1
278.0,279.0,7.539714559745269,1.7693133951565987,1
278.5,279.5,3.3503996790754833,1.7693133951565987,1
279.0,280.0,3.5117377317950993,1.7693133951565987,1
279.5,280.5,4.248690491612454,1.7693133951565987,1
280.0,281.0,4.399347100117163,1.7693133951565987,1
280.5,281.5,4.977645438745158,1.7693133951565987,1
281.0,282.0,4.802030406926955,1.7693133951565987,1
281.5,282.5,3.9981401043531557,1.7693133951565987,1
282.0,283.0,3.3361913919103166,1.7693133951565987,1
282.5,283.5,3.448004326873043,1.7693133951565987,1
283.0,284.0,3.635139084137779,1.7693133951565987,1
283.5,284.5,3.112544169178721,1.7693133951565987,1
284.0,285.0,2.458226684383363,1.7693133951565987,1
284.5,285.5,2.0913941094091597,1.7693133951565987,1
285.0,286.0,3.9439921114500427,1.7693133951565987,1
285.5,286.5,2.8654458613208846,1.7693133951565987,1
286.0,287.0,3.0996969472211444,1.7693133951565987,1
286.5,287.5,3.366968352353508,1.7693133951565987,1
287.0,288.0,3.445139939231738,1.7693133951565987,1
287.5,288.5,2.383439665272671,1.7693133951565987,1
288.0,289.0,3.063251574222366,1.7693133951565987,1
288.5,289.5,3.7088335477554795,1.7693133951565987,1
289.0,290.0,1.9492978878395746,1.7693133951565987,1
289.5,290.5,1.4768785461599332,1.7693133951565987,0
290.0,291.0,2.614410091706765,1.7693133951565987,1
290.5,291.5,1.7829008585078083,1.7693133951565987,1
291.0,292.0,2.861450262610082,1.7693133951565987,1
291.5,292.5,3.2334968968614186,1.7693133951565987,1
292.0,293.0,2.433859463038613,1.7693133951565987,1
292.5,293.5,4.429936231818471,1.7693133951565987,1
293.0,294.0,3.3904150583794954,1.7693133951565987,1
293.5,294.5,1.6120657475078088,1.7693133951565987,0
294.0,295.0,3.491148347730258,1.7693133951565987,1
294.5,295.5,2.5989395633780594,1.7693133951565987,1
295.0,296.0,2.5083437987896082,1.7693133951565987,1
295.5,296.5,2.275092182530024,1.7693133951565987,1
296.0,297.0,2.9618927451222867,1.7693133951565987,1
296.5,297.5,3.2880543805134885,1.7693133951565987,1
297.0,298.0,4.383996771495369,1.7693133951565987,1
297.5,298.5,4.322530949936428,1.7693133951565987,1
298.0,299.0,3.0717622621264096,1.7693133951565987,1
298.5,299.5,2.292937844037487,1.7693133951565987,1
299.0,300.0,1.4972913877404213,1.7693133951565987,0
299.5,300.5,1.9476219049437498,1.7693133951565987,1
300.0,301.0,3.511883597106699,1.7693133951565987,1
300.5,301.5,2.9437389180191307,1.7693133951565987,1
301.0,302.0,3.0519099797598592,1.7693133951565987,1
301.5,302.5,3.7930262809656186,1.7693133951565987,1
302.0,303.0,3.4024382660215937,1.7693133951565987,1
302.5,303.5,6.001702937477174,1.7693133951565987,1
303.0,304.0,3.828634735054698,1.7693133951565987,1
303.5,304.5,3.535105801951052,1.7693133951565987,1
304.0,305.0,4.248346170290516,1.7693133951565987,1
304.5,305.5,3.093775557290141,1.7693133951565987,1
305.0,306.0,2.194355582291375,1.7693133951565987,1
305.5,306.5,2.655325936472679,1.7693133951565987,1
306.0,307.0,2.378272205183337,1.7693133951565987,1
306.5,307.5,1.9344549443649752,1.7693133951565987,1
307.0,308.0,2.247210248239104,1.7693133951565987,1
307.5,308.5,1.7512274295554096,1.7693133951565987,0
308.0,309.0,1.7751540697193513,1.7693133951565987,1
308.5,309.5,3.3451184072313,1.7693133951565987,1
309.0,310.0,2.3965882993488967,1.7693133951565987,1
309.5,310.5,2.986140873428791,1.7693133951565987,1
310.0,311.0,3.4393565944181854,1.7693133951565987,1
310.5,311.5,2.90590409598264,1.7693133951565987,1
311.0,312.0,3.2542841838500665,1.7693133951565987,1
311.5,312.5,2.694229410385187,1.7693133951565987,1
312.0,313.0,1.372613756811976,1.7693133951565987,0
312.5,313.5,1.4037052105457968,1.7693133951565987,0
313.0,314.0,0.7912524695563901,1.7693133951565987,0
313.5,314.5,2.5427546487204298,1.7693133951565987,1
314.0,315.0,3.5132641505053623,1.7693133951565987,1
314.5,315.5,3.2620528042931958,1.7693133951565987,1
315.0,316.0,1.9059018945700548,1.7693133951565987,1
315.5,316.5,4.709517836464135,1.7693133951565987,1
316.0,317.0,5.31313436688089,1.7693133951565987,1
316.5,317.5,2.581595003082671,1.7693133951565987,1
317.0,318.0,3.7940877341044628,1.7693133951565987,1
317.5,318.5,4.905472330578688,1.7693133951565987,1
318.0,319.0,4.535116941198717,1.7693133951565987,1
318.5,319.5,3.703775588826466,1.7693133951565987,1
319.0,320.0,2.1113575508437106,1.7693133951565987,1
319.5,320.5,3.3711164823658697,1.7693133951565987,1
320.0,321.0,5.890145470278366,1.7693133951565987,1
320.5,321.5,4.405455541189213,1.7693133951565987,1
321.0,322.0,2.836780629940462,1.7693133951565987,1
321.5,322.5,2.4391856441113138,1.7693133951565987,1
322.0,323.0,3.438850165385558,1.7693133951565987,1
322.5,323.5,4.530059833356013,1.7693133951565987,1
323.0,324.0,4.469826133595277,1.7693133951565987,1
323.5,324.5,2.4456112102883876,1.7693133951565987,1
324.0,325.0,3.715636692454907,1.7693133951565987,1
324.5,325.5,4.415910197276425,1.7693133951565987,1
325.0,326.0,5.071805252323876,1.7693133951565987,1
325.5,326.5,2.6678506231645693,1.7693133951565987,1
326.0,327.0,2.759458152423062,1.7693133951565987,1
326.5,327.5,1.9452684571368104,1.7693133951565987,1
327.0,328.0,2.230924798179214,1.7693133951565987,1
327.5,328.5,4.815973563962128,1.7693133951565987,1
328.0,329.0,2.3647063216328497,1.7693133951565987,1
328.5,329.5,1.650305843718554,1.7693133951565987,0
329.0,330.0,3.5285918250933994,1.7693133951565987,1
329.5,330.5,3.544993861428418,1.7693133951565987,1
330.0,331.0,4.305251873056838,1.7693133951565987,1
330.5,331.5,2.8948643166052097,1.7693133951565987,1
331.0,332.0,2.393089702664512,1.7693133951565987,1
331.5,332.5,3.3168146060229997,1.7693133951565987,1
332.0,333.0,4.482422026547095,1.7693133951565987,1
332.5,333.5,3.305421070742483,1.7693133951565987,1
333.0,334.0,3.211141331046349,1.7693133951565987,1
333.5,334.5,3.7299197924950525,1.7693133951565987,1
334.0,335.0,3.0766032819792324,1.7693133951565987,1
334.5,335.5,3.336075482327559,1.7693133951565987,1
335.0,336.0,5.187157957278963,1.7693133951565987,1
335.5,336.5,4.299767299574196,1.7693133951565987,1
336.0,337.0,1.612963252974529,1.7693133951565987,0
336.5,337.5,2.6506551954929667,1.7693133951565987,1
337.0,338.0,3.9135190887720808,1.7693133951565987,1
337.5,338.5,4.2042409504645715,1.7693133951565987,1
338.0,339.0,3.7038232011911236,1.7693133951565987,1
338.5,339.5,3.7308733671905774,1.7693133951565987,1
339.0,340.0,2.926184734460586,1.7693133951565987,1
339.5,340.5,3.2470808863875407,1.7693133951565987,1
340.0,341.0,1.2443930814970314,1.7693133951565987,0
340.5,341.5,2.8139697578882226,1.7693133951565987,1
341.0,342.0,3.393763924959833,1.7693133951565987,1
341.5,342.5,3.883571040995717,1.7693133951565987,1
342.0,343.0,4.743872072733401,1.7693133951565987,1
342.5,343.5,3.6887627601530584,1.7693133951565987,1
343.0,344.0,2.717883205914566,1.7693133951565987,1
343.5,344.5,2.502380581778838,1.7693133951565987,1
344.0,345.0,2.653360651420993,1.7693133951565987,1
344.5,345.5,3.748623476029559,1.7693133951565987,1
345.0,346.0,3.579982348180181,1.7693133951565987,1
345.5,346.5,2.9890159855924714,1.7693133951565987,1
346.0,347.0,2.9008078138722118,1.7693133951565987,1
346.5,347.5,3.347264040911943,1.7693133951565987,1
347.0,348.0,3.7187657732397197,1.7693133951565987,1
347.5,348.5,2.4065930220086273,1.7693133951565987,1
348.0,349.0,3.8135954128829477,1.7693133951565987,1
348.5,349.5,3.5831445018229324,1.7693133951565987,1
349.0,350.0,2.619317242417074,1.7693133951565987,1
349.5,350.5,2.0222633323817067,1.7693133951565987,1
350.0,351.0,3.208951572754426,1.7693133951565987,1
350.5,351.5,3.733588653419854,1.7693133951565987,1
351.0,352.0,3.837389406953977,1.7693133951565987,1
351.5,352.5,1.8625882070937179,1.7693133951565987,1
352.0,353.0,2.3545513807183833,1.7693133951565987,1
352.5,353.5,4.142930878776823,1.7693133951565987,1
353.0,354.0,4.665248583953,1.7693133951565987,1
353.5,354.5,3.394594103844504,1.7693133951565987,1
354.0,355.0,2.6250684908181086,1.7693133951565987,1
354.5,355.5,1.4785001226510979,1.7693133951565987,0
355.0,356.0,2.546333904394097,1.7693133951565987,1
355.5,356.5,2.264518088556628,1.7693133951565987,1
356.0,357.0,2.0435703955685844,1.7693133951565987,1
356.5,357.5,1.7532331820181999,1.7693133951565987,0
357.0,358.0,1.642923376124707,1.7693133951565987,0
357.5,358.5,4.064753021077671,1.7693133951565987,1
358.0,359.0,3.4705078988186164,1.7693133951565987,1
358.5,359.5,1.9488783593616466,1.7693133951565987,1
359.0,360.0,3.3629344970615005,1.7693133951565987,1
359.5,360.5,1.9722289964626056,1.7693133951565987,1
360.0,361.0,2.5832568221815975,1.7693133951565987,1
360.5,361.5,4.211881998697933,1.7693133951565987,1
361.0,362.0,4.459945933170916,1.7693133951565987,1
361.5,362.5,2.040566943763851,1.7693133951565987,1
362.0,363.0,1.6375880825855926,1.7693133951565987,0
362.5,363.5,3.132779821259761,1.7693133951565987,1
363.0,364.0,3.943531131622662,1.7693133951565987,1
363.5,364.5,2.783635183210196,1.7693133951565987,1
364.0,365.0,2.0231183989312784,1.7693133951565987,1
364.5,365.5,3.136876906743696,1.7693133951565987,1
365.0,366.0,2.3984276710184327,1.7693133951565987,1
365.5,366.5,3.1082439197281597,1.7693133951565987,1
366.0,367.0,2.2690601475026018,1.7693133951565987,1
366.5,367.5,2.3694822111500944,1.7693133951565987,1
367.0,368.0,2.281303506203968,1.7693133951565987,1
367.5,368.5,3.2274290377159964,1.7693133951565987,1
368.0,369.0,3.276082831733318,1.7693133951565987,1
368.5,369.5,4.781988634480805,1.7693133951565987,1
369.0,370.0,4.0394240130251955,1.7693133951565987,1
369.5,370.5,2.1670684087249525,1.7693133951565987,1
370.0,371.0,3.1138983827490603,1.7693133951565987,1
370.5,371.5,2.661446040945315,1.7693133951565987,1
371.0,372.0,3.4435618186154304,1.7693133951565987,1
371.5,372.5,2.9379350158961115,1.7693133951565987,1
372.0,373.0,2.5122396975098367,1.7693133951565987,1
372.5,373.5,3.3018448778354488,1.7693133951565987,1
373.0,374.0,2.7117473601895687,1.7693133951565987,1
373.5,374.5,2.8632915584294465,1.7693133951565987,1
374.0,375.0,4.08122097852794,1.7693133951565987,1
374.5,375.5,3.117837726757691,1.7693133951565987,1
375.0,376.0,2.8878306512003507,1.7693133951565987,1
375.5,376.5,2.999824597685069,1.7693133951565987,1
376.0,377.0,2.1512659515140586,1.7693133951565987,1
376.5,377.5,2.0395806009277413,1.7693133951565987,1
377.0,378.0,3.5967397940496757,1.7693133951565987,1
377.5,378.5,3.465019473249555,1.7693133951565987,1
378.0,379.0,2.6609670226937876,1.7693133951565987,1
378.5,379.5,3.492741928379719,1.7693133951565987,1
379.0,380.0,3.369163743361141,1.7693133951565987,1
379.5,380.5,2.8748131141933366,1.7693133951565987,1
380.0,381.0,2.9132290904887803,1.7693133951565987,1
380.5,381.5,2.647835145378427,1.7693133951565987,1
381.0,382.0,2.0996649067715487,1.7693133951565987,1
381.5,382.5,2.980779013230242,1.7693133951565987,1
382.0,383.0,4.556701074923968,1.7693133951565987,1
382.5,383.5,3.1380241827144797,1.7693133951565987,1
383.0,384.0,2.2895859225740267,1.7693133951565987,1
383.5,384.5,2.9939059089881237,1.7693133951565987,1
384.0,385.0,3.2715760473963167,1.7693133951565987,1
384.5,385.5,2.2726730937899404,1.7693133951565987,1
385.0,386.0,4.2591218865745795,1.7693133951565987,1
385.5,386.5,3.634196668546145,1.7693133951565987,1
386.0,387.0,4.325288411069411,1.7693133951565987,1
386.5,387.5,3.0984674964170593,1.7693133951565987,1
387.0,388.0,3.7722087765622594,1.7693133951565987,1
387.5,388.5,2.7753393019138533,1.7693133951565987,1
388.0,389.0,2.238727673290137,1.7693133951565987,1
388.5,389.5,3.862782373839587,1.7693133951565987,1
389.0,390.0,3.0827883014939523,1.7693133951565987,1
389.5,390.5,2.6416199582575826,1.7693133951565987,1
390.0,391.0,2.8297867009703146,1.7693133951565987,1
390.5,391.5,1.3841683955960995,1.7693133951565987,0
391.0,392.0,1.751697028604076,1.7693133951565987,0
391.5,392.5,2.5316540691261276,1.7693133951565987,1
392.0,393.0,3.507960175983438,1.7693133951565987,1
392.5,393.5,2.6925413699345295,1.7693133951565987,1
393.0,394.0,1.801231760323069,1.7693133951565987,1
393.5,394.5,3.005178409215103,1.7693133951565987,1
394.0,395.0,1.9145376450659977,1.7693133951565987,1
394.5,395.5,4.448161613359572,1.7693133951565987,1
395.0,396.0,3.817611596124797,1.7693133951565987,1
395.5,396.5,4.634866553511541,1.7693133951565987,1
396.0,397.0,3.4534724796293665,1.7693133951565987,1
396.5,397.5,3.383656206849693,1.7693133951565987,1
397.0,398.0,3.1661999356103236,1.7693133951565987,1
397.5,398.5,3.5429751956656093,1.7693133951565987,1
398.0,399.0,2.031979654395548,1.7693133951565987,1
398.5,399.5,0.9494401611949952,1.7693133951565987,0
399.0,400.0,3.782240126788679,1.7693133951565987,1
399.5,400.5,2.025146917632545,1.7693133951565987,1
400.0,401.0,1.9912385598589804,1.7693133951565987,1
400.5,401.5,1.8226585324809426,1.7693133951565987,1
401.0,402.0,2.45163712849351,1.7693133951565987,1
401.5,402.5,3.0913622496347877,1.7693133951565987,1
402.0,403.0,0.8070785545747994,1.7693133951565987,0
402.5,403.5,0.653926628797669,1.7693133951565987,0
403.0,404.0,1.7340223228993294,1.7693133951565987,0
403.5,404.5,3.786264209893681,1.7693133951565987,1
404.0,405.0,1.4987239664349015,1.7693133951565987,0
404.5,405.5,2.629810194996188,1.7693133951565987,1
405.0,406.0,1.86030327979628,1.7693133951565987,1
405.5,406.5,2.416995025685292,1.7693133951565987,1
406.0,407.0,3.516657983104243,1.7693133951565987,1
406.5,407.5,3.572033063622051,1.7693133951565987,1
407.0,408.0,2.1856905761503223,1.7693133951565987,1
407.5,408.5,2.2050094096102173,1.7693133951565987,1
408.0,409.0,2.889238267921146,1.7693133951565987,1
408.5,409.5,0.5010233482746627,1.7693133951565987,0
409.0,410.0,2.265052733501523,1.7693133951565987,1
409.5,410.5,1.9312785269828396,1.7693133951565987,1
410.0,411.0,1.0243261356939992,1.7693133951565987,0
410.5,411.5,0.9440554757003976,1.7693133951565987,0
411.0,412.0,2.618073860473554,1.7693133951565987,1
411.5,412.5,2.3180139876129355,1.7693133951565987,1
412.0,413.0,0.6490258942333618,1.7693133951565987,0
412.5,413.5,1.3145116567302904,1.7693133951565987,0
413.0,414.0,2.2786237010441255,1.7693133951565987,1
413.5,414.5,4.026059541873709,1.7693133951565987,1
414.0,415.0,2.621283138677858,1.7693133951565987,1
414.5,415.5,2.1868558525985886,1.7693133951565987,1
415.0,416.0,1.5985020259844134,1.7693133951565987,0
415.5,416.5,2.374389435300552,1.7693133951565987,1
416.0,417.0,2.3548680128943427,1.7693133951565987,1
416.5,417.5,2.297150509982991,1.7693133951565987,1
417.0,418.0,1.7756667175003311,1.7693133951565987,1
417.5,418.5,1.3913300862265823,1.7693133951565987,0
418.0,419.0,4.108046310632239,1.7693133951565987,1
418.5,419.5,4.101930127475041,1.7693133951565987,1
419.0,420.0,2.638783813815989,1.7693133951565987,1
419.5,420.5,2.628461410574537,1.7693133951565987,1
420.0,421.0,4.396248359522461,1.7693133951565987,1
420.5,421.5,2.3009110596379845,1.7693133951565987,1
421.0,422.0,1.9490868062715452,1.7693133951565987,1
421.5,422.5,1.9054563245924423,1.7693133951565987,1
422.0,423.0,1.6252768140741682,1.7693133951565987,0
422.5,423.5,1.894003660791628,1.7693133951565987,1
423.0,424.0,3.4809708420919447,1.7693133951565987,1
423.5,424.5,0.9597890141933507,1.7693133951565987,0
424.0,425.0,1.6659107605767989,1.7693133951565987,0
424.5,425.5,2.281571119227247,1.7693133951565987,1
425.0,426.0,2.1965534936301285,1.7693133951565987,1
425.5,426.5,3.7823965285496195,1.7693133951565987,1
426.0,427.0,3.9557734820258834,1.7693133951565987,1
426.5,427.5,3.390890486309793,1.7693133951565987,1
427.0,428.0,3.4427227214295995,1.7693133951565987,1
427.5,428.5,3.8587680561958213,1.7693133951565987,1
428.0,429.0,3.541589919532358,1.7693133951565987,1
428.5,429.5,3.3577344285442923,1.7693133951565987,1
429.0,430.0,0.5931718187023036,1.7693133951565987,0
429.5,430.5,1.3236686544754135,1.7693133951565987,0
430.0,431.0,2.40746717141807,1.7693133951565987,1
430.5,431.5,3.561384687813032,1.7693133951565987,1
431.0,432.0,3.6923882678185067,1.7693133951565987,1
431.5,432.5,2.3494590884810886,1.7693133951565987,1
432.0,433.0,2.25336645786782,1.7693133951565987,1
432.5,433.5,3.94524699353088,1.7693133951565987,1
433.0,434.0,3.308854223965831,1.7693133951565987,1
433.5,434.5,1.5380709192711954,1.7693133951565987,0
434.0,435.0,2.3082224288993793,1.7693133951565987,1
434.5,435.5,2.42667353304541,1.7693133951565987,1
435.0,436.0,1.8974958551463623,1.7693133951565987,1
435.5,436.5,2.7629826170060356,1.7693133951565987,1
436.0,437.0,2.3205779806322737,1.7693133951565987,1
436.5,437.5,2.7634398589775198,1.7693133951565987,1
437.0,438.0,3.179843717434511,1.7693133951565987,1
437.5,438.5,4.641100757945338,1.7693133951565987,1
438.0,439.0,4.081199502938179,1.7693133951565987,1
438.5,439.5,4.3087277171081375,1.7693133951565987,1
439.0,440.0,3.436408090552617,1.7693133951565987,1
439.5,440.5,4.1407378685705645,1.7693133951565987,1
440.0,441.0,3.106063381136999,1.7693133951565987,1
440.5,441.5,2.595818121720268,1.7693133951565987,1
441.0,442.0,4.327289328740109,1.7693133951565987,1
441.5,442.5,3.5154853381891913,1.7693133951565987,1
442.0,443.0,2.3967380948819303,1.7693133951565987,1
442.5,443.5,1.9890171139914998,1.7693133951565987,1
443.0,444.0,3.2186243676329194,1.7693133951565987,1
443.5,444.5,2.165709105404164,1.7693133951565987,1
444.0,445.0,2.8680823340540904,1.7693133951565987,1
444.5,445.5,4.585162527102021,1.7693133951565987,1
445.0,446.0,3.566825215557128,1.7693133951565987,1
445.5,446.5,3.6341592173936395,1.7693133951565987,1
446.0,447.0,5.070998545698323,1.7693133951565987,1
446.5,447.5,2.592881345098963,1.7693133951565987,1
447.0,448.0,1.4695135618177413,1.7693133951565987,0
447.5,448.5,1.827363133371042,1.7693133951565987,1
448.0,449.0,2.8531185224301976,1.7693133951565987,1
448.5,449.5,4.295749178370708,1.7693133951565987,1
449.0,450.0,1.8068269608602778,1.7693133951565987,1
449.5,450.5,2.443231236346278,1.7693133951565987,1
450.0,451.0,2.451214536581271,1.7693133951565987,1
450.5,451.5,1.3461407240669931,1.7693133951565987,0
451.0,452.0,3.293495629830151,1.7693133951565987,1
451.5,452.5,3.994567853708601,1.7693133951565987,1
452.0,453.0,3.27274407589399,1.7693133951565987,1
452.5,453.5,2.871439310364071,1.7693133951565987,1
453.0,454.0,2.4237059512863324,1.7693133951565987,1
453.5,454.5,3.4269455406904767,1.7693133951565987,1
454.0,455.0,2.7729278265486723,1.7693133951565987,1
454.5,455.5,4.585237366423077,1.7693133951565987,1
455.0,456.0,3.5449847734316684,1.7693133951565987,1
455.5,456.5,3.6044807496407683,1.7693133951565987,1
456.0,457.0,2.9307301398349783,1.7693133951565987,1
456.5,457.5,3.466523090495776,1.7693133951565987,1
457.0,458.0,3.2904892317058447,1.7693133951565987,1
457.5,458.5,1.5975609196399927,1.7693133951565987,0
458.0,459.0,1.976136992638922,1.7693133951565987,1
458.5,459.5,2.0625998481913252,1.7693133951565987,1
459.0,460.0,2.3969507595211352,1.7693133951565987,1
459.5,460.5,2.785629650349471,1.7693133951565987,1
460.0,461.0,3.2126918458789415,1.7693133951565987,1
460.5,461.5,3.416238332969371,1.7693133951565987,1
