scenario,method,threshold,threshold_comparison,normal_fpr,normal_fpr_reason,roc_auc,roc_auc_reason,pr_auc,pr_auc_reason,standardized_pauc_max_fpr_0.05,pauc_reason,post_detection_rate,post_detection_reason,three_consecutive_alarm_delay_s,delay_reason,persistent_alarm_ratio,persistent_reason
cleanStatic,B0,0.1077117757998523,strict >,0.03389830508474576,,,single-class normal diagnostic,,single-class normal diagnostic,,single-class normal diagnostic,,not attack,,not attack,,not attack
cleanStatic,TOPI,2.791986415450573,strict >,0.01694915254237288,,,single-class normal diagnostic,,single-class normal diagnostic,,single-class normal diagnostic,,not attack,,not attack,,not attack
cleanStatic,NC_TOPI_original,2.531660717784112,strict >,0.0,,,single-class normal diagnostic,,single-class normal diagnostic,,single-class normal diagnostic,,not attack,,not attack,,not attack
cleanStatic,IQ_LOW_ONLY,0.11085109296053891,strict >,0.0,,,single-class normal diagnostic,,single-class normal diagnostic,,single-class normal diagnostic,,not attack,,not attack,,not attack
cleanStatic,IQ_OOD_ONLY,4.304679155243729,strict >,0.7627118644067796,,,single-class normal diagnostic,,single-class normal diagnostic,,single-class normal diagnostic,,not attack,,not attack,,not attack
cleanStatic,NC_TOPI_clamped,2.531660717784112,strict >,0.0,,,single-class normal diagnostic,,single-class normal diagnostic,,single-class normal diagnostic,,not attack,,not attack,,not attack
cleanStatic,NC_B0_clamped,1.5045246129176055,strict >,0.025423728813559324,,,single-class normal diagnostic,,single-class normal diagnostic,,single-class normal diagnostic,,not attack,,not attack,,not attack
cleanStatic,NC_total_clamped,2.3309088147507384,strict >,0.0,,,single-class normal diagnostic,,single-class normal diagnostic,,single-class normal diagnostic,,not attack,,not attack,,not attack
cleanDynamic,B0,0.1077117757998523,strict >,0.6706586826347305,,,single-class normal diagnostic,,single-class normal diagnostic,,single-class normal diagnostic,,not attack,,not attack,,not attack
cleanDynamic,TOPI,2.791986415450573,strict >,0.6706586826347305,,,single-class normal diagnostic,,single-class normal diagnostic,,single-class normal diagnostic,,not attack,,not attack,,not attack
cleanDynamic,NC_TOPI_original,2.531660717784112,strict >,1.0,,,single-class normal diagnostic,,single-class normal diagnostic,,single-class normal diagnostic,,not attack,,not attack,,not attack
cleanDynamic,IQ_LOW_ONLY,0.11085109296053891,strict >,1.0,,,single-class normal diagnostic,,single-class normal diagnostic,,single-class normal diagnostic,,not attack,,not attack,,not attack
cleanDynamic,IQ_OOD_ONLY,4.304679155243729,strict >,1.0,,,single-class normal diagnostic,,single-class normal diagnostic,,single-class normal diagnostic,,not attack,,not attack,,not attack
cleanDynamic,NC_TOPI_clamped,2.531660717784112,strict >,0.8083832335329342,,,single-class normal diagnostic,,single-class normal diagnostic,,single-class normal diagnostic,,not attack,,not attack,,not attack
cleanDynamic,NC_B0_clamped,1.5045246129176055,strict >,0.7844311377245509,,,single-class normal diagnostic,,single-class normal diagnostic,,single-class normal diagnostic,,not attack,,not attack,,not attack
cleanDynamic,NC_total_clamped,2.3309088147507384,strict >,0.8622754491017964,,,single-class normal diagnostic,,single-class normal diagnostic,,single-class normal diagnostic,,not attack,,not attack,,not attack
DS1,B0,0.1077117757998523,strict >,0.020618556701030927,,0.9647396942962952,,0.9955676853576773,,0.9668199548091452,,0.9348127600554785,,27.148097519999993,,1.0,
DS1,TOPI,2.791986415450573,strict >,0.0,,0.9687004017901825,,0.9960516817601881,,0.9676998676097865,,0.9334257975034674,,26.648097519999993,,1.0,
DS1,NC_TOPI_original,2.531660717784112,strict >,0.0,,0.9687004017901825,,0.9960516817601881,,0.9676998676097865,,0.9320388349514563,,27.148097519999993,,1.0,
DS1,IQ_LOW_ONLY,0.11085109296053891,strict >,0.0,,0.045140626563907514,,0.7410058920055292,,0.49562665006564516,,0.0,,,censored: no 3-consecutive 0.5s alarm,0.0,
DS1,IQ_OOD_ONLY,4.304679155243729,strict >,1.0,,0.5,,0.8814180929095354,,0.5,,1.0,,2.648097519999993,,1.0,
DS1,NC_TOPI_clamped,2.531660717784112,strict >,0.0,,0.9687004017901825,,0.9960516817601881,,0.9676998676097865,,0.9320388349514563,,27.148097519999993,,1.0,
DS1,NC_B0_clamped,1.5045246129176055,strict >,0.0,,0.9647396942962952,,0.9955676853576773,,0.9668199548091452,,0.9320388349514563,,27.148097519999993,,1.0,
DS1,NC_total_clamped,2.3309088147507384,strict >,0.0,,0.9657548936900354,,0.9956830455822352,,0.9663580005888084,,0.9320388349514563,,27.148097519999993,,1.0,
DS2,B0,0.1077117757998523,strict >,0.010309278350515464,,0.9895893663848025,,0.9986765497713178,,0.987607184120563,,0.976123595505618,,11.706335080000002,,1.0,
DS2,TOPI,2.791986415450573,strict >,0.0,,0.9927458589134717,,0.9990607252901603,,0.9888769094143819,,0.976123595505618,,11.706335080000002,,1.0,
DS2,NC_TOPI_original,2.531660717784112,strict >,0.0,,0.9927458589134717,,0.9990607252901603,,0.9888769094143819,,0.9747191011235955,,11.706335080000002,,1.0,
DS2,IQ_LOW_ONLY,0.11085109296053891,strict >,0.0,,0.9992181165295958,,0.9998951054721585,,0.9960794447068049,,0.9691011235955056,,13.706335080000002,,1.0,
DS2,IQ_OOD_ONLY,4.304679155243729,strict >,1.0,,0.5,,0.8800988875154512,,0.5,,1.0,,2.7063350800000023,,1.0,
DS2,NC_TOPI_clamped,2.531660717784112,strict >,0.0,,0.9927458589134717,,0.9990607252901603,,0.9888769094143819,,0.9747191011235955,,11.706335080000002,,1.0,
DS2,NC_B0_clamped,1.5045246129176055,strict >,0.0,,0.9895893663848025,,0.9986765497713178,,0.987607184120563,,0.9747191011235955,,11.706335080000002,,1.0,
DS2,NC_total_clamped,2.3309088147507384,strict >,0.0,,0.9932671145604077,,0.999135386263162,,0.9880081500028217,,0.9747191011235955,,11.706335080000002,,1.0,
DS3,B0,0.1077117757998523,strict >,0.010309278350515464,,0.9826734817638396,,0.997802575733842,,0.9779420094762727,,0.9551820728291317,,21.212935959999996,,1.0,
DS3,TOPI,2.791986415450573,strict >,0.0,,0.9865719483669756,,0.9982744255857098,,0.977645829677364,,0.9495798319327731,,21.212935959999996,,1.0,
DS3,NC_TOPI_original,2.531660717784112,strict >,0.0,,0.9865719483669756,,0.9982744255857098,,0.977645829677364,,0.9453781512605042,,21.712935959999996,,1.0,
DS3,IQ_LOW_ONLY,0.11085109296053891,strict >,0.0,,0.9698374195038841,,0.9962325316400626,,0.977016447604683,,0.0,,,censored: no 3-consecutive 0.5s alarm,0.0,
DS3,IQ_OOD_ONLY,4.304679155243729,strict >,1.0,,0.5,,0.8803945745992602,,0.5,,1.0,,2.712935959999996,,1.0,
DS3,NC_TOPI_clamped,2.531660717784112,strict >,0.0,,0.9865719483669756,,0.9982744255857098,,0.977645829677364,,0.9453781512605042,,21.712935959999996,,1.0,
DS3,NC_B0_clamped,1.5045246129176055,strict >,0.0,,0.9826734817638396,,0.997802575733842,,0.9779420094762727,,0.9495798319327731,,21.212935959999996,,1.0,
DS3,NC_total_clamped,2.3309088147507384,strict >,0.0,,0.9851425106124924,,0.9980777914386372,,0.9780086499310272,,0.9481792717086834,,21.212935959999996,,1.0,
DS7,B0,0.1077117757998523,strict >,0.0,,0.9126008091525333,,0.9708180568622147,,0.8591368352641562,,0.6614420062695925,,18.123601440000016,,0.8158995815899581,
DS7,TOPI,2.791986415450573,strict >,0.008547008547008548,,0.9260509605337192,,0.9745271885004794,,0.8422090729783037,,0.5705329153605015,,27.623601439999987,,0.7280334728033473,
DS7,NC_TOPI_original,2.531660717784112,strict >,0.0,,0.981459153872947,,0.994329994049002,,0.972973288623156,,0.8871473354231975,,15.623601440000002,,0.9539748953974896,
DS7,IQ_LOW_ONLY,0.11085109296053891,strict >,0.0,,0.9833346729898456,,0.9949310130791102,,0.9814921300332442,,0.9341692789968652,,11.123601440000002,,0.9832635983263598,
DS7,IQ_OOD_ONLY,4.304679155243729,strict >,0.38461538461538464,,0.7808321946252982,,0.8661455322964655,,0.5187364359778153,,0.9467084639498433,,2.6236014400000016,,0.9832635983263598,
DS7,NC_TOPI_clamped,2.531660717784112,strict >,0.0,,0.9764220453875626,,0.992404549817334,,0.9399009478585075,,0.6520376175548589,,27.123601439999987,,0.7949790794979079,
DS7,NC_B0_clamped,1.5045246129176055,strict >,0.0,,0.9576132679580955,,0.9861485419732908,,0.9114315294686648,,0.7178683385579937,,18.123601440000016,,0.8577405857740585,
DS7,NC_total_clamped,2.3309088147507384,strict >,0.0,,0.9873268493958148,,0.9957531687310115,,0.9577905148196926,,0.7084639498432602,,27.623601439999987,,0.8619246861924686,
DS8,B0,0.1077117757998523,strict >,0.008547008547008548,,0.9713949003642597,,0.9956082729356794,,0.9466765804884509,,0.8649025069637883,,18.18254872,,0.9467084639498433,
DS8,TOPI,2.791986415450573,strict >,0.0,,0.9714306120991356,,0.9956010360873634,,0.946102750902408,,0.8189415041782729,,77.68254872,,0.9106583072100314,
DS8,NC_TOPI_original,2.531660717784112,strict >,0.0,,0.9901911768207031,,0.9985632704267302,,0.9910629094258836,,0.9693593314763231,,14.68254872,,1.0,
DS8,IQ_LOW_ONLY,0.11085109296053891,strict >,0.0,,0.9935718877223055,,0.9990451730827621,,0.9920213269259766,,0.9805013927576601,,9.68254872,,1.0,
DS8,IQ_OOD_ONLY,4.304679155243729,strict >,0.38461538461538464,,0.7995857438754373,,0.9394943294679986,,0.5200485679594314,,0.9860724233983287,,2.6825487199999998,,1.0,
DS8,NC_TOPI_clamped,2.531660717784112,strict >,0.0,,0.9885008213699022,,0.9982904349507792,,0.9822784331033743,,0.8788300835654597,,21.18254872,,0.9529780564263323,
DS8,NC_B0_clamped,1.5045246129176055,strict >,0.0,,0.9831916767849915,,0.9974721093817805,,0.9734939567808648,,0.8871866295264624,,18.18254872,,0.9592476489028213,
DS8,NC_total_clamped,2.3309088147507384,strict >,0.0,,0.9935242720758042,,0.9990180331906141,,0.9882548071963114,,0.8955431754874652,,22.18254872,,0.9623824451410659,
