scenario,model,tap_index,tap_name,query_count,epoch_count,queries_per_epoch
DS1,complex K3,3,E,8882,910,9.760439560439561
DS1,complex K3,4,P,8882,910,9.760439560439561
DS1,complex K3,5,L,8882,910,9.760439560439561
DS1,complex adaptive K5,0,E4,8882,910,9.760439560439561
DS1,complex adaptive K5,1,E3,8882,910,9.760439560439561
DS1,complex adaptive K5,3,E,8882,910,9.760439560439561
DS1,complex adaptive K5,4,P,8882,910,9.760439560439561
DS1,complex adaptive K5,5,L,8882,910,9.760439560439561
DS1,complex adaptive K7,0,E4,8882,910,9.760439560439561
DS1,complex adaptive K7,1,E3,8882,910,9.760439560439561
DS1,complex adaptive K7,2,E2,8882,910,9.760439560439561
DS1,complex adaptive K7,3,E,8882,910,9.760439560439561
DS1,complex adaptive K7,4,P,8882,910,9.760439560439561
DS1,complex adaptive K7,5,L,8882,910,9.760439560439561
DS1,complex adaptive K7,6,L2,8882,910,9.760439560439561
DS1,complex all9,0,E4,8882,910,9.760439560439561
DS1,complex all9,1,E3,8882,910,9.760439560439561
DS1,complex all9,2,E2,8882,910,9.760439560439561
DS1,complex all9,3,E,8882,910,9.760439560439561
DS1,complex all9,4,P,8882,910,9.760439560439561
DS1,complex all9,5,L,8882,910,9.760439560439561
DS1,complex all9,6,L2,8882,910,9.760439560439561
DS1,complex all9,7,L3,8882,910,9.760439560439561
DS1,complex all9,8,L4,8882,910,9.760439560439561
DS1,complex fixed K5,2,E2,8882,910,9.760439560439561
DS1,complex fixed K5,3,E,8882,910,9.760439560439561
DS1,complex fixed K5,4,P,8882,910,9.760439560439561
DS1,complex fixed K5,5,L,8882,910,9.760439560439561
DS1,complex fixed K5,6,L2,8882,910,9.760439560439561
DS1,complex fixed K7,1,E3,8882,910,9.760439560439561
DS1,complex fixed K7,2,E2,8882,910,9.760439560439561
DS1,complex fixed K7,3,E,8882,910,9.760439560439561
DS1,complex fixed K7,4,P,8882,910,9.760439560439561
DS1,complex fixed K7,5,L,8882,910,9.760439560439561
DS1,complex fixed K7,6,L2,8882,910,9.760439560439561
DS1,complex fixed K7,7,L3,8882,910,9.760439560439561
DS1,complex random K5 seed11,0,E4,8882,910,9.760439560439561
DS1,complex random K5 seed11,3,E,8882,910,9.760439560439561
DS1,complex random K5 seed11,4,P,8882,910,9.760439560439561
DS1,complex random K5 seed11,5,L,8882,910,9.760439560439561
DS1,complex random K5 seed11,8,L4,8882,910,9.760439560439561
DS1,complex random K5 seed23,0,E4,8882,910,9.760439560439561
DS1,complex random K5 seed23,3,E,8882,910,9.760439560439561
DS1,complex random K5 seed23,4,P,8882,910,9.760439560439561
DS1,complex random K5 seed23,5,L,8882,910,9.760439560439561
DS1,complex random K5 seed23,7,L3,8882,910,9.760439560439561
DS1,complex random K5 seed37,0,E4,8882,910,9.760439560439561
DS1,complex random K5 seed37,3,E,8882,910,9.760439560439561
DS1,complex random K5 seed37,4,P,8882,910,9.760439560439561
DS1,complex random K5 seed37,5,L,8882,910,9.760439560439561
DS1,complex random K5 seed37,7,L3,8882,910,9.760439560439561
DS1,complex random K7 seed11,0,E4,8882,910,9.760439560439561
DS1,complex random K7 seed11,2,E2,8882,910,9.760439560439561
DS1,complex random K7 seed11,3,E,8882,910,9.760439560439561
DS1,complex random K7 seed11,4,P,8882,910,9.760439560439561
DS1,complex random K7 seed11,5,L,8882,910,9.760439560439561
DS1,complex random K7 seed11,6,L2,8882,910,9.760439560439561
DS1,complex random K7 seed11,7,L3,8882,910,9.760439560439561
DS1,complex random K7 seed23,0,E4,8882,910,9.760439560439561
DS1,complex random K7 seed23,2,E2,8882,910,9.760439560439561
DS1,complex random K7 seed23,3,E,8882,910,9.760439560439561
DS1,complex random K7 seed23,4,P,8882,910,9.760439560439561
DS1,complex random K7 seed23,5,L,8882,910,9.760439560439561
DS1,complex random K7 seed23,6,L2,8882,910,9.760439560439561
DS1,complex random K7 seed23,7,L3,8882,910,9.760439560439561
DS1,complex random K7 seed37,0,E4,8882,910,9.760439560439561
DS1,complex random K7 seed37,2,E2,8882,910,9.760439560439561
DS1,complex random K7 seed37,3,E,8882,910,9.760439560439561
DS1,complex random K7 seed37,4,P,8882,910,9.760439560439561
DS1,complex random K7 seed37,5,L,8882,910,9.760439560439561
DS1,complex random K7 seed37,6,L2,8882,910,9.760439560439561
DS1,complex random K7 seed37,8,L4,8882,910,9.760439560439561
DS1,magnitude all9,0,E4,8882,910,9.760439560439561
DS1,magnitude all9,1,E3,8882,910,9.760439560439561
DS1,magnitude all9,2,E2,8882,910,9.760439560439561
DS1,magnitude all9,3,E,8882,910,9.760439560439561
DS1,magnitude all9,4,P,8882,910,9.760439560439561
DS1,magnitude all9,5,L,8882,910,9.760439560439561
DS1,magnitude all9,6,L2,8882,910,9.760439560439561
DS1,magnitude all9,7,L3,8882,910,9.760439560439561
DS1,magnitude all9,8,L4,8882,910,9.760439560439561
DS1,phase all9,0,E4,8882,910,9.760439560439561
DS1,phase all9,1,E3,8882,910,9.760439560439561
DS1,phase all9,2,E2,8882,910,9.760439560439561
DS1,phase all9,3,E,8882,910,9.760439560439561
DS1,phase all9,4,P,8882,910,9.760439560439561
DS1,phase all9,5,L,8882,910,9.760439560439561
DS1,phase all9,6,L2,8882,910,9.760439560439561
DS1,phase all9,7,L3,8882,910,9.760439560439561
DS1,phase all9,8,L4,8882,910,9.760439560439561
DS2,complex K3,3,E,9671,901,10.733629300776915
DS2,complex K3,4,P,9671,901,10.733629300776915
DS2,complex K3,5,L,9671,901,10.733629300776915
DS2,complex adaptive K5,0,E4,9671,901,10.733629300776915
DS2,complex adaptive K5,1,E3,9671,901,10.733629300776915
DS2,complex adaptive K5,3,E,9671,901,10.733629300776915
DS2,complex adaptive K5,4,P,9671,901,10.733629300776915
DS2,complex adaptive K5,5,L,9671,901,10.733629300776915
DS2,complex adaptive K7,0,E4,9671,901,10.733629300776915
DS2,complex adaptive K7,1,E3,9671,901,10.733629300776915
DS2,complex adaptive K7,2,E2,9671,901,10.733629300776915
DS2,complex adaptive K7,3,E,9671,901,10.733629300776915
DS2,complex adaptive K7,4,P,9671,901,10.733629300776915
DS2,complex adaptive K7,5,L,9671,901,10.733629300776915
DS2,complex adaptive K7,6,L2,9671,901,10.733629300776915
DS2,complex all9,0,E4,9671,901,10.733629300776915
DS2,complex all9,1,E3,9671,901,10.733629300776915
DS2,complex all9,2,E2,9671,901,10.733629300776915
DS2,complex all9,3,E,9671,901,10.733629300776915
DS2,complex all9,4,P,9671,901,10.733629300776915
DS2,complex all9,5,L,9671,901,10.733629300776915
DS2,complex all9,6,L2,9671,901,10.733629300776915
DS2,complex all9,7,L3,9671,901,10.733629300776915
DS2,complex all9,8,L4,9671,901,10.733629300776915
DS2,complex fixed K5,2,E2,9671,901,10.733629300776915
DS2,complex fixed K5,3,E,9671,901,10.733629300776915
DS2,complex fixed K5,4,P,9671,901,10.733629300776915
DS2,complex fixed K5,5,L,9671,901,10.733629300776915
DS2,complex fixed K5,6,L2,9671,901,10.733629300776915
DS2,complex fixed K7,1,E3,9671,901,10.733629300776915
DS2,complex fixed K7,2,E2,9671,901,10.733629300776915
DS2,complex fixed K7,3,E,9671,901,10.733629300776915
DS2,complex fixed K7,4,P,9671,901,10.733629300776915
DS2,complex fixed K7,5,L,9671,901,10.733629300776915
DS2,complex fixed K7,6,L2,9671,901,10.733629300776915
DS2,complex fixed K7,7,L3,9671,901,10.733629300776915
DS2,complex random K5 seed11,0,E4,9671,901,10.733629300776915
DS2,complex random K5 seed11,3,E,9671,901,10.733629300776915
DS2,complex random K5 seed11,4,P,9671,901,10.733629300776915
DS2,complex random K5 seed11,5,L,9671,901,10.733629300776915
DS2,complex random K5 seed11,8,L4,9671,901,10.733629300776915
DS2,complex random K5 seed23,0,E4,9671,901,10.733629300776915
DS2,complex random K5 seed23,3,E,9671,901,10.733629300776915
DS2,complex random K5 seed23,4,P,9671,901,10.733629300776915
DS2,complex random K5 seed23,5,L,9671,901,10.733629300776915
DS2,complex random K5 seed23,7,L3,9671,901,10.733629300776915
DS2,complex random K5 seed37,0,E4,9671,901,10.733629300776915
DS2,complex random K5 seed37,3,E,9671,901,10.733629300776915
DS2,complex random K5 seed37,4,P,9671,901,10.733629300776915
DS2,complex random K5 seed37,5,L,9671,901,10.733629300776915
DS2,complex random K5 seed37,7,L3,9671,901,10.733629300776915
DS2,complex random K7 seed11,0,E4,9671,901,10.733629300776915
DS2,complex random K7 seed11,2,E2,9671,901,10.733629300776915
DS2,complex random K7 seed11,3,E,9671,901,10.733629300776915
DS2,complex random K7 seed11,4,P,9671,901,10.733629300776915
DS2,complex random K7 seed11,5,L,9671,901,10.733629300776915
DS2,complex random K7 seed11,6,L2,9671,901,10.733629300776915
DS2,complex random K7 seed11,7,L3,9671,901,10.733629300776915
DS2,complex random K7 seed23,0,E4,9671,901,10.733629300776915
DS2,complex random K7 seed23,2,E2,9671,901,10.733629300776915
DS2,complex random K7 seed23,3,E,9671,901,10.733629300776915
DS2,complex random K7 seed23,4,P,9671,901,10.733629300776915
DS2,complex random K7 seed23,5,L,9671,901,10.733629300776915
DS2,complex random K7 seed23,6,L2,9671,901,10.733629300776915
DS2,complex random K7 seed23,7,L3,9671,901,10.733629300776915
DS2,complex random K7 seed37,0,E4,9671,901,10.733629300776915
DS2,complex random K7 seed37,2,E2,9671,901,10.733629300776915
DS2,complex random K7 seed37,3,E,9671,901,10.733629300776915
DS2,complex random K7 seed37,4,P,9671,901,10.733629300776915
DS2,complex random K7 seed37,5,L,9671,901,10.733629300776915
DS2,complex random K7 seed37,6,L2,9671,901,10.733629300776915
DS2,complex random K7 seed37,8,L4,9671,901,10.733629300776915
DS2,magnitude all9,0,E4,9671,901,10.733629300776915
DS2,magnitude all9,1,E3,9671,901,10.733629300776915
DS2,magnitude all9,2,E2,9671,901,10.733629300776915
DS2,magnitude all9,3,E,9671,901,10.733629300776915
DS2,magnitude all9,4,P,9671,901,10.733629300776915
DS2,magnitude all9,5,L,9671,901,10.733629300776915
DS2,magnitude all9,6,L2,9671,901,10.733629300776915
DS2,magnitude all9,7,L3,9671,901,10.733629300776915
DS2,magnitude all9,8,L4,9671,901,10.733629300776915
DS2,phase all9,0,E4,9671,901,10.733629300776915
DS2,phase all9,1,E3,9671,901,10.733629300776915
DS2,phase all9,2,E2,9671,901,10.733629300776915
DS2,phase all9,3,E,9671,901,10.733629300776915
DS2,phase all9,4,P,9671,901,10.733629300776915
DS2,phase all9,5,L,9671,901,10.733629300776915
DS2,phase all9,6,L2,9671,901,10.733629300776915
DS2,phase all9,7,L3,9671,901,10.733629300776915
DS2,phase all9,8,L4,9671,901,10.733629300776915
DS3,complex K3,3,E,9695,902,10.748337028824833
DS3,complex K3,4,P,9695,902,10.748337028824833
DS3,complex K3,5,L,9695,902,10.748337028824833
DS3,complex adaptive K5,0,E4,9695,902,10.748337028824833
DS3,complex adaptive K5,1,E3,9695,902,10.748337028824833
DS3,complex adaptive K5,3,E,9695,902,10.748337028824833
DS3,complex adaptive K5,4,P,9695,902,10.748337028824833
DS3,complex adaptive K5,5,L,9695,902,10.748337028824833
DS3,complex adaptive K7,0,E4,9695,902,10.748337028824833
DS3,complex adaptive K7,1,E3,9695,902,10.748337028824833
DS3,complex adaptive K7,2,E2,9695,902,10.748337028824833
DS3,complex adaptive K7,3,E,9695,902,10.748337028824833
DS3,complex adaptive K7,4,P,9695,902,10.748337028824833
DS3,complex adaptive K7,5,L,9695,902,10.748337028824833
DS3,complex adaptive K7,6,L2,9695,902,10.748337028824833
DS3,complex all9,0,E4,9695,902,10.748337028824833
DS3,complex all9,1,E3,9695,902,10.748337028824833
DS3,complex all9,2,E2,9695,902,10.748337028824833
DS3,complex all9,3,E,9695,902,10.748337028824833
DS3,complex all9,4,P,9695,902,10.748337028824833
DS3,complex all9,5,L,9695,902,10.748337028824833
DS3,complex all9,6,L2,9695,902,10.748337028824833
DS3,complex all9,7,L3,9695,902,10.748337028824833
DS3,complex all9,8,L4,9695,902,10.748337028824833
DS3,complex fixed K5,2,E2,9695,902,10.748337028824833
DS3,complex fixed K5,3,E,9695,902,10.748337028824833
DS3,complex fixed K5,4,P,9695,902,10.748337028824833
DS3,complex fixed K5,5,L,9695,902,10.748337028824833
DS3,complex fixed K5,6,L2,9695,902,10.748337028824833
DS3,complex fixed K7,1,E3,9695,902,10.748337028824833
DS3,complex fixed K7,2,E2,9695,902,10.748337028824833
DS3,complex fixed K7,3,E,9695,902,10.748337028824833
DS3,complex fixed K7,4,P,9695,902,10.748337028824833
DS3,complex fixed K7,5,L,9695,902,10.748337028824833
DS3,complex fixed K7,6,L2,9695,902,10.748337028824833
DS3,complex fixed K7,7,L3,9695,902,10.748337028824833
DS3,complex random K5 seed11,0,E4,9695,902,10.748337028824833
DS3,complex random K5 seed11,3,E,9695,902,10.748337028824833
DS3,complex random K5 seed11,4,P,9695,902,10.748337028824833
DS3,complex random K5 seed11,5,L,9695,902,10.748337028824833
DS3,complex random K5 seed11,8,L4,9695,902,10.748337028824833
DS3,complex random K5 seed23,0,E4,9695,902,10.748337028824833
DS3,complex random K5 seed23,3,E,9695,902,10.748337028824833
DS3,complex random K5 seed23,4,P,9695,902,10.748337028824833
DS3,complex random K5 seed23,5,L,9695,902,10.748337028824833
DS3,complex random K5 seed23,7,L3,9695,902,10.748337028824833
DS3,complex random K5 seed37,0,E4,9695,902,10.748337028824833
DS3,complex random K5 seed37,3,E,9695,902,10.748337028824833
DS3,complex random K5 seed37,4,P,9695,902,10.748337028824833
DS3,complex random K5 seed37,5,L,9695,902,10.748337028824833
DS3,complex random K5 seed37,7,L3,9695,902,10.748337028824833
DS3,complex random K7 seed11,0,E4,9695,902,10.748337028824833
DS3,complex random K7 seed11,2,E2,9695,902,10.748337028824833
DS3,complex random K7 seed11,3,E,9695,902,10.748337028824833
DS3,complex random K7 seed11,4,P,9695,902,10.748337028824833
DS3,complex random K7 seed11,5,L,9695,902,10.748337028824833
DS3,complex random K7 seed11,6,L2,9695,902,10.748337028824833
DS3,complex random K7 seed11,7,L3,9695,902,10.748337028824833
DS3,complex random K7 seed23,0,E4,9695,902,10.748337028824833
DS3,complex random K7 seed23,2,E2,9695,902,10.748337028824833
DS3,complex random K7 seed23,3,E,9695,902,10.748337028824833
DS3,complex random K7 seed23,4,P,9695,902,10.748337028824833
DS3,complex random K7 seed23,5,L,9695,902,10.748337028824833
DS3,complex random K7 seed23,6,L2,9695,902,10.748337028824833
DS3,complex random K7 seed23,7,L3,9695,902,10.748337028824833
DS3,complex random K7 seed37,0,E4,9695,902,10.748337028824833
DS3,complex random K7 seed37,2,E2,9695,902,10.748337028824833
DS3,complex random K7 seed37,3,E,9695,902,10.748337028824833
DS3,complex random K7 seed37,4,P,9695,902,10.748337028824833
DS3,complex random K7 seed37,5,L,9695,902,10.748337028824833
DS3,complex random K7 seed37,6,L2,9695,902,10.748337028824833
DS3,complex random K7 seed37,8,L4,9695,902,10.748337028824833
DS3,magnitude all9,0,E4,9695,902,10.748337028824833
DS3,magnitude all9,1,E3,9695,902,10.748337028824833
DS3,magnitude all9,2,E2,9695,902,10.748337028824833
DS3,magnitude all9,3,E,9695,902,10.748337028824833
DS3,magnitude all9,4,P,9695,902,10.748337028824833
DS3,magnitude all9,5,L,9695,902,10.748337028824833
DS3,magnitude all9,6,L2,9695,902,10.748337028824833
DS3,magnitude all9,7,L3,9695,902,10.748337028824833
DS3,magnitude all9,8,L4,9695,902,10.748337028824833
DS3,phase all9,0,E4,9695,902,10.748337028824833
DS3,phase all9,1,E3,9695,902,10.748337028824833
DS3,phase all9,2,E2,9695,902,10.748337028824833
DS3,phase all9,3,E,9695,902,10.748337028824833
DS3,phase all9,4,P,9695,902,10.748337028824833
DS3,phase all9,5,L,9695,902,10.748337028824833
DS3,phase all9,6,L2,9695,902,10.748337028824833
DS3,phase all9,7,L3,9695,902,10.748337028824833
DS3,phase all9,8,L4,9695,902,10.748337028824833
DS7,complex K3,3,E,5538,528,10.488636363636363
DS7,complex K3,4,P,5538,528,10.488636363636363
DS7,complex K3,5,L,5538,528,10.488636363636363
DS7,complex adaptive K5,0,E4,5538,528,10.488636363636363
DS7,complex adaptive K5,1,E3,5538,528,10.488636363636363
DS7,complex adaptive K5,3,E,5538,528,10.488636363636363
DS7,complex adaptive K5,4,P,5538,528,10.488636363636363
DS7,complex adaptive K5,5,L,5538,528,10.488636363636363
DS7,complex adaptive K7,0,E4,5538,528,10.488636363636363
DS7,complex adaptive K7,1,E3,5538,528,10.488636363636363
DS7,complex adaptive K7,2,E2,5538,528,10.488636363636363
DS7,complex adaptive K7,3,E,5538,528,10.488636363636363
DS7,complex adaptive K7,4,P,5538,528,10.488636363636363
DS7,complex adaptive K7,5,L,5538,528,10.488636363636363
DS7,complex adaptive K7,6,L2,5538,528,10.488636363636363
DS7,complex all9,0,E4,5538,528,10.488636363636363
DS7,complex all9,1,E3,5538,528,10.488636363636363
DS7,complex all9,2,E2,5538,528,10.488636363636363
DS7,complex all9,3,E,5538,528,10.488636363636363
DS7,complex all9,4,P,5538,528,10.488636363636363
DS7,complex all9,5,L,5538,528,10.488636363636363
DS7,complex all9,6,L2,5538,528,10.488636363636363
DS7,complex all9,7,L3,5538,528,10.488636363636363
DS7,complex all9,8,L4,5538,528,10.488636363636363
DS7,complex fixed K5,2,E2,5538,528,10.488636363636363
DS7,complex fixed K5,3,E,5538,528,10.488636363636363
DS7,complex fixed K5,4,P,5538,528,10.488636363636363
DS7,complex fixed K5,5,L,5538,528,10.488636363636363
DS7,complex fixed K5,6,L2,5538,528,10.488636363636363
DS7,complex fixed K7,1,E3,5538,528,10.488636363636363
DS7,complex fixed K7,2,E2,5538,528,10.488636363636363
DS7,complex fixed K7,3,E,5538,528,10.488636363636363
DS7,complex fixed K7,4,P,5538,528,10.488636363636363
DS7,complex fixed K7,5,L,5538,528,10.488636363636363
DS7,complex fixed K7,6,L2,5538,528,10.488636363636363
DS7,complex fixed K7,7,L3,5538,528,10.488636363636363
DS7,complex random K5 seed11,0,E4,5538,528,10.488636363636363
DS7,complex random K5 seed11,3,E,5538,528,10.488636363636363
DS7,complex random K5 seed11,4,P,5538,528,10.488636363636363
DS7,complex random K5 seed11,5,L,5538,528,10.488636363636363
DS7,complex random K5 seed11,8,L4,5538,528,10.488636363636363
DS7,complex random K5 seed23,0,E4,5538,528,10.488636363636363
DS7,complex random K5 seed23,3,E,5538,528,10.488636363636363
DS7,complex random K5 seed23,4,P,5538,528,10.488636363636363
DS7,complex random K5 seed23,5,L,5538,528,10.488636363636363
DS7,complex random K5 seed23,7,L3,5538,528,10.488636363636363
DS7,complex random K5 seed37,0,E4,5538,528,10.488636363636363
DS7,complex random K5 seed37,3,E,5538,528,10.488636363636363
DS7,complex random K5 seed37,4,P,5538,528,10.488636363636363
DS7,complex random K5 seed37,5,L,5538,528,10.488636363636363
DS7,complex random K5 seed37,7,L3,5538,528,10.488636363636363
DS7,complex random K7 seed11,0,E4,5538,528,10.488636363636363
DS7,complex random K7 seed11,2,E2,5538,528,10.488636363636363
DS7,complex random K7 seed11,3,E,5538,528,10.488636363636363
DS7,complex random K7 seed11,4,P,5538,528,10.488636363636363
DS7,complex random K7 seed11,5,L,5538,528,10.488636363636363
DS7,complex random K7 seed11,6,L2,5538,528,10.488636363636363
DS7,complex random K7 seed11,7,L3,5538,528,10.488636363636363
DS7,complex random K7 seed23,0,E4,5538,528,10.488636363636363
DS7,complex random K7 seed23,2,E2,5538,528,10.488636363636363
DS7,complex random K7 seed23,3,E,5538,528,10.488636363636363
DS7,complex random K7 seed23,4,P,5538,528,10.488636363636363
DS7,complex random K7 seed23,5,L,5538,528,10.488636363636363
DS7,complex random K7 seed23,6,L2,5538,528,10.488636363636363
DS7,complex random K7 seed23,7,L3,5538,528,10.488636363636363
DS7,complex random K7 seed37,0,E4,5538,528,10.488636363636363
DS7,complex random K7 seed37,2,E2,5538,528,10.488636363636363
DS7,complex random K7 seed37,3,E,5538,528,10.488636363636363
DS7,complex random K7 seed37,4,P,5538,528,10.488636363636363
DS7,complex random K7 seed37,5,L,5538,528,10.488636363636363
DS7,complex random K7 seed37,6,L2,5538,528,10.488636363636363
DS7,complex random K7 seed37,8,L4,5538,528,10.488636363636363
DS7,magnitude all9,0,E4,5538,528,10.488636363636363
DS7,magnitude all9,1,E3,5538,528,10.488636363636363
DS7,magnitude all9,2,E2,5538,528,10.488636363636363
DS7,magnitude all9,3,E,5538,528,10.488636363636363
DS7,magnitude all9,4,P,5538,528,10.488636363636363
DS7,magnitude all9,5,L,5538,528,10.488636363636363
DS7,magnitude all9,6,L2,5538,528,10.488636363636363
DS7,magnitude all9,7,L3,5538,528,10.488636363636363
DS7,magnitude all9,8,L4,5538,528,10.488636363636363
DS7,phase all9,0,E4,5538,528,10.488636363636363
DS7,phase all9,1,E3,5538,528,10.488636363636363
DS7,phase all9,2,E2,5538,528,10.488636363636363
DS7,phase all9,3,E,5538,528,10.488636363636363
DS7,phase all9,4,P,5538,528,10.488636363636363
DS7,phase all9,5,L,5538,528,10.488636363636363
DS7,phase all9,6,L2,5538,528,10.488636363636363
DS7,phase all9,7,L3,5538,528,10.488636363636363
DS7,phase all9,8,L4,5538,528,10.488636363636363
DS8,complex K3,3,E,9887,926,10.677105831533478
DS8,complex K3,4,P,9887,926,10.677105831533478
DS8,complex K3,5,L,9887,926,10.677105831533478
DS8,complex adaptive K5,0,E4,9887,926,10.677105831533478
DS8,complex adaptive K5,1,E3,9887,926,10.677105831533478
DS8,complex adaptive K5,3,E,9887,926,10.677105831533478
DS8,complex adaptive K5,4,P,9887,926,10.677105831533478
DS8,complex adaptive K5,5,L,9887,926,10.677105831533478
DS8,complex adaptive K7,0,E4,9887,926,10.677105831533478
DS8,complex adaptive K7,1,E3,9887,926,10.677105831533478
DS8,complex adaptive K7,2,E2,9887,926,10.677105831533478
DS8,complex adaptive K7,3,E,9887,926,10.677105831533478
DS8,complex adaptive K7,4,P,9887,926,10.677105831533478
DS8,complex adaptive K7,5,L,9887,926,10.677105831533478
DS8,complex adaptive K7,6,L2,9887,926,10.677105831533478
DS8,complex all9,0,E4,9887,926,10.677105831533478
DS8,complex all9,1,E3,9887,926,10.677105831533478
DS8,complex all9,2,E2,9887,926,10.677105831533478
DS8,complex all9,3,E,9887,926,10.677105831533478
DS8,complex all9,4,P,9887,926,10.677105831533478
DS8,complex all9,5,L,9887,926,10.677105831533478
DS8,complex all9,6,L2,9887,926,10.677105831533478
DS8,complex all9,7,L3,9887,926,10.677105831533478
DS8,complex all9,8,L4,9887,926,10.677105831533478
DS8,complex fixed K5,2,E2,9887,926,10.677105831533478
DS8,complex fixed K5,3,E,9887,926,10.677105831533478
DS8,complex fixed K5,4,P,9887,926,10.677105831533478
DS8,complex fixed K5,5,L,9887,926,10.677105831533478
DS8,complex fixed K5,6,L2,9887,926,10.677105831533478
DS8,complex fixed K7,1,E3,9887,926,10.677105831533478
DS8,complex fixed K7,2,E2,9887,926,10.677105831533478
DS8,complex fixed K7,3,E,9887,926,10.677105831533478
DS8,complex fixed K7,4,P,9887,926,10.677105831533478
DS8,complex fixed K7,5,L,9887,926,10.677105831533478
DS8,complex fixed K7,6,L2,9887,926,10.677105831533478
DS8,complex fixed K7,7,L3,9887,926,10.677105831533478
DS8,complex random K5 seed11,0,E4,9887,926,10.677105831533478
DS8,complex random K5 seed11,3,E,9887,926,10.677105831533478
DS8,complex random K5 seed11,4,P,9887,926,10.677105831533478
DS8,complex random K5 seed11,5,L,9887,926,10.677105831533478
DS8,complex random K5 seed11,8,L4,9887,926,10.677105831533478
DS8,complex random K5 seed23,0,E4,9887,926,10.677105831533478
DS8,complex random K5 seed23,3,E,9887,926,10.677105831533478
DS8,complex random K5 seed23,4,P,9887,926,10.677105831533478
DS8,complex random K5 seed23,5,L,9887,926,10.677105831533478
DS8,complex random K5 seed23,7,L3,9887,926,10.677105831533478
DS8,complex random K5 seed37,0,E4,9887,926,10.677105831533478
DS8,complex random K5 seed37,3,E,9887,926,10.677105831533478
DS8,complex random K5 seed37,4,P,9887,926,10.677105831533478
DS8,complex random K5 seed37,5,L,9887,926,10.677105831533478
DS8,complex random K5 seed37,7,L3,9887,926,10.677105831533478
DS8,complex random K7 seed11,0,E4,9887,926,10.677105831533478
DS8,complex random K7 seed11,2,E2,9887,926,10.677105831533478
DS8,complex random K7 seed11,3,E,9887,926,10.677105831533478
DS8,complex random K7 seed11,4,P,9887,926,10.677105831533478
DS8,complex random K7 seed11,5,L,9887,926,10.677105831533478
DS8,complex random K7 seed11,6,L2,9887,926,10.677105831533478
DS8,complex random K7 seed11,7,L3,9887,926,10.677105831533478
DS8,complex random K7 seed23,0,E4,9887,926,10.677105831533478
DS8,complex random K7 seed23,2,E2,9887,926,10.677105831533478
DS8,complex random K7 seed23,3,E,9887,926,10.677105831533478
DS8,complex random K7 seed23,4,P,9887,926,10.677105831533478
DS8,complex random K7 seed23,5,L,9887,926,10.677105831533478
DS8,complex random K7 seed23,6,L2,9887,926,10.677105831533478
DS8,complex random K7 seed23,7,L3,9887,926,10.677105831533478
DS8,complex random K7 seed37,0,E4,9887,926,10.677105831533478
DS8,complex random K7 seed37,2,E2,9887,926,10.677105831533478
DS8,complex random K7 seed37,3,E,9887,926,10.677105831533478
DS8,complex random K7 seed37,4,P,9887,926,10.677105831533478
DS8,complex random K7 seed37,5,L,9887,926,10.677105831533478
DS8,complex random K7 seed37,6,L2,9887,926,10.677105831533478
DS8,complex random K7 seed37,8,L4,9887,926,10.677105831533478
DS8,magnitude all9,0,E4,9887,926,10.677105831533478
DS8,magnitude all9,1,E3,9887,926,10.677105831533478
DS8,magnitude all9,2,E2,9887,926,10.677105831533478
DS8,magnitude all9,3,E,9887,926,10.677105831533478
DS8,magnitude all9,4,P,9887,926,10.677105831533478
DS8,magnitude all9,5,L,9887,926,10.677105831533478
DS8,magnitude all9,6,L2,9887,926,10.677105831533478
DS8,magnitude all9,7,L3,9887,926,10.677105831533478
DS8,magnitude all9,8,L4,9887,926,10.677105831533478
DS8,phase all9,0,E4,9887,926,10.677105831533478
DS8,phase all9,1,E3,9887,926,10.677105831533478
DS8,phase all9,2,E2,9887,926,10.677105831533478
DS8,phase all9,3,E,9887,926,10.677105831533478
DS8,phase all9,4,P,9887,926,10.677105831533478
DS8,phase all9,5,L,9887,926,10.677105831533478
DS8,phase all9,6,L2,9887,926,10.677105831533478
DS8,phase all9,7,L3,9887,926,10.677105831533478
DS8,phase all9,8,L4,9887,926,10.677105831533478
cleanStatic,complex K3,3,E,2654,247,10.744939271255062
cleanStatic,complex K3,4,P,2654,247,10.744939271255062
cleanStatic,complex K3,5,L,2654,247,10.744939271255062
cleanStatic,complex adaptive K5,0,E4,2654,247,10.744939271255062
cleanStatic,complex adaptive K5,1,E3,2654,247,10.744939271255062
cleanStatic,complex adaptive K5,3,E,2654,247,10.744939271255062
cleanStatic,complex adaptive K5,4,P,2654,247,10.744939271255062
cleanStatic,complex adaptive K5,5,L,2654,247,10.744939271255062
cleanStatic,complex adaptive K7,0,E4,2654,247,10.744939271255062
cleanStatic,complex adaptive K7,1,E3,2654,247,10.744939271255062
cleanStatic,complex adaptive K7,2,E2,2654,247,10.744939271255062
cleanStatic,complex adaptive K7,3,E,2654,247,10.744939271255062
cleanStatic,complex adaptive K7,4,P,2654,247,10.744939271255062
cleanStatic,complex adaptive K7,5,L,2654,247,10.744939271255062
cleanStatic,complex adaptive K7,6,L2,2654,247,10.744939271255062
cleanStatic,complex all9,0,E4,2654,247,10.744939271255062
cleanStatic,complex all9,1,E3,2654,247,10.744939271255062
cleanStatic,complex all9,2,E2,2654,247,10.744939271255062
cleanStatic,complex all9,3,E,2654,247,10.744939271255062
cleanStatic,complex all9,4,P,2654,247,10.744939271255062
cleanStatic,complex all9,5,L,2654,247,10.744939271255062
cleanStatic,complex all9,6,L2,2654,247,10.744939271255062
cleanStatic,complex all9,7,L3,2654,247,10.744939271255062
cleanStatic,complex all9,8,L4,2654,247,10.744939271255062
cleanStatic,complex fixed K5,2,E2,2654,247,10.744939271255062
cleanStatic,complex fixed K5,3,E,2654,247,10.744939271255062
cleanStatic,complex fixed K5,4,P,2654,247,10.744939271255062
cleanStatic,complex fixed K5,5,L,2654,247,10.744939271255062
cleanStatic,complex fixed K5,6,L2,2654,247,10.744939271255062
cleanStatic,complex fixed K7,1,E3,2654,247,10.744939271255062
cleanStatic,complex fixed K7,2,E2,2654,247,10.744939271255062
cleanStatic,complex fixed K7,3,E,2654,247,10.744939271255062
cleanStatic,complex fixed K7,4,P,2654,247,10.744939271255062
cleanStatic,complex fixed K7,5,L,2654,247,10.744939271255062
cleanStatic,complex fixed K7,6,L2,2654,247,10.744939271255062
cleanStatic,complex fixed K7,7,L3,2654,247,10.744939271255062
cleanStatic,complex random K5 seed11,0,E4,2654,247,10.744939271255062
cleanStatic,complex random K5 seed11,3,E,2654,247,10.744939271255062
cleanStatic,complex random K5 seed11,4,P,2654,247,10.744939271255062
cleanStatic,complex random K5 seed11,5,L,2654,247,10.744939271255062
cleanStatic,complex random K5 seed11,8,L4,2654,247,10.744939271255062
cleanStatic,complex random K5 seed23,0,E4,2654,247,10.744939271255062
cleanStatic,complex random K5 seed23,3,E,2654,247,10.744939271255062
cleanStatic,complex random K5 seed23,4,P,2654,247,10.744939271255062
cleanStatic,complex random K5 seed23,5,L,2654,247,10.744939271255062
cleanStatic,complex random K5 seed23,7,L3,2654,247,10.744939271255062
cleanStatic,complex random K5 seed37,0,E4,2654,247,10.744939271255062
cleanStatic,complex random K5 seed37,3,E,2654,247,10.744939271255062
cleanStatic,complex random K5 seed37,4,P,2654,247,10.744939271255062
cleanStatic,complex random K5 seed37,5,L,2654,247,10.744939271255062
cleanStatic,complex random K5 seed37,7,L3,2654,247,10.744939271255062
cleanStatic,complex random K7 seed11,0,E4,2654,247,10.744939271255062
cleanStatic,complex random K7 seed11,2,E2,2654,247,10.744939271255062
cleanStatic,complex random K7 seed11,3,E,2654,247,10.744939271255062
cleanStatic,complex random K7 seed11,4,P,2654,247,10.744939271255062
cleanStatic,complex random K7 seed11,5,L,2654,247,10.744939271255062
cleanStatic,complex random K7 seed11,6,L2,2654,247,10.744939271255062
cleanStatic,complex random K7 seed11,7,L3,2654,247,10.744939271255062
cleanStatic,complex random K7 seed23,0,E4,2654,247,10.744939271255062
cleanStatic,complex random K7 seed23,2,E2,2654,247,10.744939271255062
cleanStatic,complex random K7 seed23,3,E,2654,247,10.744939271255062
cleanStatic,complex random K7 seed23,4,P,2654,247,10.744939271255062
cleanStatic,complex random K7 seed23,5,L,2654,247,10.744939271255062
cleanStatic,complex random K7 seed23,6,L2,2654,247,10.744939271255062
cleanStatic,complex random K7 seed23,7,L3,2654,247,10.744939271255062
cleanStatic,complex random K7 seed37,0,E4,2654,247,10.744939271255062
cleanStatic,complex random K7 seed37,2,E2,2654,247,10.744939271255062
cleanStatic,complex random K7 seed37,3,E,2654,247,10.744939271255062
cleanStatic,complex random K7 seed37,4,P,2654,247,10.744939271255062
cleanStatic,complex random K7 seed37,5,L,2654,247,10.744939271255062
cleanStatic,complex random K7 seed37,6,L2,2654,247,10.744939271255062
cleanStatic,complex random K7 seed37,8,L4,2654,247,10.744939271255062
cleanStatic,magnitude all9,0,E4,2654,247,10.744939271255062
cleanStatic,magnitude all9,1,E3,2654,247,10.744939271255062
cleanStatic,magnitude all9,2,E2,2654,247,10.744939271255062
cleanStatic,magnitude all9,3,E,2654,247,10.744939271255062
cleanStatic,magnitude all9,4,P,2654,247,10.744939271255062
cleanStatic,magnitude all9,5,L,2654,247,10.744939271255062
cleanStatic,magnitude all9,6,L2,2654,247,10.744939271255062
cleanStatic,magnitude all9,7,L3,2654,247,10.744939271255062
cleanStatic,magnitude all9,8,L4,2654,247,10.744939271255062
cleanStatic,phase all9,0,E4,2654,247,10.744939271255062
cleanStatic,phase all9,1,E3,2654,247,10.744939271255062
cleanStatic,phase all9,2,E2,2654,247,10.744939271255062
cleanStatic,phase all9,3,E,2654,247,10.744939271255062
cleanStatic,phase all9,4,P,2654,247,10.744939271255062
cleanStatic,phase all9,5,L,2654,247,10.744939271255062
cleanStatic,phase all9,6,L2,2654,247,10.744939271255062
cleanStatic,phase all9,7,L3,2654,247,10.744939271255062
cleanStatic,phase all9,8,L4,2654,247,10.744939271255062
