case_id,complex_scalar_imag,complex_scalar_real,control,control_delta_bic,control_recovered_delay_chips,control_recovered_doppler_hz,dataset,injected_delta_bic,paired_difference_delta_bic,strong_resolvable,target_prn
OAKBAT.cleanStatic.single.00,0.0,0.7190058497039318,GAIN_RMS_MATCHED,-23.163372619077563,-0.35,-75.0,OAKBAT.cleanStatic,41.125291985459626,64.28866460453719,False,10
OAKBAT.cleanStatic.single.01,0.0,1.3600479918251678,GAIN_RMS_MATCHED,-23.00756761408411,-0.35,-75.0,OAKBAT.cleanStatic,589.6716455337591,612.6792131478433,False,11
OAKBAT.cleanStatic.single.02,0.0,1.187277593607895,GAIN_RMS_MATCHED,-23.17242620140314,-0.35,-75.0,OAKBAT.cleanStatic,1174.302165181376,1197.4745913827792,True,21
OAKBAT.cleanStatic.single.03,0.0,1.101295790022959,GAIN_RMS_MATCHED,-23.169412892195396,-0.35,-75.0,OAKBAT.cleanStatic,492.96242566779256,516.131838559988,True,24
OAKBAT.cleanStatic.single.04,0.0,1.0405738350249114,GAIN_RMS_MATCHED,-23.172091613523662,-0.35,-75.0,OAKBAT.cleanStatic,565.5732303648256,588.7453219783492,False,27
OAKBAT.cleanStatic.single.05,0.0,1.3361388085496553,GAIN_RMS_MATCHED,-22.939200680470094,-0.35,-75.0,OAKBAT.cleanStatic,621.7492891009897,644.6884897814598,True,10
OAKBAT.cleanStatic.single.06,0.0,1.1799368199945233,GAIN_RMS_MATCHED,-23.16706606419757,-0.35,-75.0,OAKBAT.cleanStatic,603.486022782512,626.6530888467096,True,11
OAKBAT.cleanStatic.single.07,0.0,1.0996356969594103,GAIN_RMS_MATCHED,-23.172760733636096,-0.35,-75.0,OAKBAT.cleanStatic,82.46645898325369,105.63921971688978,False,21
OAKBAT.cleanStatic.single.08,0.0,1.042461950829082,GAIN_RMS_MATCHED,-23.17510089254938,-0.35,-75.0,OAKBAT.cleanStatic,593.9623517948203,617.1374526873697,False,24
OAKBAT.cleanStatic.single.09,0.0,1.3498949766432133,GAIN_RMS_MATCHED,-23.023849929333664,-0.35,-75.0,OAKBAT.cleanStatic,1134.847412421368,1157.8712623507017,True,27
OAKBAT.cleanStatic.single.10,0.0,1.1868795535861112,GAIN_RMS_MATCHED,-23.169412892195396,-0.35,-75.0,OAKBAT.cleanStatic,435.6367818438448,458.8061947360402,True,10
OAKBAT.cleanStatic.single.11,0.0,1.1007087221661258,GAIN_RMS_MATCHED,-23.163372619077563,-0.35,-75.0,OAKBAT.cleanStatic,740.5459169968963,763.7092896159738,True,11
OAKBAT.cleanStatic.single.12,0.0,1.0375546425720492,GAIN_RMS_MATCHED,-23.175434977631085,-0.35,-75.0,OAKBAT.cleanStatic,1127.750945225358,1150.926380202989,False,21
OAKBAT.cleanStatic.single.13,0.0,1.3436883762199208,GAIN_RMS_MATCHED,-22.84569514566101,-0.35,-75.0,OAKBAT.cleanStatic,668.8013573661447,691.6470525118057,True,24
OAKBAT.cleanStatic.single.14,0.0,1.6378528129666134,GAIN_RMS_MATCHED,-23.16000901244115,-0.35,-75.0,OAKBAT.cleanStatic,53.98316639335826,77.14317540579941,False,27
OAKBAT.cleanStatic.single.15,0.0,1.100005305136411,GAIN_RMS_MATCHED,-23.173429629881866,-0.35,-75.0,OAKBAT.cleanStatic,230.0665558394976,253.23998546937946,False,10
OAKBAT.cleanStatic.single.16,0.0,1.0413287654666012,GAIN_RMS_MATCHED,-23.176436897949316,-0.35,-75.0,OAKBAT.cleanStatic,589.9827598622069,613.1591967601562,False,11
OAKBAT.cleanStatic.single.17,0.0,1.3478694108593423,GAIN_RMS_MATCHED,-22.855911277933046,-0.35,-75.0,OAKBAT.cleanStatic,766.7754144989885,789.6313257769216,True,21
OAKBAT.cleanStatic.single.18,0.0,1.1968094654111043,GAIN_RMS_MATCHED,-23.152589105186053,-0.35,-75.0,OAKBAT.cleanStatic,677.7940913196653,700.9466804248514,True,24
OAKBAT.cleanStatic.single.19,0.0,1.0911992146141154,GAIN_RMS_MATCHED,-23.173095209756866,-0.35,-75.0,OAKBAT.cleanStatic,777.6765224463306,800.8496176560875,True,27
OAKBAT.cleanStatic.single.20,0.0,1.037660490460066,GAIN_RMS_MATCHED,-23.176770759979263,-0.35,-75.0,OAKBAT.cleanStatic,434.51811899384484,457.6948897538241,False,10
OAKBAT.cleanStatic.single.21,0.0,1.3650090617284176,GAIN_RMS_MATCHED,-23.167736867559142,-0.35,-75.0,OAKBAT.cleanStatic,77.66108531225473,100.82882217981387,False,11
OAKBAT.cleanStatic.single.22,0.0,1.190499421768185,GAIN_RMS_MATCHED,-23.170082908822224,-0.35,-75.0,OAKBAT.cleanStatic,1067.2206777194515,1090.3907606282737,False,21
OAKBAT.cleanStatic.single.23,0.0,1.1045336703526067,GAIN_RMS_MATCHED,-23.173763994243927,-0.35,-75.0,OAKBAT.cleanStatic,465.4319787286222,488.6057427228661,True,24
OAKBAT.cleanStatic.single.24,0.0,1.039558456956304,GAIN_RMS_MATCHED,-23.177772011607885,-0.35,-75.0,OAKBAT.cleanStatic,782.8310689590871,806.008840970695,False,27
OAKBAT.cleanStatic.single.25,0.0,1.3571179364928527,GAIN_RMS_MATCHED,-22.8310662379954,-0.35,-75.0,OAKBAT.cleanStatic,398.70517294248566,421.53623918048106,True,10
OAKBAT.cleanStatic.single.26,0.0,1.1799669386464962,GAIN_RMS_MATCHED,-23.168742650770582,-0.35,-75.0,OAKBAT.cleanStatic,619.4775403100066,642.6462829607772,True,11
OAKBAT.cleanStatic.single.27,0.0,1.0902875400141474,GAIN_RMS_MATCHED,-23.17510089254938,-0.35,-75.0,OAKBAT.cleanStatic,1096.9154452681541,1120.0905461607035,True,21
TEXBAT.cleanStatic.single.00,0.0,0.7000830232849736,GAIN_RMS_MATCHED,-23.156639739405364,-0.35,-75.0,TEXBAT.cleanStatic,31.212689597625285,54.36932933703065,False,3
TEXBAT.cleanStatic.single.01,0.0,1.415267673635773,GAIN_RMS_MATCHED,-20.788425009173807,-0.35,-75.0,TEXBAT.cleanStatic,450.99216175975744,471.78058676893124,False,13
TEXBAT.cleanStatic.single.02,0.0,1.214425667748148,GAIN_RMS_MATCHED,-23.146158775663935,-0.35,-75.0,TEXBAT.cleanStatic,2624.942781439051,2648.088940214715,True,16
TEXBAT.cleanStatic.single.03,0.0,1.1086871702563463,GAIN_RMS_MATCHED,-23.15394022827968,-0.35,-75.0,TEXBAT.cleanStatic,994.2935716644861,1017.4475118927658,True,19
TEXBAT.cleanStatic.single.04,0.0,1.0409780166719664,GAIN_RMS_MATCHED,-23.135281794238836,-0.35,-75.0,TEXBAT.cleanStatic,602.408575413283,625.5438572075218,False,30
TEXBAT.cleanStatic.single.05,0.0,1.3755500752138652,GAIN_RMS_MATCHED,-20.231706461374415,-0.35,-75.0,TEXBAT.cleanStatic,295.70906730846036,315.9407737698348,True,3
TEXBAT.cleanStatic.single.06,0.0,1.2094877388249647,GAIN_RMS_MATCHED,-23.15461544774007,-0.35,-75.0,TEXBAT.cleanStatic,360.72149603255093,383.876111480291,True,13
TEXBAT.cleanStatic.single.07,0.0,1.114562863574176,GAIN_RMS_MATCHED,-23.101251584244892,-0.35,-75.0,TEXBAT.cleanStatic,28.840245556086302,51.941497140331194,False,16
TEXBAT.cleanStatic.single.08,0.0,1.0454193921299346,GAIN_RMS_MATCHED,-23.160345627809875,-0.35,-75.0,TEXBAT.cleanStatic,822.6774224909022,845.8377681187121,False,19
TEXBAT.cleanStatic.single.09,0.0,1.3478184682736527,GAIN_RMS_MATCHED,-20.70402430021204,-0.35,-75.0,TEXBAT.cleanStatic,392.4159767529927,413.12000105320476,True,30
TEXBAT.cleanStatic.single.10,0.0,1.2035120073469017,GAIN_RMS_MATCHED,-23.148868803167716,-0.35,-75.0,TEXBAT.cleanStatic,597.0405139625072,620.189382765675,True,3
TEXBAT.cleanStatic.single.11,0.0,1.1209477888786017,GAIN_RMS_MATCHED,-23.10920938383788,-0.35,-75.0,TEXBAT.cleanStatic,299.06237457925454,322.1715839630924,True,13
TEXBAT.cleanStatic.single.12,0.0,1.0429131410070847,GAIN_RMS_MATCHED,-23.167401494109072,-0.35,-75.0,TEXBAT.cleanStatic,2665.390222468879,2688.557623962988,False,16
TEXBAT.cleanStatic.single.13,0.0,1.3640177870245944,GAIN_RMS_MATCHED,-18.169554298001458,-0.35,-75.0,TEXBAT.cleanStatic,297.32799683886697,315.4975511368684,True,19
TEXBAT.cleanStatic.single.14,0.0,1.621148764454977,GAIN_RMS_MATCHED,-23.15697692229878,-0.35,-75.0,TEXBAT.cleanStatic,72.22721444396302,95.3841913662618,False,30
TEXBAT.cleanStatic.single.15,0.0,1.1095740505361018,GAIN_RMS_MATCHED,-23.148530250415206,-0.35,-75.0,TEXBAT.cleanStatic,569.0017971196212,592.1503273700364,False,3
TEXBAT.cleanStatic.single.16,0.0,1.0488770241994512,GAIN_RMS_MATCHED,-23.173429629881866,-0.35,-75.0,TEXBAT.cleanStatic,349.5102545018308,372.68368413171265,False,13
TEXBAT.cleanStatic.single.17,0.0,1.410423353182259,GAIN_RMS_MATCHED,-16.847522493248107,-0.35,-75.0,TEXBAT.cleanStatic,416.7561957834405,433.6037182766886,True,16
TEXBAT.cleanStatic.single.18,0.0,1.2138551318192319,GAIN_RMS_MATCHED,-23.079641056945547,-0.35,-75.0,TEXBAT.cleanStatic,878.5642463797703,901.6438874367159,True,19
TEXBAT.cleanStatic.single.19,0.0,1.093350546750196,GAIN_RMS_MATCHED,-23.101598234730773,-0.35,-75.0,TEXBAT.cleanStatic,466.86879605799913,489.9703942927299,True,30
TEXBAT.cleanStatic.single.20,0.0,1.0407534484406133,GAIN_RMS_MATCHED,-23.169747928506695,-0.35,-75.0,TEXBAT.cleanStatic,547.7133085834794,570.8830565119861,False,3
TEXBAT.cleanStatic.single.21,0.0,1.422792280156987,GAIN_RMS_MATCHED,-23.015544419467915,-0.35,-75.0,TEXBAT.cleanStatic,112.16942485840991,135.18496927787783,False,13
TEXBAT.cleanStatic.single.22,0.0,1.2186553889305425,GAIN_RMS_MATCHED,-23.131870570592582,-0.35,-75.0,TEXBAT.cleanStatic,1457.723193938844,1480.8550645094365,False,16
TEXBAT.cleanStatic.single.23,0.0,1.109618754457612,GAIN_RMS_MATCHED,-23.15326478087809,-0.35,-75.0,TEXBAT.cleanStatic,1010.3825481007807,1033.5358128816588,True,19
TEXBAT.cleanStatic.single.24,0.0,1.039939623094536,GAIN_RMS_MATCHED,-23.151913201087154,-0.35,-75.0,TEXBAT.cleanStatic,464.0431637968868,487.19507699797396,False,30
TEXBAT.cleanStatic.single.25,0.0,1.3451505942020285,GAIN_RMS_MATCHED,-17.508005866984604,-0.35,-75.0,TEXBAT.cleanStatic,291.4200874986709,308.9280933656555,True,3
TEXBAT.cleanStatic.single.26,0.0,1.2110593651045363,GAIN_RMS_MATCHED,-23.137666193884797,-0.35,-75.0,TEXBAT.cleanStatic,378.81049645040184,401.94816264428664,True,13
TEXBAT.cleanStatic.single.27,0.0,1.1042527145617889,GAIN_RMS_MATCHED,-23.167401494109072,-0.35,-75.0,TEXBAT.cleanStatic,2675.9957963521592,2699.1631978462683,True,16
