prn_count,trial,primary_pre_bin_count,primary_post_bin_count,legacy_pre_raw_alarm_rate,partial_f_pre_raw_alarm_rate,legacy_pre_persistent_alarm_rate,partial_f_pre_persistent_alarm_rate,pre_median_residual,pre_median_partial_f_p_value,pre_median_design_condition_number,legacy_ds7_persistent_detection,legacy_ds7_detection_delay_s,partial_f_ds7_persistent_detection,partial_f_ds7_detection_delay_s,partial_f_specificity_gate_passed
7,0,60,161,0.35,0.06666666666666667,0.18333333333333332,0.0,0.4747534982203988,0.46786898617117656,6.758046109201565,True,19.0,True,129.0,True
7,1,60,161,0.36666666666666664,0.03333333333333333,0.2,0.0,0.4319720104054272,0.4136551411035363,9.14129963955192,True,20.0,True,81.0,True
7,2,60,161,0.2833333333333333,0.1,0.1,0.0,0.4759596883463595,0.4694041934294506,9.478148632771944,True,19.0,True,122.0,True
7,3,60,161,0.31666666666666665,0.03333333333333333,0.06666666666666667,0.0,0.5068899804308784,0.5087721669088054,7.496226092625988,True,41.0,True,168.0,True
7,4,60,161,0.3333333333333333,0.03333333333333333,0.2,0.0,0.4384330217606279,0.42181612483812203,5.836356862685591,True,20.0,True,129.0,True
7,5,60,161,0.3333333333333333,0.06666666666666667,0.11666666666666667,0.0,0.49087699477237723,0.4883884459437531,6.857682196248158,True,33.0,True,129.0,True
7,6,60,161,0.2833333333333333,0.1,0.18333333333333332,0.0,0.5526408036122925,0.5668987042048268,12.005370827321322,True,19.0,True,124.0,True
7,7,60,161,0.3333333333333333,0.15,0.1,0.0,0.42193723968629376,0.4010133589024071,6.0253975603825385,True,18.0,True,118.0,True
7,8,60,161,0.43333333333333335,0.06666666666666667,0.36666666666666664,0.0,0.39769396738315566,0.3706580248797017,7.2619569593301385,True,48.0,True,65.0,True
7,9,60,161,0.3,0.1,0.18333333333333332,0.0,0.5398643988173768,0.5506990012366162,7.993834860156245,True,41.0,True,132.0,True
7,10,60,161,0.3333333333333333,0.11666666666666667,0.2,0.0,0.4932532839980108,0.49141235931760235,8.769142947263745,True,47.0,True,100.0,True
7,11,60,161,0.43333333333333335,0.11666666666666667,0.35,0.0,0.39921188851772843,0.37254707555666283,7.8555733475479945,True,37.0,True,121.0,True
7,12,60,161,0.3333333333333333,0.1,0.2833333333333333,0.0,0.5024647138542611,0.50313796306964,9.036867588127953,True,19.0,False,,True
7,13,60,161,0.3333333333333333,0.06666666666666667,0.15,0.0,0.49977972810707305,0.4997197383613794,7.265977027128757,True,22.0,True,122.0,True
7,14,60,161,0.38333333333333336,0.08333333333333333,0.36666666666666664,0.0,0.45375130985459694,0.4412032222650397,5.033092386207171,True,57.0,True,131.0,True
7,15,60,161,0.3333333333333333,0.03333333333333333,0.2,0.0,0.4384330217606277,0.42181612483812175,5.836356862685593,True,20.0,True,129.0,True
7,16,60,161,0.35,0.08333333333333333,0.21666666666666667,0.0,0.45064140849109857,0.4372595878225932,7.894599719303662,True,42.0,True,120.0,True
7,17,60,161,0.3333333333333333,0.13333333333333333,0.16666666666666666,0.06666666666666667,0.4524523353643818,0.43955483538720624,5.771046542046123,True,18.0,True,122.0,False
7,18,60,161,0.35,0.11666666666666667,0.16666666666666666,0.06666666666666667,0.4524523353643817,0.4395548353872061,5.772882953670239,True,19.0,True,122.0,False
7,19,60,161,0.3333333333333333,0.06666666666666667,0.25,0.0,0.470232671285766,0.46212146298073903,5.699742875530779,True,32.0,True,119.0,True
7,20,60,161,0.38333333333333336,0.13333333333333333,0.2833333333333333,0.0,0.3956785928329637,0.3681655877869565,9.61432443526233,True,28.0,True,126.0,True
7,21,60,161,0.45,0.1,0.36666666666666664,0.03333333333333333,0.37628546887768344,0.34411488749748065,5.477586345779375,True,16.0,True,101.0,True
7,22,60,161,0.2833333333333333,0.08333333333333333,0.0,0.0,0.46381957735399115,0.45397504674993333,13.091571012288204,True,19.0,True,141.0,True
7,23,60,161,0.31666666666666665,0.06666666666666667,0.11666666666666667,0.0,0.4658633773353812,0.4565713587818228,10.20989902261713,True,20.0,True,122.0,True
7,24,60,161,0.3333333333333333,0.13333333333333333,0.16666666666666666,0.06666666666666667,0.45245233536438173,0.4395548353872062,5.771046542046122,True,18.0,True,122.0,False
7,25,60,161,0.4,0.05,0.3,0.0,0.4687266657558492,0.4602077141514204,5.550972286474828,True,19.0,True,119.0,True
7,26,60,161,0.36666666666666664,0.03333333333333333,0.21666666666666667,0.0,0.416073294775544,0.3936452926397881,6.586168965273301,True,41.0,True,167.0,True
7,27,60,161,0.3333333333333333,0.1,0.2833333333333333,0.0,0.5024647138542611,0.50313796306964,9.036867588127954,True,19.0,False,,True
7,28,60,161,0.45,0.1,0.43333333333333335,0.03333333333333333,0.3613899654669477,0.3258546828995992,5.890269781233346,True,15.0,True,145.0,True
7,29,60,161,0.3333333333333333,0.06666666666666667,0.25,0.0,0.47230326988567534,0.46475372880216126,5.699742875530777,True,41.0,True,119.0,True
7,30,60,161,0.38333333333333336,0.08333333333333333,0.25,0.0,0.5146268795863298,0.5185852874126738,7.702130227314852,True,55.0,True,132.0,True
7,31,60,161,0.3333333333333333,0.05,0.1,0.0,0.43484305680812985,0.417279859447783,6.696076896310748,True,41.0,True,122.0,True
7,32,60,161,0.3,0.11666666666666667,0.11666666666666667,0.0,0.4338850248468583,0.416068395684428,6.074061296939668,True,18.0,True,131.0,True
7,33,60,161,0.3,0.05,0.13333333333333333,0.0,0.48395989767886716,0.47958706800783246,5.484391638882082,True,20.0,True,168.0,True
7,34,60,161,0.31666666666666665,0.1,0.15,0.0,0.48479218030323706,0.48063980500247705,5.753707404974326,True,16.0,True,121.0,True
7,35,60,161,0.26666666666666666,0.08333333333333333,0.05,0.0,0.49237234796385554,0.49028864144844797,5.540568236917913,True,20.0,False,,True
7,36,60,161,0.3333333333333333,0.05,0.18333333333333332,0.0,0.45191521835655835,0.43887303711053693,5.718548952855118,True,44.0,True,48.0,True
7,37,60,161,0.3333333333333333,0.1,0.2833333333333333,0.0,0.5024647138542611,0.5031379630696399,9.036867588127954,True,19.0,False,,True
7,38,60,161,0.38333333333333336,0.11666666666666667,0.21666666666666667,0.0,0.4090933614096225,0.384897998702298,8.13866151044876,True,41.0,True,120.0,True
7,39,60,161,0.43333333333333335,0.08333333333333333,0.3,0.0,0.3774083271638742,0.3454930058121456,4.96082288154701,True,16.0,True,133.0,True
7,40,60,161,0.36666666666666664,0.08333333333333333,0.25,0.0,0.4372172046518455,0.42027332297900166,6.322287929942895,True,19.0,True,126.0,True
7,41,60,161,0.26666666666666666,0.08333333333333333,0.05,0.0,0.48744791396370934,0.484021483759709,5.540568236917915,True,19.0,False,,True
7,42,60,161,0.3,0.05,0.1,0.0,0.5679787211186387,0.5862856616903657,6.066604573829762,True,75.0,True,133.0,True
7,43,60,161,0.38333333333333336,0.13333333333333333,0.23333333333333334,0.05,0.4148697555942952,0.39213549945569715,4.928485366934908,True,20.0,True,105.0,True
7,44,60,161,0.3333333333333333,0.13333333333333333,0.16666666666666666,0.06666666666666667,0.45772805624582136,0.4462418844103594,5.77104654204612,True,17.0,True,48.0,False
7,45,60,161,0.31666666666666665,0.11666666666666667,0.21666666666666667,0.0,0.4394917950845062,0.42323422634169117,8.366507124357444,True,21.0,True,64.0,True
7,46,60,161,0.3333333333333333,0.13333333333333333,0.16666666666666666,0.06666666666666667,0.4524523353643818,0.4395548353872062,5.771046542046121,True,18.0,True,122.0,False
7,47,60,161,0.31666666666666665,0.06666666666666667,0.13333333333333333,0.0,0.4922385496801084,0.4901187882599273,10.203755883205217,True,42.0,True,164.0,True
7,48,60,161,0.25,0.06666666666666667,0.1,0.0,0.5129604771949509,0.516499024042365,9.795113100862913,True,61.0,True,133.0,True
7,49,60,161,0.2833333333333333,0.1,0.11666666666666667,0.0,0.5289442202659977,0.5368158012765865,9.592560827975902,True,21.0,True,133.0,True
7,50,60,161,0.2833333333333333,0.06666666666666667,0.1,0.016666666666666666,0.4842639407225863,0.4799675956785586,9.999919282734632,True,31.0,True,135.0,True
7,51,60,161,0.31666666666666665,0.06666666666666667,0.13333333333333333,0.0,0.4922385496801085,0.4901187882599274,10.204956232447147,True,32.0,True,164.0,True
7,52,60,161,0.35,0.13333333333333333,0.16666666666666666,0.06666666666666667,0.4524523353643818,0.4395548353872062,5.77104654204612,True,19.0,True,122.0,False
7,53,60,161,0.38333333333333336,0.08333333333333333,0.31666666666666665,0.0,0.4166822909712744,0.3944112989902376,7.497519164048651,True,16.0,True,123.0,True
7,54,60,161,0.36666666666666664,0.03333333333333333,0.21666666666666667,0.0,0.41607329477554406,0.39364529263978815,6.586168965273303,True,40.0,True,167.0,True
7,55,60,161,0.36666666666666664,0.08333333333333333,0.2833333333333333,0.0,0.3824743179064466,0.351761784247713,5.087734901212165,True,41.0,True,131.0,True
7,56,60,161,0.35,0.08333333333333333,0.25,0.0,0.47023267128576585,0.46212146298073903,5.699742875530779,True,31.0,True,119.0,True
7,57,60,161,0.43333333333333335,0.08333333333333333,0.3,0.0,0.3774083271638742,0.3454930058121456,4.960822881547013,True,18.0,True,133.0,True
7,58,60,161,0.3,0.08333333333333333,0.0,0.0,0.4450725030847795,0.4302376039198973,13.091571012288203,True,19.0,True,141.0,True
7,59,60,161,0.3,0.06666666666666667,0.13333333333333333,0.0,0.46979313426252073,0.46157185089423003,5.947664122177769,True,19.0,True,168.0,True
7,60,60,161,0.38333333333333336,0.08333333333333333,0.31666666666666665,0.0,0.407949131098739,0.3834710506948389,7.497519164048646,True,16.0,True,123.0,True
7,61,60,161,0.3333333333333333,0.06666666666666667,0.2,0.0,0.4893130587966401,0.4863947801881568,7.836185057215877,True,21.0,True,135.0,True
7,62,60,161,0.38333333333333336,0.1,0.25,0.0,0.4588934778755216,0.4477244629179695,4.972617274237878,True,16.0,True,131.0,True
7,63,60,161,0.4,0.05,0.3,0.0,0.4751091954529657,0.46832264325212947,5.550972286474828,True,19.0,True,40.0,True
8,0,60,161,0.21666666666666667,0.08333333333333333,0.11666666666666667,0.0,0.5153145841513067,0.401749907382853,6.810871083571541,True,23.0,True,23.0,True
8,1,60,161,0.18333333333333332,0.016666666666666666,0.0,0.0,0.5452635579333811,0.4425693422321596,8.057435931579612,True,20.0,True,133.0,True
8,2,60,161,0.21666666666666667,0.1,0.1,0.0,0.5873416892925427,0.5013779014019208,8.888069927022592,True,23.0,True,132.0,True
8,3,60,161,0.2,0.06666666666666667,0.0,0.0,0.5754003864346602,0.4845308575086743,5.915938799674959,True,40.0,True,133.0,True
8,4,60,161,0.25,0.08333333333333333,0.11666666666666667,0.0,0.558404465018949,0.4608831346181704,6.1736198698962514,True,20.0,True,127.0,True
8,5,60,161,0.2,0.08333333333333333,0.016666666666666666,0.0,0.5536943187036362,0.4542107748125557,6.40131848882153,True,75.0,True,127.0,True
8,6,60,161,0.21666666666666667,0.1,0.1,0.0,0.5873416892925425,0.5013779014019207,8.888069927022585,True,100.0,True,132.0,True
8,7,60,161,0.21666666666666667,0.08333333333333333,0.03333333333333333,0.0,0.48810718541451603,0.3656116435091078,5.84785652944546,True,23.0,True,25.0,True
8,8,60,161,0.21666666666666667,0.11666666666666667,0.016666666666666666,0.0,0.5151988429754149,0.4016007482847577,7.643163546531348,True,20.0,True,101.0,True
8,9,60,161,0.25,0.11666666666666667,0.11666666666666667,0.0,0.6021906612058631,0.5224535436960849,8.113431424414772,True,73.0,True,100.0,True
8,10,60,161,0.25,0.11666666666666667,0.11666666666666667,0.0,0.602190661205863,0.5224535436960847,8.113431424414767,True,73.0,True,100.0,True
8,11,60,161,0.23333333333333334,0.08333333333333333,0.1,0.0,0.5107947631105738,0.3957156747144428,5.328538681959033,True,16.0,True,119.0,True
8,12,60,161,0.21666666666666667,0.06666666666666667,0.06666666666666667,0.0,0.5786493125168456,0.4891137210897077,8.638002381217767,True,96.0,True,133.0,True
8,13,60,161,0.21666666666666667,0.05,0.0,0.0,0.5043090060871305,0.38737587949754926,6.211658369011987,True,45.0,True,121.0,True
8,14,60,161,0.2,0.11666666666666667,0.03333333333333333,0.0,0.5613702840971033,0.4648817568404469,5.295860574710992,True,55.0,True,131.0,True
8,15,60,161,0.21666666666666667,0.06666666666666667,0.0,0.0,0.5043090060871305,0.3873758794975493,6.211658369011985,True,20.0,True,121.0,True
8,16,60,161,0.26666666666666666,0.1,0.15,0.0,0.5297624569198564,0.42134316242611414,5.347252726772673,True,62.0,True,100.0,True
8,17,60,161,0.23333333333333334,0.1,0.1,0.0,0.5107947631105738,0.3957156747144428,5.328538681959035,True,19.0,True,119.0,True
8,18,60,161,0.23333333333333334,0.1,0.1,0.0,0.5107947631105738,0.3957156747144428,5.328538681959033,True,19.0,True,119.0,True
8,19,60,161,0.23333333333333334,0.06666666666666667,0.11666666666666667,0.0,0.5791722466125578,0.48984149067379856,6.1736198698962514,True,32.0,True,127.0,True
8,20,60,161,0.23333333333333334,0.08333333333333333,0.03333333333333333,0.0,0.4881071854145161,0.3656116435091079,5.8502728901853995,True,28.0,True,101.0,True
8,21,60,161,0.3,0.08333333333333333,0.16666666666666666,0.03333333333333333,0.44599739280379375,0.3118252104925909,5.924007487187838,True,66.0,True,129.0,True
8,22,60,161,0.23333333333333334,0.1,0.03333333333333333,0.0,0.51581801315563,0.4024151401930455,7.219534755251246,True,25.0,True,121.0,True
8,23,60,161,0.2,0.03333333333333333,0.016666666666666666,0.0,0.5540689062072703,0.4548064198960897,10.752188062152413,True,32.0,True,131.0,True
8,24,60,161,0.23333333333333334,0.1,0.1,0.0,0.5107947631105738,0.3957156747144428,5.328538681959037,True,19.0,True,119.0,True
8,25,60,161,0.25,0.08333333333333333,0.11666666666666667,0.0,0.5409977047245156,0.4366835462205498,5.85852109371099,True,20.0,True,119.0,True
8,26,60,161,0.25,0.05,0.11666666666666667,0.0,0.4891316113977646,0.36731598694788264,7.029831991169482,True,41.0,True,133.0,True
8,27,60,161,0.23333333333333334,0.05,0.13333333333333333,0.0,0.540624519467167,0.4361910736745026,6.257794991963097,True,44.0,True,132.0,True
8,28,60,161,0.2833333333333333,0.08333333333333333,0.16666666666666666,0.03333333333333333,0.45295022080853076,0.3204820137188089,5.924007487187842,True,21.0,True,22.0,True
8,29,60,161,0.16666666666666666,0.1,0.0,0.0,0.5380480849278063,0.43262441639002436,6.057707436465284,True,88.0,True,127.0,True
8,30,60,161,0.2,0.11666666666666667,0.03333333333333333,0.0,0.5692769511717394,0.47595755491841657,5.295860574710993,True,55.0,True,131.0,True
8,31,60,161,0.25,0.05,0.0,0.0,0.5214767135775817,0.4100945512382141,7.040860344495485,True,42.0,True,133.0,True
8,32,60,161,0.23333333333333334,0.06666666666666667,0.11666666666666667,0.0,0.5104798820337362,0.3952901370634252,6.121112117985902,True,48.0,True,119.0,True
8,33,60,161,0.2,0.06666666666666667,0.0,0.0,0.5754003864346602,0.4845308575086742,5.914127110341738,True,75.0,True,133.0,True
8,34,60,161,0.21666666666666667,0.06666666666666667,0.0,0.0,0.5043090060871304,0.38737587949754926,6.211658369011986,True,16.0,True,121.0,True
8,35,60,161,0.2,0.06666666666666667,0.0,0.0,0.5754003864346602,0.48453085750867453,5.914127110341736,True,75.0,True,133.0,True
8,36,60,161,0.23333333333333334,0.08333333333333333,0.05,0.0,0.5021702320137862,0.3841697433772361,5.368315027157023,True,44.0,True,121.0,True
8,37,60,161,0.23333333333333334,0.05,0.13333333333333333,0.0,0.5249491016618536,0.41479302628974335,6.25536930075643,True,19.0,True,132.0,True
8,38,60,161,0.23333333333333334,0.08333333333333333,0.03333333333333333,0.0,0.51581801315563,0.4024151401930455,7.219534755251246,True,41.0,True,121.0,True
8,39,60,161,0.23333333333333334,0.08333333333333333,0.05,0.0,0.5021702320137864,0.38416974337723625,5.366311527339627,True,46.0,True,121.0,True
8,40,60,161,0.26666666666666666,0.1,0.1,0.0,0.5191853407038629,0.4069715583363468,5.832749783644216,True,68.0,True,129.0,True
8,41,60,161,0.2,0.11666666666666667,0.03333333333333333,0.0,0.5613702840971034,0.464881756840447,5.295860574710993,True,20.0,True,131.0,True
8,42,60,161,0.2,0.08333333333333333,0.016666666666666666,0.0,0.5536943187036361,0.45421077481255556,6.401318488821529,True,75.0,True,127.0,True
8,43,60,161,0.2833333333333333,0.06666666666666667,0.11666666666666667,0.0,0.47173024116748996,0.3443718515792694,5.299817154592097,True,40.0,True,121.0,True
8,44,60,161,0.23333333333333334,0.06666666666666667,0.11666666666666667,0.0,0.5012059460563896,0.38288211679955797,6.121112117985901,True,19.0,True,119.0,True
8,45,60,161,0.2833333333333333,0.08333333333333333,0.16666666666666666,0.03333333333333333,0.45295022080853076,0.32048201371880897,5.926782946190248,True,21.0,True,129.0,True
8,46,60,161,0.23333333333333334,0.1,0.1,0.0,0.5107947631105738,0.3957156747144429,5.328538681959035,True,19.0,True,119.0,True
8,47,60,161,0.25,0.06666666666666667,0.08333333333333333,0.0,0.5607939526801997,0.46407968728399374,5.387851768612293,True,98.0,True,127.0,True
8,48,60,161,0.23333333333333334,0.1,0.11666666666666667,0.0,0.5997038541732804,0.518933918626862,7.509341168288918,True,92.0,True,132.0,True
8,49,60,161,0.21666666666666667,0.08333333333333333,0.016666666666666666,0.0,0.5367419771586313,0.4308363855358155,7.712427368248223,True,63.0,True,119.0,True
8,50,60,161,0.23333333333333334,0.06666666666666667,0.11666666666666667,0.0,0.579172246612558,0.4898414906737986,6.1736198698962514,True,32.0,True,127.0,True
8,51,60,161,0.25,0.06666666666666667,0.08333333333333333,0.0,0.5607939526801997,0.4640796872839936,5.385183153182403,True,98.0,True,127.0,True
8,52,60,161,0.25,0.08333333333333333,0.11666666666666667,0.0,0.5409977047245156,0.4366835462205497,5.858521093710988,True,36.0,True,119.0,True
8,53,60,161,0.23333333333333334,0.1,0.06666666666666667,0.0,0.4948541832201409,0.37447694388491737,7.588316334529564,True,19.0,True,118.0,True
8,54,60,161,0.26666666666666666,0.08333333333333333,0.05,0.0,0.5720679296847921,0.4798463493477997,5.318038129180644,True,41.0,True,133.0,True
8,55,60,161,0.26666666666666666,0.08333333333333333,0.05,0.0,0.572067929684792,0.4798463493477997,5.316037944065986,True,104.0,True,133.0,True
8,56,60,161,0.26666666666666666,0.1,0.15,0.0,0.5382962241447637,0.4329647907048476,5.34472142067589,True,62.0,True,100.0,True
8,57,60,161,0.2833333333333333,0.1,0.06666666666666667,0.0,0.5428190044561445,0.439182514347108,5.316037944065984,True,44.0,True,133.0,True
8,58,60,161,0.23333333333333334,0.1,0.03333333333333333,0.0,0.5495924345936903,0.44856305876454144,6.4385431572756495,True,25.0,True,122.0,True
8,59,60,161,0.23333333333333334,0.05,0.13333333333333333,0.0,0.5249491016618537,0.41479302628974357,6.255369300756426,True,19.0,True,132.0,True
8,60,60,161,0.23333333333333334,0.05,0.13333333333333333,0.0,0.5249491016618537,0.4147930262897435,6.257794991963095,True,19.0,True,132.0,True
8,61,60,161,0.23333333333333334,0.1,0.06666666666666667,0.0,0.5069140206319658,0.39056616461978055,7.588316334529572,True,21.0,True,118.0,True
8,62,60,161,0.23333333333333334,0.08333333333333333,0.05,0.0,0.5021702320137864,0.38416974337723625,5.366311527339626,True,46.0,True,121.0,True
8,63,60,161,0.26666666666666666,0.1,0.15,0.0,0.5297624569198562,0.42134316242611425,5.344721420675889,True,36.0,True,100.0,True
9,0,60,161,0.13333333333333333,0.08333333333333333,0.0,0.0,0.6416766330661937,0.4910512093151098,6.490570387795027,True,75.0,True,119.0,True
9,1,60,161,0.16666666666666666,0.03333333333333333,0.0,0.0,0.6088913630550619,0.4404056796914788,7.499429592796165,True,120.0,True,120.0,True
9,2,60,161,0.16666666666666666,0.15,0.016666666666666666,0.0,0.6502957778555714,0.5043354347048687,8.010569913071734,True,100.0,True,119.0,True
9,3,60,161,0.15,0.06666666666666667,0.0,0.0,0.6017634521378292,0.4295135726059254,5.658349150194944,True,40.0,True,119.0,True
9,4,60,161,0.13333333333333333,0.08333333333333333,0.0,0.0,0.6416766330661938,0.49105120931511015,6.49057038779503,True,75.0,True,119.0,True
9,5,60,161,0.13333333333333333,0.08333333333333333,0.0,0.0,0.6416766330661938,0.49105120931511015,6.490570387795032,True,75.0,True,119.0,True
9,6,60,161,0.13333333333333333,0.08333333333333333,0.03333333333333333,0.0,0.5589092744130109,0.36718232441755216,6.2480804787967035,True,68.0,True,119.0,True
9,7,60,161,0.13333333333333333,0.08333333333333333,0.03333333333333333,0.0,0.5452732280531241,0.34796617462426416,6.245452599423336,True,68.0,True,119.0,True
9,8,60,161,0.15,0.06666666666666667,0.0,0.0,0.5769718733789144,0.39296172115251743,5.694055377754062,True,66.0,True,66.0,True
9,9,60,161,0.16666666666666666,0.15,0.016666666666666666,0.0,0.6519378103528495,0.5069343765414209,8.010569913071734,True,100.0,True,119.0,True
9,10,60,161,0.16666666666666666,0.15,0.016666666666666666,0.0,0.6519378103528495,0.5069343765414209,8.01056991307173,True,100.0,True,119.0,True
9,11,60,161,0.15,0.06666666666666667,0.0,0.0,0.5769718733789145,0.3929617211525174,5.691912901270944,True,19.0,True,66.0,True
9,12,60,161,0.16666666666666666,0.15,0.016666666666666666,0.0,0.6489928204604476,0.5022784372311652,8.01056991307173,True,100.0,True,119.0,True
9,13,60,161,0.15,0.06666666666666667,0.0,0.0,0.5769718733789144,0.3929617211525174,5.691912901270948,True,48.0,True,66.0,True
9,14,60,161,0.15,0.06666666666666667,0.0,0.0,0.6080819315532009,0.43904471400954037,5.658349150194944,True,75.0,True,119.0,True
9,15,60,161,0.15,0.06666666666666667,0.0,0.0,0.5769718733789144,0.39296172115251726,5.694055377754063,True,66.0,True,66.0,True
9,16,60,161,0.15,0.1,0.05,0.0,0.5861876846354813,0.40637794180122033,5.582739598017018,True,100.0,True,100.0,True
9,17,60,161,0.16666666666666666,0.11666666666666667,0.05,0.0,0.5861876846354812,0.40637794180122,5.582739598017018,True,19.0,True,100.0,True
9,18,60,161,0.15,0.06666666666666667,0.0,0.0,0.5769718733789144,0.3929617211525172,5.691912901270948,True,19.0,True,66.0,True
9,19,60,161,0.16666666666666666,0.11666666666666667,0.0,0.0,0.598234703363975,0.424227922143425,5.7261925513867205,True,98.0,True,119.0,True
9,20,60,161,0.13333333333333333,0.08333333333333333,0.03333333333333333,0.0,0.5452732280531242,0.3479661746242641,6.245452599423336,True,68.0,True,119.0,True
9,21,60,161,0.16666666666666666,0.11666666666666667,0.0,0.0,0.598234703363975,0.424227922143425,5.726192551386721,True,98.0,True,119.0,True
9,22,60,161,0.18333333333333332,0.05,0.0,0.0,0.5832088410477504,0.4021595454897452,7.499429592796166,True,50.0,True,120.0,True
9,23,60,161,0.16666666666666666,0.03333333333333333,0.0,0.0,0.608891363055062,0.4404056796914789,7.501605500172914,True,120.0,True,120.0,True
9,24,60,161,0.16666666666666666,0.11666666666666667,0.05,0.0,0.5861876846354812,0.40637794180122017,5.582739598017017,True,19.0,True,100.0,True
9,25,60,161,0.15,0.05,0.0,0.0,0.6325595783053699,0.47657233072092553,6.227523967437128,True,119.0,True,119.0,True
9,26,60,161,0.16666666666666666,0.1,0.0,0.0,0.615982703021031,0.45115339235580965,5.5868813487897295,True,104.0,True,119.0,True
9,27,60,161,0.13333333333333333,0.08333333333333333,0.03333333333333333,0.0,0.5583867270045658,0.3664310498522202,6.245452599423336,True,43.0,True,119.0,True
9,28,60,161,0.13333333333333333,0.08333333333333333,0.03333333333333333,0.0,0.5589092744130109,0.36718232441755216,6.245452599423334,True,68.0,True,119.0,True
9,29,60,161,0.15,0.1,0.05,0.0,0.5945424979395744,0.41876038003084426,5.582739598017019,True,100.0,True,100.0,True
9,30,60,161,0.15,0.1,0.05,0.0,0.5868820459029697,0.40739663270016524,5.582739598017018,True,100.0,True,100.0,True
9,31,60,161,0.16666666666666666,0.03333333333333333,0.0,0.0,0.6088913630550619,0.44040567969147876,7.499429592796165,True,120.0,True,120.0,True
9,32,60,161,0.15,0.06666666666666667,0.0,0.0,0.5696988585082153,0.3824036663681234,5.694055377754067,True,19.0,True,66.0,True
9,33,60,161,0.15,0.05,0.0,0.0,0.6325595783053699,0.4765723307209257,6.227523967437129,True,40.0,True,119.0,True
9,34,60,161,0.15,0.06666666666666667,0.0,0.0,0.5769718733789143,0.39296172115251715,5.694055377754065,True,66.0,True,66.0,True
9,35,60,161,0.15,0.05,0.0,0.0,0.6325595783053701,0.47657233072092575,6.2275239674371345,True,119.0,True,119.0,True
9,36,60,161,0.16666666666666666,0.08333333333333333,0.0,0.0,0.5899263854155616,0.4120666767969924,5.658349150194948,True,42.0,True,119.0,True
9,37,60,161,0.15,0.05,0.0,0.0,0.6325595783053699,0.47657233072092553,6.22752396743713,True,43.0,True,119.0,True
9,38,60,161,0.15,0.06666666666666667,0.0,0.0,0.5769718733789144,0.3929617211525174,5.694055377754063,True,50.0,True,66.0,True
9,39,60,161,0.15,0.06666666666666667,0.0,0.0,0.6080819315532009,0.43904471400954037,5.658349150194946,True,75.0,True,119.0,True
9,40,60,161,0.13333333333333333,0.08333333333333333,0.03333333333333333,0.0,0.5452732280531241,0.3479661746242641,6.245452599423337,True,68.0,True,119.0,True
9,41,60,161,0.15,0.06666666666666667,0.0,0.0,0.6080819315532008,0.43904471400954015,5.658349150194946,True,75.0,True,119.0,True
9,42,60,161,0.15,0.06666666666666667,0.0,0.0,0.6080819315532009,0.43904471400954026,5.660426871362866,True,75.0,True,119.0,True
9,43,60,161,0.18333333333333332,0.11666666666666667,0.0,0.0,0.585829773095145,0.40586748978368214,5.584746521643312,True,48.0,True,119.0,True
9,44,60,161,0.15,0.06666666666666667,0.0,0.0,0.5696988585082153,0.3824036663681233,5.694055377754067,True,19.0,True,66.0,True
9,45,60,161,0.13333333333333333,0.08333333333333333,0.03333333333333333,0.0,0.5589092744130106,0.36718232441755205,6.245452599423335,True,68.0,True,119.0,True
9,46,60,161,0.16666666666666666,0.11666666666666667,0.05,0.0,0.5861876846354814,0.4063779418012202,5.582739598017019,True,19.0,True,100.0,True
9,47,60,161,0.16666666666666666,0.11666666666666667,0.0,0.0,0.5982347033639751,0.4242279221434251,5.726192551386723,True,98.0,True,119.0,True
9,48,60,161,0.15,0.06666666666666667,0.0,0.0,0.6080819315532009,0.4390447140095405,5.6604268713628585,True,75.0,True,119.0,True
9,49,60,161,0.16666666666666666,0.15,0.016666666666666666,0.0,0.6519378103528494,0.5069343765414207,8.010569913071732,True,100.0,True,119.0,True
9,50,60,161,0.16666666666666666,0.11666666666666667,0.0,0.0,0.598234703363975,0.424227922143425,5.726192551386721,True,98.0,True,119.0,True
9,51,60,161,0.16666666666666666,0.1,0.0,0.0,0.615982703021031,0.45115339235580953,5.584746521643311,True,104.0,True,119.0,True
9,52,60,161,0.15,0.1,0.05,0.0,0.5861876846354814,0.4063779418012205,5.582739598017021,True,100.0,True,100.0,True
9,53,60,161,0.15,0.05,0.0,0.0,0.6325595783053699,0.47657233072092553,6.229613589208622,True,119.0,True,119.0,True
9,54,60,161,0.15,0.06666666666666667,0.0,0.0,0.6080819315532009,0.43904471400954026,5.658349150194946,True,75.0,True,119.0,True
9,55,60,161,0.15,0.06666666666666667,0.0,0.0,0.6080819315532009,0.43904471400954026,5.658349150194944,True,75.0,True,119.0,True
9,56,60,161,0.15,0.1,0.05,0.0,0.5861876846354812,0.40637794180122017,5.582739598017019,True,100.0,True,100.0,True
9,57,60,161,0.16666666666666666,0.1,0.0,0.0,0.615982703021031,0.4511533923558095,5.5847465216433125,True,104.0,True,119.0,True
9,58,60,161,0.15,0.06666666666666667,0.0,0.0,0.5769718733789144,0.3929617211525172,5.691912901270945,True,48.0,True,66.0,True
9,59,60,161,0.13333333333333333,0.08333333333333333,0.03333333333333333,0.0,0.5589092744130107,0.36718232441755216,6.245452599423334,True,23.0,True,23.0,True
9,60,60,161,0.13333333333333333,0.08333333333333333,0.03333333333333333,0.0,0.5583867270045659,0.3664310498522202,6.245452599423335,True,43.0,True,119.0,True
9,61,60,161,0.13333333333333333,0.08333333333333333,0.0,0.0,0.6416766330661939,0.49105120931511026,6.490570387795028,True,75.0,True,119.0,True
9,62,60,161,0.15,0.06666666666666667,0.0,0.0,0.6080819315532009,0.43904471400954037,5.658349150194944,True,75.0,True,119.0,True
9,63,60,161,0.16666666666666666,0.11666666666666667,0.0,0.0,0.5982347033639752,0.4242279221434252,5.726192551386721,True,98.0,True,119.0,True
10,0,60,161,0.11666666666666667,0.08333333333333333,0.0,0.0,0.667916504000059,0.45686160793462804,5.931061467365698,True,119.0,True,119.0,True
10,1,60,161,0.11666666666666667,0.08333333333333333,0.0,0.0,0.6699604194895326,0.46034496238672784,5.933275096981987,True,119.0,True,119.0,True
10,2,60,161,0.11666666666666667,0.08333333333333333,0.0,0.0,0.6699604194895327,0.46034496238672784,5.933275096981985,True,119.0,True,119.0,True
10,3,60,161,0.11666666666666667,0.08333333333333333,0.0,0.0,0.6641700835434107,0.4505302770304685,5.931061467365698,True,119.0,True,119.0,True
10,4,60,161,0.11666666666666667,0.08333333333333333,0.0,0.0,0.6679165040000591,0.45686160793462816,5.931061467365696,True,119.0,True,119.0,True
10,5,60,161,0.11666666666666667,0.08333333333333333,0.0,0.0,0.667916504000059,0.45686160793462804,5.931061467365695,True,119.0,True,119.0,True
10,6,60,161,0.11666666666666667,0.08333333333333333,0.0,0.0,0.6651578307381099,0.45219271253924676,5.9310614673656925,True,119.0,True,119.0,True
10,7,60,161,0.11666666666666667,0.08333333333333333,0.0,0.0,0.6651578307381099,0.452192712539247,5.931061467365697,True,119.0,True,119.0,True
10,8,60,161,0.13333333333333333,0.1,0.0,0.0,0.6466850109232729,0.4219600598705143,5.931061467365694,True,119.0,True,119.0,True
10,9,60,161,0.11666666666666667,0.08333333333333333,0.0,0.0,0.6699604194895328,0.46034496238672806,5.933275096981989,True,119.0,True,119.0,True
10,10,60,161,0.11666666666666667,0.08333333333333333,0.0,0.0,0.6699604194895328,0.46034496238672806,5.933275096981987,True,119.0,True,119.0,True
10,11,60,161,0.13333333333333333,0.1,0.0,0.0,0.6466850109232728,0.42196005987051427,5.931061467365694,True,119.0,True,119.0,True
10,12,60,161,0.11666666666666667,0.08333333333333333,0.0,0.0,0.6699604194895328,0.46034496238672806,5.933275096981985,True,119.0,True,119.0,True
10,13,60,161,0.13333333333333333,0.1,0.0,0.0,0.6466850109232729,0.42196005987051444,5.931061467365696,True,119.0,True,119.0,True
10,14,60,161,0.11666666666666667,0.08333333333333333,0.0,0.0,0.6641700835434106,0.4505302770304681,5.931061467365698,True,119.0,True,119.0,True
10,15,60,161,0.13333333333333333,0.1,0.0,0.0,0.6466850109232729,0.42196005987051466,5.931061467365698,True,119.0,True,119.0,True
10,16,60,161,0.11666666666666667,0.08333333333333333,0.0,0.0,0.6466850109232729,0.421960059870514,5.931061467365694,True,119.0,True,119.0,True
10,17,60,161,0.11666666666666667,0.08333333333333333,0.0,0.0,0.6466850109232729,0.4219600598705143,5.931061467365694,True,119.0,True,119.0,True
10,18,60,161,0.13333333333333333,0.1,0.0,0.0,0.6466850109232729,0.42196005987051444,5.931061467365698,True,119.0,True,119.0,True
10,19,60,161,0.11666666666666667,0.08333333333333333,0.0,0.0,0.6612786970152389,0.4456925650092134,5.931061467365697,True,119.0,True,119.0,True
10,20,60,161,0.11666666666666667,0.08333333333333333,0.0,0.0,0.66515783073811,0.45219271253924714,5.931061467365696,True,119.0,True,119.0,True
10,21,60,161,0.11666666666666667,0.08333333333333333,0.0,0.0,0.6612786970152389,0.44569256500921345,5.931061467365696,True,119.0,True,119.0,True
10,22,60,161,0.11666666666666667,0.08333333333333333,0.0,0.0,0.6699604194895327,0.46034496238672795,5.933275096981984,True,119.0,True,119.0,True
10,23,60,161,0.11666666666666667,0.08333333333333333,0.0,0.0,0.6699604194895326,0.4603449623867275,5.933275096981985,True,119.0,True,119.0,True
10,24,60,161,0.11666666666666667,0.08333333333333333,0.0,0.0,0.6466850109232729,0.4219600598705143,5.931061467365695,True,119.0,True,119.0,True
10,25,60,161,0.11666666666666667,0.08333333333333333,0.0,0.0,0.6466850109232727,0.4219600598705139,5.931061467365697,True,119.0,True,119.0,True
10,26,60,161,0.11666666666666667,0.08333333333333333,0.0,0.0,0.6625159105227425,0.4477573347113721,5.931061467365694,True,119.0,True,119.0,True
10,27,60,161,0.11666666666666667,0.08333333333333333,0.0,0.0,0.6651578307381101,0.4521927125392472,5.931061467365697,True,119.0,True,119.0,True
10,28,60,161,0.11666666666666667,0.08333333333333333,0.0,0.0,0.6651578307381101,0.4521927125392472,5.931061467365697,True,119.0,True,119.0,True
10,29,60,161,0.11666666666666667,0.08333333333333333,0.0,0.0,0.6466850109232729,0.4219600598705143,5.931061467365696,True,119.0,True,119.0,True
10,30,60,161,0.11666666666666667,0.08333333333333333,0.0,0.0,0.6699604194895326,0.4603449623867274,5.931061467365694,True,119.0,True,119.0,True
10,31,60,161,0.11666666666666667,0.08333333333333333,0.0,0.0,0.6699604194895326,0.4603449623867273,5.933275096981986,True,119.0,True,119.0,True
10,32,60,161,0.13333333333333333,0.1,0.0,0.0,0.6466850109232728,0.4219600598705143,5.931061467365695,True,119.0,True,119.0,True
10,33,60,161,0.11666666666666667,0.08333333333333333,0.0,0.0,0.6466850109232729,0.4219600598705143,5.931061467365696,True,119.0,True,119.0,True
10,34,60,161,0.13333333333333333,0.1,0.0,0.0,0.6466850109232729,0.42196005987051444,5.931061467365696,True,119.0,True,119.0,True
10,35,60,161,0.11666666666666667,0.08333333333333333,0.0,0.0,0.6466850109232729,0.4219600598705143,5.931061467365694,True,119.0,True,119.0,True
10,36,60,161,0.11666666666666667,0.08333333333333333,0.0,0.0,0.6641700835434108,0.4505302770304682,5.931061467365697,True,119.0,True,119.0,True
10,37,60,161,0.11666666666666667,0.08333333333333333,0.0,0.0,0.6466850109232728,0.4219600598705143,5.931061467365697,True,119.0,True,119.0,True
10,38,60,161,0.13333333333333333,0.1,0.0,0.0,0.6466850109232727,0.4219600598705139,5.931061467365695,True,119.0,True,119.0,True
10,39,60,161,0.11666666666666667,0.08333333333333333,0.0,0.0,0.6641700835434106,0.4505302770304681,5.931061467365694,True,119.0,True,119.0,True
10,40,60,161,0.11666666666666667,0.08333333333333333,0.0,0.0,0.6651578307381099,0.45219271253924676,5.931061467365696,True,119.0,True,119.0,True
10,41,60,161,0.11666666666666667,0.08333333333333333,0.0,0.0,0.6641700835434107,0.4505302770304685,5.931061467365695,True,119.0,True,119.0,True
10,42,60,161,0.11666666666666667,0.08333333333333333,0.0,0.0,0.6641700835434106,0.4505302770304685,5.931061467365696,True,119.0,True,119.0,True
10,43,60,161,0.11666666666666667,0.08333333333333333,0.0,0.0,0.6625159105227425,0.44775733471137175,5.931061467365694,True,119.0,True,119.0,True
10,44,60,161,0.13333333333333333,0.1,0.0,0.0,0.6466850109232727,0.42196005987051427,5.9310614673656925,True,119.0,True,119.0,True
10,45,60,161,0.11666666666666667,0.08333333333333333,0.0,0.0,0.6651578307381099,0.452192712539247,5.931061467365694,True,119.0,True,119.0,True
10,46,60,161,0.11666666666666667,0.08333333333333333,0.0,0.0,0.6466850109232728,0.42196005987051427,5.931061467365695,True,119.0,True,119.0,True
10,47,60,161,0.11666666666666667,0.08333333333333333,0.0,0.0,0.6612786970152391,0.44569256500921395,5.931061467365696,True,119.0,True,119.0,True
10,48,60,161,0.11666666666666667,0.08333333333333333,0.0,0.0,0.6641700835434106,0.4505302770304681,5.931061467365696,True,119.0,True,119.0,True
10,49,60,161,0.11666666666666667,0.08333333333333333,0.0,0.0,0.6699604194895326,0.4603449623867274,5.933275096981987,True,119.0,True,119.0,True
10,50,60,161,0.11666666666666667,0.08333333333333333,0.0,0.0,0.6612786970152389,0.4456925650092134,5.931061467365696,True,119.0,True,119.0,True
10,51,60,161,0.11666666666666667,0.08333333333333333,0.0,0.0,0.6699604194895326,0.4603449623867273,5.931061467365698,True,119.0,True,119.0,True
10,52,60,161,0.11666666666666667,0.08333333333333333,0.0,0.0,0.6466850109232727,0.42196005987051427,5.931061467365698,True,119.0,True,119.0,True
10,53,60,161,0.11666666666666667,0.08333333333333333,0.0,0.0,0.6466850109232729,0.4219600598705143,5.931061467365694,True,119.0,True,119.0,True
10,54,60,161,0.11666666666666667,0.08333333333333333,0.0,0.0,0.6641700835434106,0.4505302770304685,5.931061467365696,True,119.0,True,119.0,True
10,55,60,161,0.11666666666666667,0.08333333333333333,0.0,0.0,0.6641700835434108,0.45053027703046855,5.931061467365693,True,119.0,True,119.0,True
10,56,60,161,0.11666666666666667,0.08333333333333333,0.0,0.0,0.6466850109232729,0.421960059870514,5.931061467365696,True,119.0,True,119.0,True
10,57,60,161,0.11666666666666667,0.08333333333333333,0.0,0.0,0.6625159105227425,0.44775733471137175,5.931061467365693,True,119.0,True,119.0,True
10,58,60,161,0.13333333333333333,0.1,0.0,0.0,0.6466850109232729,0.4219600598705145,5.931061467365695,True,119.0,True,119.0,True
10,59,60,161,0.11666666666666667,0.08333333333333333,0.0,0.0,0.6651578307381099,0.452192712539247,5.931061467365695,True,119.0,True,119.0,True
10,60,60,161,0.11666666666666667,0.08333333333333333,0.0,0.0,0.66515783073811,0.4521927125392471,5.931061467365698,True,119.0,True,119.0,True
10,61,60,161,0.11666666666666667,0.08333333333333333,0.0,0.0,0.6679165040000591,0.45686160793462816,5.931061467365695,True,119.0,True,119.0,True
10,62,60,161,0.11666666666666667,0.08333333333333333,0.0,0.0,0.6699604194895326,0.4603449623867274,5.931061467365694,True,119.0,True,119.0,True
10,63,60,161,0.11666666666666667,0.08333333333333333,0.0,0.0,0.6612786970152391,0.44569256500921384,5.931061467365696,True,119.0,True,119.0,True
