window_mid_s,score_mean,score_prior_consensus_gate,score_soft_quorum_gate,prn_count,prior_high_fraction,soft_high_fraction
0.5,1.9441842277243777,2.430230284655472,3.8883684554487554,8,0.25,0.5
1.0,1.4765008788231573,2.030188708381841,2.9530017576463146,8,0.375,0.5
1.5,1.0138150360023235,1.0138150360023235,1.4643994964478007,9,0.0,0.2222222222222222
2.0,0.9709296849949488,0.9709296849949488,1.618216141658248,9,0.0,0.3333333333333333
2.5,0.9897502090940026,1.0997224545488917,1.6495836818233376,9,0.1111111111111111,0.3333333333333333
3.0,0.9908942213227038,1.1009935792474488,1.6514903688711728,9,0.1111111111111111,0.3333333333333333
3.5,1.1049485341181042,1.1049485341181042,2.2098970682362085,10,0.0,0.5
4.0,1.0957082294438438,1.0957082294438438,2.1914164588876877,10,0.0,0.5
4.5,1.0404085391332263,1.0404085391332263,1.8727353704398073,10,0.0,0.4
5.0,0.9788930426014808,0.9788930426014808,1.5662288681623693,10,0.0,0.3
5.5,0.9273060934002817,0.9273060934002817,1.2982285307603942,10,0.0,0.2
6.0,0.9231043174701755,0.9231043174701755,1.2923460444582457,10,0.0,0.2
6.5,0.9571525405688007,1.0528677946256808,1.340013556796321,10,0.1,0.2
7.0,0.9426058956341107,0.9426058956341107,1.319648253887755,10,0.0,0.2
7.5,0.8946599253909614,0.8946599253909614,1.252523895547346,10,0.0,0.2
8.0,0.8976678813137948,0.8976678813137948,1.2567350338393126,10,0.0,0.2
8.5,0.9208924491311272,1.01298169404424,1.289249428783578,10,0.1,0.2
9.0,0.909012210599545,0.909012210599545,1.272617094839363,10,0.0,0.2
9.5,0.9045744474244175,0.9045744474244175,1.2664042263941844,10,0.0,0.2
10.0,0.909186005854729,0.909186005854729,1.4546976093675665,10,0.0,0.3
10.5,0.9393084749906391,0.9393084749906391,1.6907552549831504,10,0.0,0.4
11.0,0.9523028882348342,0.9523028882348342,1.5236846211757349,10,0.0,0.3
11.5,0.9040812343002582,0.9040812343002582,1.2657137280203614,10,0.0,0.2
12.0,0.9194581331957901,0.9194581331957901,1.4711330131132643,10,0.0,0.3
12.5,1.005814869129955,1.1063963560429506,1.6093037906079282,10,0.1,0.3
13.0,1.0575930914703544,1.1633524006173899,1.6921489463525672,10,0.1,0.3
13.5,1.0458823966731836,1.1504706363405022,1.464235355342457,10,0.1,0.2
14.0,1.1865414122709566,1.3051955534980524,2.135774542087722,10,0.1,0.4
14.5,1.112555018246599,1.223810520071259,2.225110036493198,10,0.1,0.5
15.0,0.9767713925927529,0.9767713925927529,1.367479949629854,10,0.0,0.2
15.5,0.9203904178595106,0.9203904178595106,1.2885465850033146,10,0.0,0.2
16.0,0.9572831248734739,0.9572831248734739,1.3401963748228634,10,0.0,0.2
16.5,1.0403436921304103,1.0403436921304103,1.6645499074086567,10,0.0,0.3
17.0,1.1309081988088607,1.357089838570633,1.583271478332405,10,0.2,0.2
17.5,1.0778374518836789,1.185621197072047,1.7245399230138863,10,0.1,0.3
18.0,1.0821463939277811,1.0821463939277811,1.947863509070006,10,0.0,0.4
18.5,1.2493766568675433,1.2493766568675433,2.7486286451085955,10,0.0,0.6
19.0,1.3254155796813498,1.5904986956176197,2.9159142752989697,10,0.2,0.6
19.5,1.1368427130789163,1.250526984386808,2.0463168835420493,10,0.1,0.4
20.0,1.0748636938233762,1.182350063205714,1.7197819101174021,10,0.1,0.3
20.5,1.3084028470284825,1.439243131731331,2.3551251246512686,10,0.1,0.4
21.0,1.1271802423932027,1.1271802423932027,2.2543604847864054,10,0.0,0.5
21.5,1.0900335345048506,1.1990368879553357,1.744053655207761,10,0.1,0.3
22.0,1.0370439130108844,1.1407483043119728,1.4518614782152381,10,0.1,0.2
22.5,1.0457378436536509,1.0457378436536509,1.8823281185765717,10,0.0,0.4
23.0,1.0012563743398841,1.0012563743398841,1.8022614738117915,10,0.0,0.4
23.5,1.0481124382431906,1.0481124382431906,1.886602388837743,10,0.0,0.4
24.0,1.0745649006128979,1.1820213906741879,1.7193038409806367,10,0.1,0.3
24.5,1.035352752684376,1.1388880279528137,1.863634954831877,10,0.1,0.4
25.0,1.1456770440647435,1.4893801572841665,2.0622186793165382,10,0.3,0.4
25.5,1.0697362745563344,1.2836835294676012,1.9255252942014018,10,0.2,0.4
26.0,1.157187280168246,1.2729060081850705,2.0829371043028426,10,0.1,0.4
26.5,1.18516638403433,1.422199660841196,2.37033276806866,10,0.2,0.5
27.0,1.1063421080044216,1.1063421080044216,2.212684216008843,10,0.0,0.5
27.5,0.9002399876173331,0.9002399876173331,1.4403839801877332,10,0.0,0.3
28.0,1.1235124044242795,1.3482148853091354,1.7976198470788471,10,0.2,0.3
28.5,1.1078053388203755,1.3293664065844506,1.9940496098766758,10,0.2,0.4
29.0,1.069646672468949,1.069646672468949,1.9253640104441083,10,0.0,0.4
29.5,1.1152164426866646,1.2267380869553313,1.7843463082986635,10,0.1,0.3
30.0,1.1849999376969687,1.4219999252363624,2.1329998878545435,10,0.2,0.4
30.5,1.1778451561378929,1.1778451561378929,2.5912593435033644,10,0.0,0.6
31.0,1.1104136570378715,1.2214550227416587,1.998744582668169,10,0.1,0.4
31.5,1.3771573270520503,1.6525887924624603,2.7543146541041006,10,0.2,0.5
32.0,1.3832213305357532,1.659865596642904,2.489798394964356,10,0.2,0.4
32.5,1.2549905856563477,1.505988702787617,2.0079849370501566,10,0.2,0.3
33.0,1.1473434107525429,1.2620777518277972,2.0652181393545774,10,0.1,0.4
33.5,1.1641404897034047,1.2805545386737451,2.0954528814661284,10,0.1,0.4
34.0,1.130013002392505,1.2430143026317557,2.26002600478501,10,0.1,0.5
34.5,1.15878409010661,1.3905409081279319,2.31756818021322,10,0.2,0.5
35.0,1.1913956341103618,1.429674760932434,2.3827912682207235,10,0.2,0.5
35.5,0.9464964525843312,0.9464964525843312,1.51439432413493,10,0.0,0.3
36.0,0.9221461000513184,0.9221461000513184,1.2910045400718457,10,0.0,0.2
36.5,1.2677945663834764,1.5213534796601718,2.2820302194902577,10,0.2,0.4
37.0,1.3050122878660164,1.6965159742258213,2.3490221181588296,10,0.3,0.4
37.5,1.1087791507867246,1.4414128960227421,1.9958024714161045,10,0.3,0.4
38.0,1.1166041043126098,1.2282645147438709,2.2332082086252196,10,0.1,0.5
38.5,1.2564758968600178,1.6334186659180232,2.2616566143480323,10,0.3,0.4
39.0,1.0203279474270135,1.0203279474270135,1.8365903053686243,10,0.0,0.4
39.5,1.0990671669337786,1.2089738836271566,2.198134333867557,10,0.1,0.5
40.0,1.1740184838623895,1.5262240290211064,2.113233270952301,10,0.3,0.4
40.5,1.2230485480514888,1.4676582576617865,2.20148738649268,10,0.2,0.4
41.0,1.27639194018487,1.6593095222403311,2.2975054923327662,10,0.3,0.4
41.5,1.4096406547579996,1.8325328511853995,2.819281309515999,10,0.3,0.5
42.0,1.2610519739822865,1.3871571713805153,2.7743143427610306,10,0.1,0.6
42.5,1.12430294807749,1.12430294807749,2.023745306539482,10,0.0,0.4
43.0,1.0884608773678202,1.0884608773678202,1.9592295792620764,10,0.0,0.4
43.5,1.0458194415000872,1.0458194415000872,1.8824749947001571,10,0.0,0.4
44.0,1.10685178004058,1.10685178004058,1.770962848064928,10,0.0,0.3
44.5,1.0024412357456638,1.0024412357456638,1.6039059771930622,10,0.0,0.3
45.0,1.0166610008949266,1.1183271009844193,1.6266576014318828,10,0.1,0.3
45.5,1.1240412961898218,1.2364454258088042,1.798466073903715,10,0.1,0.3
46.0,1.2648318584758003,1.5177982301709603,2.2766973452564407,10,0.2,0.4
46.5,1.1519552633534638,1.2671507896888103,1.8431284213655421,10,0.1,0.3
47.0,1.1075514601795768,1.2183066061975347,1.9935926283232384,10,0.1,0.4
47.5,1.0879224237335088,1.1967146661068597,1.958260362720316,10,0.1,0.4
48.0,1.2271042053428958,1.5952354669457645,2.2087875696172126,10,0.3,0.4
48.5,1.2959677798611264,1.4255645578472391,2.591935559722253,10,0.1,0.5
49.0,1.0149828754894223,1.0149828754894223,1.8269691758809603,10,0.0,0.4
49.5,1.0031943348883454,1.0031943348883454,1.6051109358213527,10,0.0,0.3
50.0,1.1618702721272538,1.3942443265527045,1.8589924354036063,10,0.2,0.3
50.5,1.2373542235358308,1.60856049059658,2.2272376023644953,10,0.3,0.4
51.0,1.1233746958905058,1.2357121654795564,1.7973995134248093,10,0.1,0.3
51.5,1.298159504199689,1.6876073554595956,2.596319008399378,10,0.3,0.5
52.0,1.0681696328780073,1.1749865961658081,2.1363392657560145,10,0.1,0.5
52.5,1.0357825777987846,1.0357825777987846,2.071565155597569,10,0.0,0.5
53.0,1.1204591577795608,1.344550989335473,1.7927346524472973,10,0.2,0.3
53.5,1.1395691161497161,1.2535260277646878,2.2791382322994322,10,0.1,0.5
54.0,1.276444487056656,1.5317333844679872,2.297600076701981,10,0.2,0.4
54.5,1.38941564420326,1.806240337464238,2.77883128840652,10,0.3,0.5
55.0,1.2696448471015085,1.5235738165218102,2.0314317553624135,10,0.2,0.3
55.5,1.2516430407766934,1.4792145027360923,2.3895003505736874,11,0.18181818181818182,0.45454545454545453
56.0,1.2741273751240938,1.3899571364990113,2.664084511623105,11,0.09090909090909091,0.5454545454545454
56.5,1.3153206395965567,1.5544698467959306,2.7502158827928,11,0.18181818181818182,0.5454545454545454
57.0,1.2361577364986167,1.3485357125439454,2.584693449042562,11,0.09090909090909091,0.5454545454545454
57.5,1.1676687181325607,1.1676687181325607,2.6537925412103647,11,0.0,0.6363636363636364
58.0,1.3190468776103013,1.4389602301203286,3.4774872227907947,11,0.09090909090909091,0.8181818181818182
58.5,1.347284938842716,1.592245836814119,3.306972122613939,11,0.18181818181818182,0.7272727272727273
59.0,1.327800858453329,1.6899283653042367,3.0177292237575655,11,0.2727272727272727,0.6363636363636364
59.5,1.2766211420511981,1.5087340769695978,2.9014116864799955,11,0.18181818181818182,0.6363636363636364
60.0,1.2921659841013773,1.5271052539379915,2.9367408729576754,11,0.18181818181818182,0.6363636363636364
60.5,1.3361686028361686,1.7005782217914873,2.7938070786574434,11,0.2727272727272727,0.5454545454545454
61.0,1.201346144988202,1.4197727168042387,2.075052432252349,11,0.18181818181818182,0.36363636363636365
61.5,1.1752526498189046,1.2820937998024413,2.6710287495884195,11,0.09090909090909091,0.6363636363636364
62.0,1.188717674794617,1.296782917957764,2.0532396200997933,11,0.09090909090909091,0.36363636363636365
62.5,1.242725044948816,1.581650057207584,2.1465250776388642,11,0.2727272727272727,0.36363636363636365
63.0,1.2669128157381382,1.4972606004177997,2.188303954456784,11,0.18181818181818182,0.36363636363636365
63.5,1.1582563242674617,1.2635523537463218,2.2112166190560636,11,0.09090909090909091,0.45454545454545453
64.0,1.1981772081462365,1.3071024088868033,2.7231300185141736,11,0.09090909090909091,0.6363636363636364
64.5,1.1366981290078302,1.2400343225539965,2.170060064469494,11,0.09090909090909091,0.45454545454545453
65.0,1.0910264523413185,1.1902106752814383,2.082868681742517,11,0.09090909090909091,0.45454545454545453
65.5,1.18762460785491,1.2955904812962653,2.2672833422684646,11,0.09090909090909091,0.45454545454545453
66.0,1.1373376897630882,1.2407320251960963,1.7577037023611364,11,0.09090909090909091,0.2727272727272727
66.5,1.2245937821239368,1.4472471970555618,2.3378608567820613,11,0.18181818181818182,0.45454545454545453
67.0,1.3378618966220328,1.5811095141896752,2.310852366892602,11,0.18181818181818182,0.36363636363636365
67.5,1.2970315293548687,1.5328554437830266,2.2403271870675003,11,0.18181818181818182,0.36363636363636365
68.0,1.5025065903205428,1.7756896067424597,2.59523865600821,11,0.18181818181818182,0.36363636363636365
68.5,1.4260319090706182,1.814949702453514,3.240981611524132,11,0.2727272727272727,0.6363636363636364
69.0,1.4137982367127313,1.7993795739980216,2.956123585853893,11,0.2727272727272727,0.5454545454545454
69.5,1.2863273651433744,1.4032662165200447,1.9879604734033969,11,0.09090909090909091,0.2727272727272727
70.0,1.7764884050484837,1.937987350961982,2.7454820805294746,11,0.09090909090909091,0.2727272727272727
70.5,2.163627336964063,2.5570141255029837,4.130561279658665,11,0.18181818181818182,0.45454545454545453
71.0,2.267030763129305,2.6792181746073607,3.5035929975634716,11,0.18181818181818182,0.2727272727272727
71.5,2.3383949264727293,2.5509762834247955,3.613883068185127,11,0.09090909090909091,0.2727272727272727
72.0,2.6522441743761105,2.893357281137575,5.063375241990757,11,0.09090909090909091,0.45454545454545453
72.5,2.8090574801442276,3.3197952038068146,4.8520083747945755,11,0.18181818181818182,0.36363636363636365
73.0,2.7063360330060195,2.952366581461112,4.674580420646761,11,0.09090909090909091,0.36363636363636365
73.5,2.5970938422008563,2.833193282400934,4.958088244201635,11,0.09090909090909091,0.45454545454545453
74.0,2.67949515338754,2.9230856218773162,5.115399838285304,11,0.09090909090909091,0.45454545454545453
74.5,2.7108585781159293,3.203741955955189,4.682392089472969,11,0.18181818181818182,0.36363636363636365
75.0,1.246345560185645,1.4956146722227739,2.243422008334161,10,0.2,0.4
75.5,1.0777693816699139,1.1855463198369054,1.7244310106718623,10,0.1,0.3
76.0,1.0583192157135781,1.0583192157135781,2.1166384314271562,10,0.0,0.5
76.5,1.0373706234766575,1.1411076858243234,1.6597929975626522,10,0.1,0.3
77.0,0.8956507544744353,0.8956507544744353,1.4330412071590966,10,0.0,0.3
77.5,1.1290577261737793,1.354869271408535,2.032303907112803,10,0.2,0.4
78.0,1.1718374935640783,1.2890212429204861,2.3436749871281566,10,0.1,0.5
78.5,1.0444400211810576,1.0444400211810576,1.8799920381259037,10,0.0,0.4
79.0,1.082710352301338,1.082710352301338,2.165420704602676,10,0.0,0.5
79.5,1.0980096080923356,1.0980096080923356,1.9764172945662042,10,0.0,0.4
80.0,1.0214031735443325,1.0214031735443325,1.8385257123797987,10,0.0,0.4
80.5,1.1991113970459317,1.319022536750525,2.3982227940918635,10,0.1,0.5
81.0,1.354033570651709,1.624840284782051,2.708067141303418,10,0.2,0.5
81.5,1.1526814902017133,1.2679496392218848,2.074826682363084,10,0.1,0.4
82.0,1.03194930934307,1.1351442402773773,1.8575087568175261,10,0.1,0.4
82.5,1.1509757846664326,1.2660733631330758,2.301951569332865,10,0.1,0.5
83.0,1.0654442612402055,1.0654442612402055,1.91779967023237,10,0.0,0.4
83.5,0.9340507424424682,0.9340507424424682,1.4944811879079491,10,0.0,0.3
84.0,1.0710962356978868,1.0710962356978868,2.1421924713957736,10,0.0,0.5
84.5,1.125149384776077,1.2376643232536848,1.8002390156417232,10,0.1,0.3
85.0,1.250715555917689,1.6259302226929957,2.501431111835378,10,0.3,0.5
85.5,1.0084804115969888,1.1093284527566878,1.613568658555182,10,0.1,0.3
86.0,0.9714280112376095,0.9714280112376095,1.1657136134851314,10,0.0,0.1
86.5,0.9383138719605769,0.9383138719605769,1.1259766463526923,10,0.0,0.1
87.0,1.1506427236032812,1.3807712683239375,2.0711569024859062,10,0.2,0.4
87.5,1.2092527148136578,1.3301779862950236,1.9348043437018525,10,0.1,0.3
88.0,0.9441244237844428,0.9441244237844428,1.1329493085413314,10,0.0,0.1
88.5,0.9716932147039978,1.0688625361743977,1.5547091435263967,10,0.1,0.3
89.0,0.9939008995958938,1.0932909895554832,1.59024143935343,10,0.1,0.3
89.5,1.021169159409256,1.1232860753501817,1.838104486936661,10,0.1,0.4
90.0,1.0852522495111538,1.3023026994133846,1.7364035992178461,10,0.2,0.3
90.5,1.1069438506412341,1.2176382357053577,1.7711101610259747,10,0.1,0.3
91.0,1.115165178050296,1.3381982136603552,2.007297320490533,10,0.2,0.4
91.5,0.9311855947164227,0.9311855947164227,1.4898969515462763,10,0.0,0.3
92.0,0.9029136078019556,0.9932049685821512,1.2640790509227378,10,0.1,0.2
92.5,1.1299414656143267,1.2429356121757595,1.807906344982923,10,0.1,0.3
93.0,1.0524854405945727,1.15773398465403,1.6839767049513163,10,0.1,0.3
93.5,1.054134409010397,1.159547849911437,1.8974419362187147,10,0.1,0.4
94.0,0.9942775984143581,1.093705358255794,1.590844157462973,10,0.1,0.3
94.5,1.1192299998512916,1.3430759998215498,2.238459999702583,10,0.2,0.5
95.0,1.2021608994682769,1.3223769894151047,2.1638896190428984,10,0.1,0.4
95.5,1.256521161787334,1.3821732779660676,2.513042323574668,10,0.1,0.5
96.0,1.3147763306675844,1.5777315968011012,2.6295526613351687,10,0.2,0.5
96.5,1.0481984778265936,1.153018325609253,1.467477868957231,10,0.1,0.2
97.0,1.2016855047717523,1.3218540552489275,2.163033908589154,10,0.1,0.4
97.5,1.2315030894103516,1.3546533983513869,1.9704049430565627,10,0.1,0.3
98.0,1.0517544325114587,1.0517544325114587,2.1035088650229175,10,0.0,0.5
98.5,1.2895798373891025,1.547495804866923,2.579159674778205,10,0.2,0.5
99.0,1.1805892518601975,1.4167071022322368,1.888942802976316,10,0.2,0.3
99.5,1.255697225163819,1.381266947680201,2.260255005294874,10,0.1,0.4
100.0,1.0290813813808088,1.1319895195188898,1.852346486485456,10,0.1,0.4
100.5,1.0459468042601847,1.1505414846862032,1.6735148868162957,10,0.1,0.3
101.0,1.2353283432160183,1.4823940118592218,1.9765253491456294,10,0.2,0.3
101.5,1.209281224965229,1.330209347461752,2.418562449930458,10,0.1,0.5
102.0,1.291669829103324,1.4208368120136565,2.325005692385983,10,0.1,0.4
102.5,1.4080025474265234,1.8304033116544804,2.2528040758824375,10,0.3,0.3
103.0,1.2937647246084452,1.6818941419909788,2.3287765042952016,10,0.3,0.4
103.5,1.0647502996030649,1.0647502996030649,2.1295005992061298,10,0.0,0.5
104.0,1.1907935910307645,1.309872950133841,2.1434284638553764,10,0.1,0.4
104.5,1.3039948976385882,1.564793877166306,2.347190815749459,10,0.2,0.4
105.0,1.049446617198973,1.1543912789188704,1.6791145875183568,10,0.1,0.3
105.5,1.0265725100996705,1.0265725100996705,2.053145020199341,10,0.0,0.5
106.0,1.1623094232137359,1.2785403655351095,2.557080731070219,10,0.1,0.6
106.5,1.2005293583266963,1.320582294159366,2.4010587166533925,10,0.1,0.5
107.0,1.0700836905027908,1.0700836905027908,1.9261506429050235,10,0.0,0.4
107.5,1.0461637487208848,1.0461637487208848,1.8830947476975928,10,0.0,0.4
108.0,0.9728307325535221,0.9728307325535221,1.7510953185963398,10,0.0,0.4
108.5,0.9671551717596397,0.9671551717596397,1.5474482748154237,10,0.0,0.3
109.0,1.1650191139433514,1.3980229367320216,2.0970344050980327,10,0.2,0.4
109.5,1.171189774944792,1.2883087524392711,1.873903639911667,10,0.1,0.3
110.0,1.0568949233617055,1.1625844156978762,1.691031877378729,10,0.1,0.3
110.5,1.3562343394429817,1.6274812073315779,2.98371554677456,10,0.2,0.6
111.0,1.1915154189866646,1.3106669608853312,2.1447277541759964,10,0.1,0.4
111.5,1.1335098772085153,1.1335098772085153,2.2670197544170305,10,0.0,0.5
112.0,1.217329702980475,1.3390626732785227,2.43465940596095,10,0.1,0.5
112.5,1.3508840662602632,1.6210608795123158,2.9719449457725795,10,0.2,0.6
113.0,1.3306883723969398,1.7298948841160218,2.6613767447938796,10,0.3,0.5
113.5,1.2189062447658845,1.4626874937190613,2.194031240578592,10,0.2,0.4
114.0,1.8443292949761343,2.5820610129665877,4.795256166937949,10,0.4,0.8
114.5,2.530204818006543,4.301348190611122,7.084573490418319,10,0.7,0.9
115.0,2.613428939785353,4.181486303656565,7.840286819356059,10,0.6,1.0
115.5,2.6889418651835646,4.302306984293703,8.066825595550693,10,0.6,1.0
116.0,2.650406608426615,4.240650573482585,7.951219825279845,10,0.6,1.0
116.5,2.6288530907387195,4.206164945181952,7.886559272216159,10,0.6,1.0
117.0,2.6500766856784277,4.240122697085485,7.950230057035283,10,0.6,1.0
117.5,2.691950369828786,4.576315628708937,7.5374610355206,10,0.7,0.9
118.0,2.5689264655918427,3.853389698387764,7.192994103657159,10,0.5,0.9
118.5,2.409775141135519,3.3736851975897264,6.265415366952349,10,0.4,0.8
119.0,2.463568689821518,3.4489961657501254,5.9125648555716435,10,0.4,0.7
119.5,2.4563946474656935,3.4389525064519706,7.369183942397081,10,0.4,1.0
120.0,2.645247173678769,3.967870760518154,7.406692086300553,10,0.5,0.9
120.5,2.6667988319458584,4.266878131113374,7.467036729448403,10,0.6,0.9
121.0,2.6207814795206144,4.455328515185045,7.862344438561843,10,0.7,1.0
121.5,2.4331246145210352,3.649686921781553,7.299373843563106,10,0.5,1.0
122.0,2.464899895710146,3.450859853994204,6.901719707988408,10,0.4,0.9
122.5,2.401904696281499,3.3626665747940985,7.2057140888444975,10,0.4,1.0
123.0,2.437298926299032,3.6559483894485476,6.824436993637289,10,0.5,0.9
123.5,2.4737680149820624,3.7106520224730937,6.926550441949774,10,0.5,0.9
124.0,2.342789157450115,3.279904820430161,6.091251809370299,10,0.4,0.8
124.5,2.3686307818991517,3.5529461728487277,6.6321661893176245,10,0.5,0.9
125.0,2.487299522099751,3.7309492831496267,7.461898566299253,10,0.5,1.0
125.5,2.633383511329479,4.213413618127166,7.9001505339884375,10,0.6,1.0
126.0,2.5702729720362814,4.1124367552580505,7.710818916108844,10,0.6,1.0
126.5,2.3802182256452062,3.570327338467809,7.140654676935618,10,0.5,1.0
127.0,2.467252173836501,3.7008782607547515,7.401756521509503,10,0.5,1.0
127.5,2.4781197655806517,3.5795063280609414,7.434359296741955,9,0.4444444444444444,1.0
