case_id,target_prn,recovery_boolean,requested_delay_chips,requested_doppler_hz,original_recovered_delay_chips,original_recovered_doppler_hz,effective_delay_median_chips,effective_delay_min_chips,effective_delay_max_chips,effective_doppler_median_hz,effective_doppler_min_hz,effective_doppler_max_hz,original_delta_bic,oracle_delta_bic,fixed_projection_ratio,oracle_projection_ratio,prompt_magnitude_reduction,phase_rotation_rad,cn0_change_db,lock_change,code_action_change_chips_s,carrier_action_change_hz,clean_baseline_residual,dominant_competing_prn,root_cause_labels
TEXBAT.cleanStatic.four.01,3,True,0.05,25.0,0.05,35.0,0.049771506319176324,0.0488980398531577,0.05104621084909914,24.85540771484375,22.21624755859375,28.2889404296875,568.2297811373137,251.63558083958924,0.0025664958687948098,0.002562951599951851,-0.10329318960559686,0.0003343173166748082,-10.638923645019531,-0.023636817932128906,0.010124812019057572,0.14459228515625,2113490.942041271,16,H3;H4
TEXBAT.cleanStatic.four.01,16,True,0.05,25.0,0.05,25.0,0.04972992822686375,0.048774166740468985,0.050827574060438356,24.8841552734375,22.1123046875,28.25,2679.7197842099704,2677.2798878471367,0.024929478371900297,0.024907257101184736,-0.10720408996543163,-0.00032213010315236394,-11.293184280395508,-0.02859625220298767,0.010201253870036453,0.1158447265625,2059939.2807663772,19,H3;H4
TEXBAT.cleanStatic.four.01,19,True,0.05,25.0,0.05,35.0,0.04997016232555488,0.04820482696366897,0.050850397693582544,24.856689453125,21.831787109375,28.38916015625,1020.4842760385945,78.60722865676507,0.0009437206386639301,0.0009511944283366698,-0.1072338332525038,0.0008744127345017837,-9.075347900390625,-0.0247003436088562,0.01024414540734142,0.143310546875,1675800.5803123731,16,H3;H4
TEXBAT.cleanStatic.four.01,30,True,0.05,25.0,0.05,15.0,0.048942088153317444,0.045818289628146894,0.0522378006677915,24.880859375,17.40673828125,31.827392578125,453.0075985584408,-15.424189729150385,7.379993569732583e-05,7.387068034567038e-05,-0.10814088719771031,0.0007067077944693844,-4.470378875732422,-0.06755495071411133,0.006991479895077646,0.119140625,829407.8249699177,16,H3;H4
TEXBAT.cleanStatic.four.02,3,True,-0.1,-50.0,-0.1,-40.0,-0.10016757785917077,-0.10174075523996064,-0.09837519983873332,-49.8828125,-54.69769287109375,-45.77069091796875,586.089731533546,241.89808899676427,0.002487606393155527,0.0024821717301815307,-0.1861733880427423,-0.002458100126980839,-14.732551574707031,-0.46896040439605713,-0.039038012153469026,-0.1171875,2986655.098165236,19,H3;H4
TEXBAT.cleanStatic.four.02,13,True,-0.1,-50.0,-0.1,-60.0,-0.09910564798371425,-0.10207979607451034,-0.09686596485744764,-49.868896484375,-54.802490234375,-45.88525390625,334.570200660266,-12.36509101651609,0.00010465652556654448,0.00010226013485135883,-0.2014208805495774,-0.0013114769894016578,-16.329517364501953,-0.519495040178299,-0.041213144664652646,-0.131103515625,3440733.316885306,19,H3;H4
TEXBAT.cleanStatic.four.02,19,True,-0.1,-50.0,-0.1,-40.0,-0.09926894644084408,-0.10247134399036566,-0.09720882089224772,-49.908203125,-55.377685546875,-45.49365234375,1044.4840586762875,75.25077442266047,0.0009329604235597237,0.000933064950455768,-0.18506595629758715,-0.0006705512395098824,-13.090606689453125,-0.4863695502281189,-0.03733548731543124,-0.091796875,2367942.011820339,3,H3;H4
TEXBAT.cleanStatic.four.02,30,True,-0.1,-50.0,-0.1,-60.0,-0.09311735134100398,-0.09746221929910437,-0.08867888855637979,-49.9217529296875,-59.447509765625,-40.783447265625,438.7040833211504,36.96075305668637,0.0003115625918608184,0.0006639559609117975,-0.1877289858826594,-0.0033262763321703363,-7.050352096557617,-0.5050653368234634,-0.024293552909512073,-0.0782470703125,1165659.2258117124,19,H3;H4
TEXBAT.cleanStatic.four.05,13,True,0.25,-5.0,0.3,5.0,0.2500230040884273,0.2467391619853537,0.2534088061739761,-4.7188720703125,-7.225830078125,-3.475830078125,238.34511572914198,-6.041976791806519,0.00029032959769467693,0.00016484781423313402,-0.07311622960249586,-0.0015961140299167588,-2.0812740325927734,-0.08641332387924194,0.030062890611588955,-0.2811279296875,2112814.1478617783,16,H3;H4
TEXBAT.cleanStatic.four.05,16,True,0.25,-5.0,0.25,-5.0,0.24996720644444054,0.24688674141359318,0.2531665323655566,-4.7340087890625,-7.2041015625,-3.39306640625,2848.339231071528,2895.884666630067,0.02732454529326059,0.027770646102875773,-0.07178744622223765,-0.0019394157742546624,-1.8101463317871094,-0.07907766103744507,0.029279038892127573,-0.2659912109375,1789035.982038417,19,H3;H4
TEXBAT.cleanStatic.four.05,19,True,0.25,-5.0,0.275,5.0,0.24994891803922237,0.24653315533715175,0.2533455610959959,-4.7274169921875,-7.30419921875,-3.38525390625,1042.533945393283,313.5633028233424,0.003338874358789871,0.003248570872944503,-0.07261940693252034,-0.001962163376377069,-1.181976318359375,-0.07819801568984985,0.02817438164493069,-0.2725830078125,1456437.3421667218,16,H3;H4
TEXBAT.cleanStatic.four.05,30,True,0.25,-5.0,0.25,5.0,0.24932866514349217,0.24571037443973368,0.2536721673209754,-4.759521484375,-10.364501953125,-1.9140625,443.0167867904529,79.67267926456407,0.0011083250593939024,0.0009973583596476756,-0.07476209872654516,0.00031380468212212126,-0.494384765625,-0.07208508253097534,0.023955719196237624,-0.240478515625,730515.8442890862,16,H3;H4
OAKBAT.cleanStatic.four.03,10,True,0.1,50.0,0.05,40.0,0.0627401444012046,0.056619568565930686,0.08928347132574711,49.80535888671875,40.9078369140625,59.031982421875,401.63940852321684,-16.02649766067043,3.3979947723077006e-05,7.585473818765672e-05,-0.3587726922913004,-0.03164439847911413,-11.948816299438477,-1.5144524574279785,0.018134270969312638,0.19464111328125,859816.700815351,21,H3;H4
OAKBAT.cleanStatic.four.03,11,True,0.1,50.0,0.075,60.0,0.06146307432531477,0.05142369500120357,0.08856146781865201,49.797607421875,40.92919921875,59.074462890625,320.37174671981484,8.297617597039789,0.0012051779868422921,0.0003498946097802403,-0.3657376405330215,-0.02798324717159251,-12.072429656982422,-1.6325551867485046,0.017535049351863563,0.202392578125,867153.2275976599,21,H3;H4
OAKBAT.cleanStatic.four.03,21,False,0.1,50.0,0.075,35.0,0.06824419710412027,0.06259747063865617,0.08554419714802758,49.7540283203125,40.873779296875,59.32763671875,697.5076181772165,524.6883452674374,0.005602941303232367,0.005949086656856963,-0.34358164065672847,-0.012738841983002635,-12.14737319946289,-1.5109894573688507,0.01938605820760131,0.2459716796875,870013.9002585544,10,H3;H4
OAKBAT.cleanStatic.four.03,27,True,0.1,50.0,0.075,50.0,0.06518088581883438,0.05984298817141094,0.09277907866507687,49.7279052734375,40.869873046875,58.580322265625,322.5254918518476,657.4516656501219,0.0037525858921988032,0.0073948761699051055,-0.33625948174214493,-0.01898003157743867,-11.941207885742188,-1.1914467513561249,0.021525825548451394,0.2720947265625,849172.562794037,21,H3;H4
OAKBAT.cleanStatic.four.07,10,True,-0.05,-25.0,-0.025,-15.0,-0.032286603993623736,-0.043383706021108345,-0.027478853256087718,-12.58001708984375,-32.9931640625,-0.1763916015625,545.2825989602134,-3.2949567940086126,0.0010650005704324731,0.00019914416779593858,-0.374911267120853,2.7627382968401037,-10.937040328979492,-0.07114747166633606,-0.010065469075925648,-12.41998291015625,1268892.9034711847,24,H3;H4
OAKBAT.cleanStatic.four.07,11,False,-0.05,-25.0,-0.025,-10.0,-0.032094760842543923,-0.046590553015051356,-0.027377592380369214,-12.635009765625,-33.252685546875,-0.614990234375,415.0731624774635,447.4328949288465,0.0010928347066104722,0.004741489452543741,-0.3930465078296024,0.6709503689520735,-10.986686706542969,-0.13075226545333862,-0.010254995664581656,-12.364990234375,1277268.5102255344,10,H3;H4
OAKBAT.cleanStatic.four.07,24,False,-0.05,-25.0,0.0,20.0,-0.026644504728880344,-0.0429476829706141,-0.01808400312198044,-12.702392578125,-33.548828125,0.192626953125,487.90170515095815,142.19514398137107,0.0024385412574163047,0.0017239340919128938,-0.38813745522647114,0.07354191093269505,-10.87454605102539,-0.262240469455719,-0.0059249106561765075,-12.297607421875,1303727.4175540565,10,H3;H4
OAKBAT.cleanStatic.four.07,27,False,-0.05,-25.0,-0.05,-10.0,-0.03425045878562814,-0.045775194523449886,-0.028246968663287374,-12.6943359375,-33.544921875,-1.56298828125,281.31975184287876,2.1271076290868223,0.0010665088618475756,0.0002524413930512271,-0.37162379355499287,0.07263200748195138,-10.92313003540039,-0.17692506313323975,-0.01117827685084194,-12.3056640625,1257917.0223147622,10,H3;H4
