window_start_s,window_end_s,score_available_s,reconstruction,latent_score,combined_score,threshold,alarm
0.0,1.0,1.0,99.50295,50.59840135218254,623.6369903555844,2.8224338538365963,True
0.5,1.5,1.5,91.726814,49.510188353722064,575.9093113108711,2.8224338538365963,True
1.0,2.0,2.0,102.28736,64.27404825587276,647.369876441775,2.8224338538365963,True
1.5,2.5,2.5,177.64,62.86329813607109,1103.884593586159,2.8224338538365963,True
2.0,3.0,3.0,173.46231,45.62951118843133,1069.9185788238906,2.8224338538365963,True
2.5,3.5,3.5,141.37474,43.73810931992947,874.2738979620792,2.8224338538365963,True
3.0,4.0,4.0,239.47484,30.021153771171196,1462.6611440338336,2.8224338538365963,True
3.5,4.5,4.5,190.47096,28.453786988687135,1164.534764982665,2.8224338538365963,True
4.0,5.0,5.0,373.84958,26.185665616028274,2276.094165617159,2.8224338538365963,True
4.5,5.5,5.5,251.23882,26.45670530253826,1532.2596543981585,2.8224338538365963,True
5.0,6.0,6.0,221.15054,28.41692455810816,1350.6720018096144,2.8224338538365963,True
5.5,6.5,6.5,273.09207,27.616438596157465,1665.4393617298888,2.8224338538365963,True
6.0,7.0,7.0,333.50156,28.258285683111126,2032.3092327638878,2.8224338538365963,True
6.5,7.5,7.5,456.57776,29.548992598575854,2779.7487783957595,2.8224338538365963,True
7.0,8.0,8.0,697.9666,31.753425239585418,4245.535405273364,2.8224338538365963,True
7.5,8.5,8.5,802.5407,33.52337039476129,4880.94863379393,2.8224338538365963,True
8.0,9.0,9.0,1097.307,33.127012219622394,6669.3152130512035,2.8224338538365963,True
8.5,9.5,9.5,1393.6805,32.72815953869134,8467.432849361287,2.8224338538365963,True
9.0,10.0,10.0,1712.7108,35.948947255581444,10404.835465430999,2.8224338538365963,True
9.5,10.5,10.5,2198.8652,38.59790838785952,13356.017753683656,2.8224338538365963,True
10.0,11.0,11.0,2494.7566,39.6995207357224,15151.95989418189,2.8224338538365963,True
10.5,11.5,11.5,2710.6953,40.79706292690538,16462.768320285588,2.8224338538365963,True
11.0,12.0,12.0,3097.0264,34.49687102204683,18803.77397734275,2.8224338538365963,True
11.5,12.5,12.5,3566.2292,16.543920596067952,21641.797812226145,2.8224338538365963,True
12.0,13.0,13.0,4097.967,22.475523568362938,24871.207926310803,2.8224338538365963,True
12.5,13.5,13.5,4680.7236,20.952137561334457,28406.462230451398,2.8224338538365963,True
13.0,14.0,14.0,5308.74,24.17672351740735,32218.71493578016,2.8224338538365963,True
13.5,14.5,14.5,6025.959,22.634004720493927,36569.83928494392,2.8224338538365963,True
14.0,15.0,15.0,6878.906,22.49660074771465,41745.22844703909,2.8224338538365963,True
14.5,15.5,15.5,7829.08,27.664823382825507,47513.2216890499,2.8224338538365963,True
15.0,16.0,16.0,8887.793,24.351502428307448,53935.55782757634,2.8224338538365963,True
15.5,16.5,16.5,0.94433635,25.90304891239205,13.261419614265042,2.8224338538365963,True
16.0,17.0,17.0,20.072802,21.54622180162096,127.14952797927468,2.8224338538365963,True
16.5,17.5,17.5,5.2262244,12.75170863193413,32.66712587623491,2.8224338538365963,True
17.0,18.0,18.0,2.6257899,12.98213822237656,17.003584298409447,2.8224338538365963,True
17.5,18.5,18.5,2.5404232,10.15476435255322,15.071914407541378,2.8224338538365963,True
18.0,19.0,19.0,1.6367946,13.048136475082968,11.035618640675159,2.8224338538365963,True
18.5,19.5,19.5,1.8782303,12.141369556232565,12.047204236934366,2.8224338538365963,True
19.0,20.0,20.0,1.7945532,9.627366369898262,10.282471454911269,2.8224338538365963,True
19.5,20.5,20.5,2.2315478,6.139807840252473,11.190261515297665,2.8224338538365963,True
20.0,21.0,21.0,2.2481894,5.453439643030115,10.948054393136287,2.8224338538365963,True
20.5,21.5,21.5,1.7202435,6.98603492818291,8.510913877643386,2.8224338538365963,True
21.0,22.0,22.0,11.361084,4.964545725422104,65.99826700608519,2.8224338538365963,True
21.5,22.5,22.5,2.1318226,5.830526523933313,10.43051415577033,2.8224338538365963,True
22.0,23.0,23.0,2.0826929,10.231240140973048,12.332764651222462,2.8224338538365963,True
22.5,23.5,23.5,2.0732381,8.622118713423822,11.470835126873448,2.8224338538365963,True
23.0,24.0,24.0,2.0854833,7.159751589396478,10.813952102258941,2.8224338538365963,True
23.5,24.5,24.5,2.1282609,10.319232352569642,12.653255393137442,2.8224338538365963,True
24.0,25.0,25.0,2.166642,5.471613039337018,10.462332206762413,2.8224338538365963,True
24.5,25.5,25.5,1.9219787,8.486201779914259,10.485074063913888,2.8224338538365963,True
25.0,26.0,26.0,1.9863544,7.118819740002433,10.191997576740022,2.8224338538365963,True
25.5,26.5,26.5,1.9334493,6.8627288918956,9.742937953915682,2.8224338538365963,True
26.0,27.0,27.0,1.9988894,8.70611383237276,11.061704300773677,2.8224338538365963,True
26.5,27.5,27.5,2.0617309,8.735619065104421,11.457762182823352,2.8224338538365963,True
27.0,28.0,28.0,2.1205509,8.576464534683938,11.735089342870324,2.8224338538365963,True
27.5,28.5,28.5,2.3003752,8.459005387115898,12.767486886042523,2.8224338538365963,True
28.0,29.0,29.0,2.2085836,7.969566286618049,11.965799744287498,2.8224338538365963,True
28.5,29.5,29.5,2.0325549,9.520229896308999,11.67303528411201,2.8224338538365963,True
29.0,30.0,30.0,2.1339033,5.973567504822062,10.514659661594038,2.8224338538365963,True
29.5,30.5,30.5,1.744519,6.258645390350724,8.29451674146572,2.8224338538365963,True
30.0,31.0,31.0,1.078611,5.768264877446618,4.008771108906109,2.8224338538365963,True
30.5,31.5,31.5,1.0575974,4.467553801634617,3.2309104383089307,2.8224338538365963,True
31.0,32.0,32.0,1.0319858,2.6053532963848336,2.1444054615985544,2.8224338538365963,False
31.5,32.5,32.5,0.9907251,3.7632513938076086,2.4729956234881914,2.8224338538365963,False
32.0,33.0,33.0,1.0011266,3.889205020324702,2.5990863020163584,2.8224338538365963,False
32.5,33.5,33.5,0.9744549,4.206472348271017,2.5958826613054065,2.8224338538365963,False
33.0,34.0,34.0,0.8390199,6.345557075539518,3.172778537769759,2.8224338538365963,True
33.5,34.5,34.5,0.91018724,5.992303610370405,3.09883909725689,2.8224338538365963,True
34.0,35.0,35.0,0.98496747,5.026298291981121,3.069583281048725,2.8224338538365963,True
34.5,35.5,35.5,0.8692163,1.8179375764364627,0.9089687882182313,2.8224338538365963,False
35.0,36.0,36.0,0.9435565,2.940089670962298,1.775207963607941,2.8224338538365963,False
35.5,36.5,36.5,0.9762571,4.745649199962573,2.8764064018357693,2.8224338538365963,True
36.0,37.0,37.0,0.81608456,4.484683808492286,2.242341904246143,2.8224338538365963,False
36.5,37.5,37.5,0.9004072,4.846750236117416,2.46671962986594,2.8224338538365963,False
37.0,38.0,38.0,0.85604614,5.206613528861575,2.6033067644307875,2.8224338538365963,False
37.5,38.5,38.5,0.8329689,4.384387447263158,2.192193723631579,2.8224338538365963,False
38.0,39.0,39.0,0.8923389,2.3119351956513854,1.1559675978256927,2.8224338538365963,False
38.5,39.5,39.5,0.9413958,4.175343969304746,2.3797247424485586,2.8224338538365963,False
39.0,40.0,40.0,0.9052537,3.8624104275988587,2.003957100005335,2.8224338538365963,False
39.5,40.5,40.5,0.8910311,3.874036722206521,1.9370183611032605,2.8224338538365963,False
40.0,41.0,41.0,0.9500623,3.5403976600461395,2.114837373631664,2.8224338538365963,False
40.5,41.5,41.5,0.7714752,3.4187748760840493,1.7093874380420246,2.8224338538365963,False
41.0,42.0,42.0,0.9054466,1.5493447550577146,0.8485946129317239,2.8224338538365963,False
41.5,42.5,42.5,0.93993175,2.296263590343856,1.4313009660320952,2.8224338538365963,False
42.0,43.0,43.0,0.9944911,2.8426025026682757,2.03552228215573,2.8224338538365963,False
42.5,43.5,43.5,0.966361,1.67428575602323,1.2806777370903681,2.8224338538365963,False
43.0,44.0,44.0,0.9578578,1.9895078742012196,1.3866936118658657,2.8224338538365963,False
43.5,44.5,44.5,0.8074064,1.557737346713661,0.7788686733568305,2.8224338538365963,False
44.0,45.0,45.0,0.8447935,0.8171582404927986,0.4085791202463993,2.8224338538365963,False
44.5,45.5,45.5,0.9552812,2.6664865661195782,1.7095488864139707,2.8224338538365963,False
45.0,46.0,46.0,0.94607,4.10329921252008,2.3720641638169466,2.8224338538365963,False
45.5,46.5,46.5,0.9108239,2.6223464836288604,1.417723481899944,2.8224338538365963,False
46.0,47.0,47.0,0.76585317,2.660356796233958,1.330178398116979,2.8224338538365963,False
46.5,47.5,47.5,0.86235166,3.2130091625701365,1.6065045812850682,2.8224338538365963,False
47.0,48.0,48.0,0.92832154,1.7969186593412931,1.1111807845145991,2.8224338538365963,False
47.5,48.5,48.5,0.7614502,2.091701642643015,1.0458508213215074,2.8224338538365963,False
48.0,49.0,49.0,0.80463076,3.011845158862149,1.5059225794310744,2.8224338538365963,False
48.5,49.5,49.5,0.8581112,4.402126302670764,2.201063151335382,2.8224338538365963,False
49.0,50.0,50.0,0.90942955,3.182469493017994,1.689324548162956,2.8224338538365963,False
49.5,50.5,50.5,0.8255696,2.331384725290521,1.1656923626452604,2.8224338538365963,False
50.0,51.0,51.0,0.8183101,2.351549584432982,1.175774792216491,2.8224338538365963,False
50.5,51.5,51.5,0.8398535,4.260830314592124,2.130415157296062,2.8224338538365963,False
51.0,52.0,52.0,0.8973549,2.956819820863488,1.5032338993628378,2.8224338538365963,False
51.5,52.5,52.5,0.70098335,1.4538467962018777,0.7269233981009389,2.8224338538365963,False
52.0,53.0,53.0,0.7807927,3.808686331681644,1.904343165840822,2.8224338538365963,False
52.5,53.5,53.5,0.93471324,0.6360682017342251,0.5695387436394113,2.8224338538365963,False
53.0,54.0,54.0,0.84415483,0.0,0.0,2.8224338538365963,False
53.5,54.5,54.5,0.9269637,1.2284461188186326,0.8187054150394333,2.8224338538365963,False
54.0,55.0,55.0,0.9036037,2.395420708623568,1.2604502575697674,2.8224338538365963,False
54.5,55.5,55.5,0.90791875,4.333934340127615,2.255889839117218,2.8224338538365963,False
55.0,56.0,56.0,0.9646451,2.493634208810484,1.6799403402818576,2.8224338538365963,False
55.5,56.5,56.5,0.965391,3.446826782728781,2.1610625079118253,2.8224338538365963,False
56.0,57.0,57.0,0.8743464,3.5889645827998415,1.7944822913999208,2.8224338538365963,False
56.5,57.5,57.5,0.8444132,2.4448111726796165,1.2224055863398082,2.8224338538365963,False
57.0,58.0,58.0,0.83256555,2.5322385755815433,1.2661192877907717,2.8224338538365963,False
57.5,58.5,58.5,0.8692242,0.4836225201783476,0.2418112600891738,2.8224338538365963,False
58.0,59.0,59.0,0.9865894,3.927414726421228,2.529982775153361,2.8224338538365963,False
58.5,59.5,59.5,0.68623847,2.573706888640986,1.286853444320493,2.8224338538365963,False
59.0,60.0,60.0,0.9279234,2.3315023241531905,1.376056692125832,2.8224338538365963,False
59.5,60.5,60.5,0.83978367,1.592121789790575,0.7960608948952875,2.8224338538365963,False
60.0,61.0,61.0,0.7582265,0.5137223469239055,0.25686117346195275,2.8224338538365963,False
60.5,61.5,61.5,0.7785406,2.783819612931503,1.3919098064657516,2.8224338538365963,False
61.0,62.0,62.0,0.9602312,3.5249834602712586,2.1688325590027997,2.8224338538365963,False
61.5,62.5,62.5,0.8046957,2.1245912332402392,1.0622956166201196,2.8224338538365963,False
62.0,63.0,63.0,0.8574216,2.4972115779612096,1.2486057889806048,2.8224338538365963,False
62.5,63.5,63.5,0.8052143,1.0662889868965653,0.5331444934482826,2.8224338538365963,False
63.0,64.0,64.0,0.7477889,0.38728423002618145,0.19364211501309073,2.8224338538365963,False
63.5,64.5,64.5,0.71913785,1.7729691163617902,0.8864845581808951,2.8224338538365963,False
64.0,65.0,65.0,0.7743221,1.6800227163532762,0.8400113581766381,2.8224338538365963,False
64.5,65.5,65.5,0.87414885,0.7467453078084558,0.3733726539042279,2.8224338538365963,False
65.0,66.0,66.0,0.8686914,0.43347678383496335,0.21673839191748168,2.8224338538365963,False
65.5,66.5,66.5,0.88443124,4.962537024873752,2.481268512436876,2.8224338538365963,False
66.0,67.0,67.0,0.8793951,3.2045266771209846,1.6022633385604923,2.8224338538365963,False
66.5,67.5,67.5,0.98849857,3.4466251515720163,2.3011724917855734,2.8224338538365963,False
67.0,68.0,68.0,0.87239736,3.996525912614412,1.998262956307206,2.8224338538365963,False
67.5,68.5,68.5,0.90435123,3.383249110704248,1.758900465911803,2.8224338538365963,False
68.0,69.0,69.0,1.0626522,2.678799736764903,2.367204800805312,2.8224338538365963,False
68.5,69.5,69.5,0.766141,1.6723441762515117,0.8361720881257558,2.8224338538365963,False
69.0,70.0,70.0,1.0018986,2.118258518505715,1.7182973412178169,2.8224338538365963,False
69.5,70.5,70.5,0.83695704,1.8529914662621614,0.9264957331310807,2.8224338538365963,False
70.0,71.0,71.0,0.7966048,2.1625758880194472,1.0812879440097236,2.8224338538365963,False
70.5,71.5,71.5,0.7703954,4.622353358839767,2.3111766794198836,2.8224338538365963,False
71.0,72.0,72.0,0.8107407,2.6304246414260506,1.3152123207130253,2.8224338538365963,False
71.5,72.5,72.5,0.8954266,2.1996646015562833,1.1129556910627314,2.8224338538365963,False
72.0,73.0,73.0,0.791258,1.5246698891686434,0.7623349445843217,2.8224338538365963,False
72.5,73.5,73.5,0.8627393,1.2821466371590267,0.6410733185795133,2.8224338538365963,False
73.0,74.0,74.0,0.93882525,2.280887039819369,1.4168987344990276,2.8224338538365963,False
73.5,74.5,74.5,0.87103325,0.8326219813538215,0.41631099067691074,2.8224338538365963,False
74.0,75.0,75.0,0.8096598,3.0865269791872536,1.5432634895936268,2.8224338538365963,False
74.5,75.5,75.5,0.7977324,2.519923199545035,1.2599615997725175,2.8224338538365963,False
75.0,76.0,76.0,0.8125311,1.5685303401878947,0.7842651700939474,2.8224338538365963,False
75.5,76.5,76.5,0.77931195,5.180808602180273,2.5904043010901363,2.8224338538365963,False
76.0,77.0,77.0,0.84635997,0.738953739112779,0.3694768695563895,2.8224338538365963,False
76.5,77.5,77.5,0.80069935,0.7087140583933821,0.35435702919669104,2.8224338538365963,False
77.0,78.0,78.0,0.8816307,2.5399537742863783,1.2699768871431891,2.8224338538365963,False
77.5,78.5,78.5,0.7124835,1.7158083265466126,0.8579041632733063,2.8224338538365963,False
78.0,79.0,79.0,0.77516156,4.349401322001383,2.1747006610006916,2.8224338538365963,False
78.5,79.5,79.5,0.7703212,2.4633365054035217,1.2316682527017608,2.8224338538365963,False
79.0,80.0,80.0,0.9280095,3.6009240988187585,2.011290185944898,2.8224338538365963,False
79.5,80.5,80.5,0.86724466,0.9686346837177121,0.48431734185885605,2.8224338538365963,False
80.0,81.0,81.0,0.7585198,0.0,0.0,2.8224338538365963,False
80.5,81.5,81.5,0.81478393,3.773887621628019,1.8869438108140095,2.8224338538365963,False
81.0,82.0,82.0,0.77315384,2.4188072390590643,1.2094036195295321,2.8224338538365963,False
81.5,82.5,82.5,0.94502264,1.9488402770566593,1.2884795118797354,2.8224338538365963,False
82.0,83.0,83.0,0.98564565,3.681184074517251,2.4011412011063524,2.8224338538365963,False
82.5,83.5,83.5,0.92568666,3.792032563175959,2.0927499562709726,2.8224338538365963,False
83.0,84.0,84.0,0.94678533,3.8815867304494236,2.265548269108173,2.8224338538365963,False
83.5,84.5,84.5,0.8895933,3.948713529765064,1.974356764882532,2.8224338538365963,False
84.0,85.0,85.0,0.9567818,5.775259993603172,3.2730408879748945,2.8224338538365963,True
84.5,85.5,85.5,0.88164765,4.203896337493132,2.101948168746566,2.8224338538365963,False
85.0,86.0,86.0,0.88010085,5.974848680491856,2.987424340245928,2.8224338538365963,True
85.5,86.5,86.5,0.82473046,1.0821902715720164,0.5410951357860082,2.8224338538365963,False
86.0,87.0,87.0,0.9488568,0.6165020077091324,0.6455748649821532,2.8224338538365963,False
86.5,87.5,87.5,0.86194694,0.0,0.0,2.8224338538365963,False
87.0,88.0,88.0,0.9357677,3.2032356926509293,1.8595207114844876,2.8224338538365963,False
87.5,88.5,88.5,0.84434205,2.9616227449393024,1.4808113724696512,2.8224338538365963,False
88.0,89.0,89.0,0.82256687,1.9671343740917269,0.9835671870458634,2.8224338538365963,False
88.5,89.5,89.5,0.92382777,1.3043993307740425,0.8376540816010319,2.8224338538365963,False
89.0,90.0,90.0,0.90044725,0.4155097174456334,0.25134240967107385,2.8224338538365963,False
89.5,90.5,90.5,0.79977995,0.5422884034980849,0.27114420174904247,2.8224338538365963,False
90.0,91.0,91.0,0.75117534,0.2727701541816592,0.1363850770908296,2.8224338538365963,False
90.5,91.5,91.5,0.80558723,1.3122770554292589,0.6561385277146294,2.8224338538365963,False
91.0,92.0,92.0,0.8322712,4.797098177600108,2.398549088800054,2.8224338538365963,False
91.5,92.5,92.5,1.027287,4.2365847653947935,2.93151039020278,2.8224338538365963,True
92.0,93.0,93.0,1.0025914,1.9988486754938806,1.6627956948562392,2.8224338538365963,False
92.5,93.5,93.5,0.8553709,1.560416652338937,0.7802083261694684,2.8224338538365963,False
93.0,94.0,94.0,0.82204026,3.4616304510026303,1.7308152255013152,2.8224338538365963,False
93.5,94.5,94.5,0.73919076,4.160170672755083,2.0800853363775413,2.8224338538365963,False
94.0,95.0,95.0,0.8907258,3.554080030049917,1.7770400150249586,2.8224338538365963,False
94.5,95.5,95.5,0.84203106,2.2648243857546047,1.1324121928773023,2.8224338538365963,False
95.0,96.0,96.0,0.7918978,2.919320443813282,1.459660221906641,2.8224338538365963,False
95.5,96.5,96.5,0.8827744,4.746965478794389,2.3734827393971947,2.8224338538365963,False
96.0,97.0,97.0,0.87525547,3.6226551546149355,1.8113275773074677,2.8224338538365963,False
96.5,97.5,97.5,0.81738,4.425154443333563,2.2125772216667814,2.8224338538365963,False
97.0,98.0,98.0,0.8928333,2.8243024377643424,1.4121512188821712,2.8224338538365963,False
97.5,98.5,98.5,0.9666819,1.9379723446694794,1.4144682378648026,2.8224338538365963,False
98.0,99.0,99.0,0.8692673,2.491297057585008,1.245648528792504,2.8224338538365963,False
98.5,99.5,99.5,0.8181187,6.196552150869498,3.098276075434749,2.8224338538365963,True
99.0,100.0,100.0,0.90932417,1.9407511261391477,1.0678259403167876,2.8224338538365963,False
99.5,100.5,100.5,0.8297149,2.0028560180341106,1.0014280090170553,2.8224338538365963,False
100.0,101.0,101.0,0.976331,2.220599593234543,1.6143300635534081,2.8224338538365963,False
100.5,101.5,101.5,0.96862495,2.076494168559536,1.4955190798072773,2.8224338538365963,False
101.0,102.0,102.0,0.8547292,3.461511344510157,1.7307556722550785,2.8224338538365963,False
101.5,102.5,102.5,0.93078524,5.272233076337604,2.8637870701781414,2.8224338538365963,True
102.0,103.0,103.0,0.8343642,0.0,0.0,2.8224338538365963,False
102.5,103.5,103.5,0.8354653,0.0,0.0,2.8224338538365963,False
103.0,104.0,104.0,0.87277824,2.025793652161766,1.012896826080883,2.8224338538365963,False
103.5,104.5,104.5,0.8747347,0.9565578387230075,0.47827891936150374,2.8224338538365963,False
104.0,105.0,105.0,0.9031096,1.5694012266086432,0.8444426721576046,2.8224338538365963,False
104.5,105.5,105.5,0.7431369,4.792770567691966,2.396385283845983,2.8224338538365963,False
105.0,106.0,106.0,0.77717865,2.367648803912687,1.1838244019563435,2.8224338538365963,False
105.5,106.5,106.5,0.9210184,1.3767468008026438,0.8567814418624372,2.8224338538365963,False
106.0,107.0,107.0,0.78349984,2.7953792164469005,1.3976896082234502,2.8224338538365963,False
106.5,107.5,107.5,0.7546765,1.2912146132547504,0.6456073066273752,2.8224338538365963,False
107.0,108.0,108.0,0.97316873,2.500657818280487,1.7351713805585876,2.8224338538365963,False
107.5,108.5,108.5,0.8428454,1.0792632481536568,0.5396316240768284,2.8224338538365963,False
108.0,109.0,109.0,0.93184894,0.23257584567792938,0.350412735370235,2.8224338538365963,False
108.5,109.5,109.5,1.027252,1.0516055298133193,1.338808113163646,2.8224338538365963,False
109.0,110.0,110.0,0.8845879,0.0,0.0,2.8224338538365963,False
109.5,110.5,110.5,0.8435271,2.569663886997076,1.284831943498538,2.8224338538365963,False
110.0,111.0,111.0,0.8847875,2.5458688637842926,1.2729344318921463,2.8224338538365963,False
110.5,111.5,111.5,0.9011831,3.1026896652811624,1.5993975044744015,2.8224338538365963,False
111.0,112.0,112.0,0.9835475,4.5758022124385365,2.8357192867288528,2.8224338538365963,True
111.5,112.5,112.5,0.9477243,1.7178569148966576,1.189380676195736,2.8224338538365963,False
112.0,113.0,113.0,0.9731319,2.5884695439114735,1.778853734164031,2.8224338538365963,False
112.5,113.5,113.5,0.95584875,2.010686733466304,1.385092747915969,2.8224338538365963,False
113.0,114.0,114.0,0.8562713,1.5966674873205617,0.7983337436602809,2.8224338538365963,False
113.5,114.5,114.5,0.96251565,0.0,0.4202023782095468,2.8224338538365963,False
114.0,115.0,115.0,0.8356354,1.3256642360606758,0.6628321180303379,2.8224338538365963,False
114.5,115.5,115.5,0.85326093,1.4898674096528421,0.7449337048264211,2.8224338538365963,False
115.0,116.0,116.0,0.8725842,2.663625515004034,1.331812757502017,2.8224338538365963,False
115.5,116.5,116.5,0.7872266,5.530476213072467,2.7652381065362337,2.8224338538365963,False
116.0,117.0,117.0,0.8182623,2.2150933313326884,1.1075466656663442,2.8224338538365963,False
116.5,117.5,117.5,0.7890678,1.415808666441274,0.707904333220637,2.8224338538365963,False
117.0,118.0,118.0,0.88080513,1.9580758074914775,0.9790379037457387,2.8224338538365963,False
117.5,118.5,118.5,0.87425417,2.0808394572061504,1.0404197286030752,2.8224338538365963,False
118.0,119.0,119.0,0.85940826,4.328853298682315,2.1644266493411575,2.8224338538365963,False
118.5,119.5,119.5,0.8757647,0.9617108412398723,0.48085542061993614,2.8224338538365963,False
119.0,120.0,120.0,2.0544238,6.884363594209785,10.487797164077561,2.8224338538365963,True
119.5,120.5,120.5,34.074158,45.042231554573604,223.85409824658552,2.8224338538365963,True
120.0,121.0,121.0,359.92847,50.56985339556821,2203.8165941019074,2.8224338538365963,True
120.5,121.5,121.5,214.1069,34.84992945583561,1311.1495389377262,2.8224338538365963,True
121.0,122.0,122.0,128.38004,32.11961054987803,789.6161775983443,2.8224338538365963,True
121.5,122.5,122.5,135.60901,29.463759200975343,832.1517709234613,2.8224338538365963,True
122.0,123.0,123.0,182.55412,28.412324030830646,1116.4767223222939,2.8224338538365963,True
122.5,123.5,123.5,205.98615,28.905351983880294,1258.9026151800533,2.8224338538365963,True
123.0,124.0,124.0,239.20557,28.285882914753564,1460.1596374735586,2.8224338538365963,True
123.5,124.5,124.5,282.27002,26.951302336409963,1720.7961805633472,2.8224338538365963,True
124.0,125.0,125.0,334.88458,27.71010870518932,2040.4269849089276,2.8224338538365963,True
124.5,125.5,125.5,19.377249,46.36171404756865,135.33684155188195,2.8224338538365963,True
125.0,126.0,126.0,0.8513519,78.45232645015415,39.22616322507707,2.8224338538365963,True
125.5,126.5,126.5,60.736984,27.118041259303798,376.6750579747958,2.8224338538365963,True
126.0,127.0,127.0,31.69016,29.270616396730116,201.50282088639378,2.8224338538365963,True
126.5,127.5,127.5,14.615753,25.471968395079802,96.00045937040572,2.8224338538365963,True
127.0,128.0,128.0,8.386195,23.515624384143496,57.222959492662184,2.8224338538365963,True
127.5,128.5,128.5,9.189751,23.469274199800786,62.07554884804729,2.8224338538365963,True
128.0,129.0,129.0,7.059242,21.71285625269349,48.269969337110226,2.8224338538365963,True
128.5,129.5,129.5,3.4793918,23.149343702743188,27.266620212891013,2.8224338538365963,True
129.0,130.0,130.0,3.6510653,21.40204625772663,27.434641588801856,2.8224338538365963,True
129.5,130.5,130.5,3.9439735,20.6585363934947,28.84017692186491,2.8224338538365963,True
130.0,131.0,131.0,2.4539475,16.444695035900153,17.692168370372087,2.8224338538365963,True
130.5,131.5,131.5,2.6617584,9.76960672532755,15.615566251864113,2.8224338538365963,True
131.0,132.0,132.0,2.7955513,9.653379137249525,16.369272628604197,2.8224338538365963,True
131.5,132.5,132.5,2.8260808,15.281136745278557,19.368396444572824,2.8224338538365963,True
132.0,133.0,133.0,2.9365718,14.957565480379117,19.877041515949177,2.8224338538365963,True
132.5,133.5,133.5,2.9527917,14.706929775699582,19.850141495770675,2.8224338538365963,True
133.0,134.0,134.0,2.8178349,13.93278585233782,18.644186761605425,2.8224338538365963,True
133.5,134.5,134.5,2.6346948,13.542395290842583,17.337745641673976,2.8224338538365963,True
134.0,135.0,135.0,2.6051586,8.701811642866556,14.738235597764659,2.8224338538365963,True
134.5,135.5,135.5,2.377683,10.190184537341175,14.102159363272646,2.8224338538365963,True
135.0,136.0,136.0,2.6507664,13.513757862488333,17.4209449361717,2.8224338538365963,True
135.5,136.5,136.5,2.65979,10.116092265997278,15.776865384411446,2.8224338538365963,True
136.0,137.0,137.0,2.294664,9.62513829465901,13.315898562294667,2.8224338538365963,True
136.5,137.5,137.5,2.0753808,9.198171584313572,11.771862709701622,2.8224338538365963,True
137.0,138.0,138.0,1.9082109,8.515756311154083,10.416311688121791,2.8224338538365963,True
137.5,138.5,138.5,1.4174126,5.62983799817546,5.9953172635870615,2.8224338538365963,True
138.0,139.0,139.0,0.8652019,2.9975234727877544,1.4987617363938772,2.8224338538365963,False
138.5,139.5,139.5,0.90109783,3.574466463291242,1.8347683603085971,2.8224338538365963,False
139.0,140.0,140.0,0.8629609,3.940871489917615,1.9704357449588075,2.8224338538365963,False
139.5,140.5,140.5,1.015671,4.192715707281829,2.8390930635874057,2.8224338538365963,True
140.0,141.0,141.0,0.9073865,5.993634774701071,3.082510384485262,2.8224338538365963,True
140.5,141.5,141.5,0.89742094,4.241866869527551,2.14615814894525,2.8224338538365963,False
141.0,142.0,142.0,0.76940906,3.118739290497472,1.559369645248736,2.8224338538365963,False
141.5,142.5,142.5,0.90312296,3.7412463953150246,1.9304462695578037,2.8224338538365963,False
142.0,143.0,143.0,0.7576073,2.9936217136492593,1.4968108568246297,2.8224338538365963,False
142.5,143.5,143.5,0.9619288,5.843621012469756,3.3384519270299378,2.8224338538365963,True
143.0,144.0,144.0,0.81919,6.531372013537709,3.2656860067688545,2.8224338538365963,True
143.5,144.5,144.5,0.9010422,6.425020644200745,3.259708016955943,2.8224338538365963,True
144.0,145.0,145.0,1.0392451,3.9858326171899305,2.878693072988832,2.8224338538365963,True
144.5,145.5,145.5,0.98776466,3.6483295309579944,2.3975714955508174,2.8224338538365963,False
145.0,146.0,146.0,1.008079,2.4971718629306006,1.9452550975566198,2.8224338538365963,False
145.5,146.5,146.5,0.84940416,2.580815970197286,1.290407985098643,2.8224338538365963,False
146.0,147.0,147.0,0.91272885,4.6005604042888635,2.418389268044185,2.8224338538365963,False
146.5,147.5,147.5,0.802265,2.2358786753728968,1.1179393376864484,2.8224338538365963,False
147.0,148.0,148.0,0.87787974,1.7854598681678056,0.8927299340839028,2.8224338538365963,False
147.5,148.5,148.5,0.92929995,2.980944636756407,1.709130510573243,2.8224338538365963,False
148.0,149.0,149.0,0.8636396,2.3426979407815214,1.1713489703907607,2.8224338538365963,False
148.5,149.5,149.5,0.88904315,1.7205470142487787,0.8602735071243893,2.8224338538365963,False
149.0,150.0,150.0,0.84346336,5.09853748248189,2.549268741240945,2.8224338538365963,False
149.5,150.5,150.5,0.868974,1.961512837252553,0.9807564186262765,2.8224338538365963,False
150.0,151.0,151.0,0.8401053,3.1795237030104753,1.5897618515052376,2.8224338538365963,False
150.5,151.5,151.5,0.94332767,2.9403302531160245,1.7739398212586195,2.8224338538365963,False
151.0,152.0,152.0,0.90655375,1.808825298381233,0.9850528191835798,2.8224338538365963,False
151.5,152.5,152.5,0.9077068,4.09549188180623,2.1353825278352665,2.8224338538365963,False
152.0,153.0,153.0,0.9309994,3.5344542622471113,1.996197126873526,2.8224338538365963,False
152.5,153.5,153.5,0.8640104,5.059451546508707,2.5297257732543534,2.8224338538365963,False
153.0,154.0,154.0,0.99248207,1.9368052547807748,1.5704333646295408,2.8224338538365963,False
153.5,154.5,154.5,0.7164124,0.6906668124008973,0.34533340620044867,2.8224338538365963,False
154.0,155.0,155.0,0.79899687,2.9696533072046565,1.4848266536023282,2.8224338538365963,False
154.5,155.5,155.5,0.9150636,3.7323900068852796,1.9984708642726046,2.8224338538365963,False
155.0,156.0,156.0,0.82164294,2.1497789502220055,1.0748894751110027,2.8224338538365963,False
155.5,156.5,156.5,0.7761459,4.892810727682018,2.446405363841009,2.8224338538365963,False
156.0,157.0,157.0,0.67935085,2.0488176788839976,1.0244088394419988,2.8224338538365963,False
156.5,157.5,157.5,0.8469083,2.52032403321341,1.260162016606705,2.8224338538365963,False
157.0,158.0,158.0,0.81395537,1.7146776425061665,0.8573388212530832,2.8224338538365963,False
157.5,158.5,158.5,1.0331612,2.773012585331487,2.235367147531731,2.8224338538365963,False
158.0,159.0,159.0,1.0606205,3.7582543910102117,2.894604401497924,2.8224338538365963,True
158.5,159.5,159.5,1.0177293,3.612719852382478,2.5615841653310127,2.8224338538365963,False
159.0,160.0,160.0,0.9070409,2.700955585159501,1.4340738537923563,2.8224338538365963,False
159.5,160.5,160.5,0.9483926,2.9762451880568226,1.8226301667762899,2.8224338538365963,False
160.0,161.0,161.0,0.9503048,2.6999656408215684,1.696092980484902,2.8224338538365963,False
160.5,161.5,161.5,1.0905538,2.7926667212296845,2.593437478015911,2.8224338538365963,False
161.0,162.0,162.0,0.82148546,1.96172626749032,0.98086313374516,2.8224338538365963,False
161.5,162.5,162.5,0.8354111,2.799644751872096,1.399822375936048,2.8224338538365963,False
162.0,163.0,163.0,0.8548937,0.06550234099503978,0.03275117049751989,2.8224338538365963,False
162.5,163.5,163.5,0.9867036,2.6472977863323828,1.8906172559931715,2.8224338538365963,False
163.0,164.0,164.0,0.9247512,2.3225448634901396,1.3523301298220345,2.8224338538365963,False
163.5,164.5,164.5,0.9120884,2.621205934620395,1.4248259386112647,2.8224338538365963,False
164.0,165.0,165.0,0.826525,5.541505893295398,2.770752946647699,2.8224338538365963,False
164.5,165.5,165.5,0.7806701,3.745866292254564,1.872933146127282,2.8224338538365963,False
165.0,166.0,166.0,0.8458655,4.654232248788462,2.327116124394231,2.8224338538365963,False
165.5,166.5,166.5,0.8491736,3.377851742440192,1.688925871220096,2.8224338538365963,False
166.0,167.0,167.0,0.76126397,4.05830591599434,2.02915295799717,2.8224338538365963,False
166.5,167.5,167.5,0.9068788,5.803743863119107,2.984484624581017,2.8224338538365963,True
167.0,168.0,168.0,0.8152483,4.9673018536609685,2.4836509268304843,2.8224338538365963,False
167.5,168.5,168.5,0.7647831,3.0247398618925567,1.5123699309462784,2.8224338538365963,False
168.0,169.0,169.0,0.87151843,3.083479774920215,1.5417398874601076,2.8224338538365963,False
168.5,169.5,169.5,1.0414846,3.9542735697634646,2.8765020412497107,2.8224338538365963,True
169.0,170.0,170.0,0.88615805,4.000743524670481,2.0003717623352406,2.8224338538365963,False
169.5,170.5,170.5,1.0722016,2.3593925400436815,2.265444337655931,2.8224338538365963,False
170.0,171.0,171.0,0.91684,3.7812604101693568,2.0336847794860375,2.8224338538365963,False
170.5,171.5,171.5,0.9009887,3.0183189690591528,1.5560324038663362,2.8224338538365963,False
171.0,172.0,172.0,1.0654416,5.607732798029233,3.8485965482852484,2.8224338538365963,True
171.5,172.5,172.5,0.81665975,2.7823515295896106,1.3911757647948053,2.8224338538365963,False
172.0,173.0,173.0,0.8582721,1.8401903615219428,0.9200951807609714,2.8224338538365963,False
172.5,173.5,173.5,0.87780535,2.9275362966104597,1.4637681483052298,2.8224338538365963,False
173.0,174.0,174.0,1.00359,3.2587707972485243,2.298816097651326,2.8224338538365963,False
173.5,174.5,174.5,0.91403323,3.342388925378106,1.7972182139492194,2.8224338538365963,False
174.0,175.0,175.0,0.632329,4.038603607537245,2.0193018037686223,2.8224338538365963,False
174.5,175.5,175.5,0.5956686,6.962720153658465,3.4813600768292323,2.8224338538365963,True
175.0,176.0,176.0,0.7859994,6.7976920917865415,3.3988460458932708,2.8224338538365963,True
175.5,176.5,176.5,0.8094111,4.600831627766526,2.300415813883263,2.8224338538365963,False
176.0,177.0,177.0,0.729244,5.468457862885131,2.7342289314425656,2.8224338538365963,False
176.5,177.5,177.5,0.87552273,4.417644256536075,2.2088221282680376,2.8224338538365963,False
177.0,178.0,178.0,0.77276975,3.734143787684603,1.8670718938423014,2.8224338538365963,False
177.5,178.5,178.5,0.88345504,3.2461286755666885,1.6230643377833442,2.8224338538365963,False
178.0,179.0,179.0,0.8833406,0.3410853329158371,0.17054266645791855,2.8224338538365963,False
178.5,179.5,179.5,0.87436026,2.1408207719911307,1.0704103859955654,2.8224338538365963,False
179.0,180.0,180.0,0.9067238,2.2579891731130575,1.2106665879026843,2.8224338538365963,False
179.5,180.5,180.5,0.69936186,4.413525334017152,2.206762667008576,2.8224338538365963,False
180.0,181.0,181.0,0.9456566,2.981724894546842,1.8087684936961739,2.8224338538365963,False
180.5,181.5,181.5,0.95644814,3.557668523874237,2.162220550265993,2.8224338538365963,False
181.0,182.0,182.0,0.8556718,2.414337997189964,1.207168998594982,2.8224338538365963,False
181.5,182.5,182.5,0.8003661,2.588550153513835,1.2942750767569176,2.8224338538365963,False
182.0,183.0,183.0,0.72893924,0.4926028756003282,0.2463014378001641,2.8224338538365963,False
182.5,183.5,183.5,0.8364654,3.3239789264631505,1.6619894632315753,2.8224338538365963,False
183.0,184.0,184.0,0.80958736,1.471223080800074,0.735611540400037,2.8224338538365963,False
183.5,184.5,184.5,0.7723616,4.5302270117702665,2.2651135058851333,2.8224338538365963,False
184.0,185.0,185.0,0.8965654,6.30954899455458,3.174807866473233,2.8224338538365963,True
184.5,185.5,185.5,1.0931696,5.387496207754273,3.906724268514867,2.8224338538365963,True
185.0,186.0,186.0,1.0147256,2.2321286427500975,1.853062794930255,2.8224338538365963,False
185.5,186.5,186.5,0.8610682,1.8045214543899561,0.9022607271949781,2.8224338538365963,False
186.0,187.0,187.0,0.9215189,4.545967553242253,2.444428722348893,2.8224338538365963,False
186.5,187.5,187.5,0.82749933,3.881474296649971,1.9407371483249856,2.8224338538365963,False
187.0,188.0,188.0,0.9339795,0.20723642104061069,0.3506707523610244,2.8224338538365963,False
187.5,188.5,188.5,0.72077394,2.073952561804012,1.036976280902006,2.8224338538365963,False
188.0,189.0,189.0,0.7869164,2.1835925202524296,1.0917962601262148,2.8224338538365963,False
188.5,189.5,189.5,0.9252384,0.0,0.19401358929660725,2.8224338538365963,False
189.0,190.0,190.0,0.95678115,3.8986481476297943,2.3347309866689328,2.8224338538365963,False
189.5,190.5,190.5,0.7786183,2.3012010937753566,1.1506005468876783,2.8224338538365963,False
190.0,191.0,191.0,0.78252196,6.497187365913343,3.2485936829566713,2.8224338538365963,True
190.5,191.5,191.5,0.8309532,4.654392767160407,2.3271963835802034,2.8224338538365963,False
191.0,192.0,192.0,0.9114498,4.55019568045736,2.3854459285581027,2.8224338538365963,False
191.5,192.5,192.5,1.079738,2.737810220499459,2.500382149596974,2.8224338538365963,False
192.0,193.0,193.0,1.00825,5.314255981581383,3.3548344132160297,2.8224338538365963,True
192.5,193.5,193.5,1.017456,2.5155069733543702,2.0113198516763933,2.8224338538365963,False
193.0,194.0,194.0,0.8273812,2.3954168048462465,1.1977084024231233,2.8224338538365963,False
193.5,194.5,194.5,0.9305881,2.7005031565432938,1.5767260828414464,2.8224338538365963,False
194.0,195.0,195.0,0.68894476,4.651541481534928,2.325770740767464,2.8224338538365963,False
194.5,195.5,195.5,0.9225093,3.615610073394276,1.9852594145190658,2.8224338538365963,False
195.0,196.0,196.0,0.8972024,3.5662915731506972,1.8070442737774486,2.8224338538365963,False
195.5,196.5,196.5,0.82186985,1.0255536069743534,0.5127768034871767,2.8224338538365963,False
196.0,197.0,197.0,1.0271586,2.8257492677174634,2.225313614117436,2.8224338538365963,False
196.5,197.5,197.5,0.77828604,4.572549799719132,2.286274899859566,2.8224338538365963,False
197.0,198.0,198.0,0.8167185,3.3605970109251544,1.6802985054625772,2.8224338538365963,False
197.5,198.5,198.5,0.82101864,2.33267433973733,1.166337169868665,2.8224338538365963,False
198.0,199.0,199.0,1.0852362,3.872131428651816,3.1009042157635367,2.8224338538365963,True
198.5,199.5,199.5,0.9527032,5.325342967885236,3.023334335916403,2.8224338538365963,True
199.0,200.0,200.0,0.9946112,3.803251124272382,2.5165753487154707,2.8224338538365963,False
199.5,200.5,200.5,1.0720186,5.967969050674025,4.068622280228621,2.8224338538365963,True
200.0,201.0,201.0,1.0834395,7.41806134037598,4.862967130156769,2.8224338538365963,True
200.5,201.5,201.5,0.9278367,4.109083084838787,2.264321210993852,2.8224338538365963,False
201.0,202.0,202.0,0.8469294,3.825078265905334,1.912539132952667,2.8224338538365963,False
201.5,202.5,202.5,0.827272,3.7030418517587074,1.8515209258793537,2.8224338538365963,False
202.0,203.0,203.0,0.8342801,4.035990360372592,2.017995180186296,2.8224338538365963,False
202.5,203.5,203.5,0.8915136,9.683919179310003,4.841959589655001,2.8224338538365963,True
203.0,204.0,204.0,0.84695697,4.333939516012205,2.1669697580061027,2.8224338538365963,False
203.5,204.5,204.5,0.70916,4.013690744035652,2.006845372017826,2.8224338538365963,False
204.0,205.0,205.0,0.864423,3.53890203569932,1.76945101784966,2.8224338538365963,False
204.5,205.5,205.5,1.0095532,3.4341479284719165,2.422687838713941,2.8224338538365963,False
205.0,206.0,206.0,0.94634,3.6886638035382813,2.1663848035356374,2.8224338538365963,False
205.5,206.5,206.5,1.1314632,3.2447190853794985,3.0676912527785474,2.8224338538365963,True
206.0,207.0,207.0,0.76540583,4.783623622529819,2.3918118112649096,2.8224338538365963,False
206.5,207.5,207.5,0.928438,4.313243757749264,2.3700500278875776,2.8224338538365963,False
207.0,208.0,208.0,0.9087266,2.631458509997318,1.4095535750614683,2.8224338538365963,False
207.5,208.5,208.5,1.0889033,5.901694085635033,4.137936645612944,2.8224338538365963,True
208.0,209.0,209.0,0.96013325,4.6582836389013575,2.734888432084658,2.8224338538365963,False
208.5,209.5,209.5,0.8395386,2.913975393717845,1.4569876968589226,2.8224338538365963,False
209.0,210.0,210.0,0.91555184,1.4594546357253062,0.8649655798892522,2.8224338538365963,False
209.5,210.5,210.5,1.4821135,6.373196421646659,6.759584254463984,2.8224338538365963,True
210.0,211.0,211.0,1.5496973,18.018776384495887,12.992455046537529,2.8224338538365963,True
210.5,211.5,211.5,1.1099796,14.40719998119969,8.51857519807508,2.8224338538365963,True
211.0,212.0,212.0,1.080176,13.921203229076982,8.094736171159923,2.8224338538365963,True
211.5,212.5,212.5,0.9662663,7.374108752246063,4.1300145488995685,2.8224338538365963,True
212.0,213.0,213.0,1.0887476,4.5848371087381405,3.478563487169917,2.8224338538365963,True
212.5,213.5,213.5,0.8989636,5.365437633780065,2.7173037929894774,2.8224338538365963,False
213.0,214.0,214.0,1.0239451,2.454196249411941,2.020038277212832,2.8224338538365963,False
213.5,214.5,214.5,0.8610248,4.703959038221538,2.351979519110769,2.8224338538365963,False
214.0,215.0,215.0,0.9446877,5.958368241089568,3.2912112960785986,2.8224338538365963,True
214.5,215.5,215.5,0.8997591,4.6802849752048195,2.3795546116412365,2.8224338538365963,False
215.0,216.0,216.0,0.72412044,3.427238902749293,1.7136194513746466,2.8224338538365963,False
215.5,216.5,216.5,0.8168719,4.244238305975978,2.122119152987989,2.8224338538365963,False
216.0,217.0,217.0,0.91994536,2.7878681245833676,1.5558310417648846,2.8224338538365963,False
216.5,217.5,217.5,0.8800657,7.009505701136329,3.5047528505681647,2.8224338538365963,True
217.0,218.0,218.0,0.72665757,6.653606223733587,3.3268031118667936,2.8224338538365963,True
217.5,218.5,218.5,0.76750404,8.837004980760359,4.418502490380179,2.8224338538365963,True
218.0,219.0,219.0,0.87286806,6.880058522442849,3.4400292612214245,2.8224338538365963,True
218.5,219.5,219.5,0.8400779,3.1961400660788497,1.5980700330394249,2.8224338538365963,False
219.0,220.0,220.0,0.9152758,4.907519506428191,2.5873231428268726,2.8224338538365963,False
219.5,220.5,220.5,0.86239004,5.021389747703472,2.510694873851736,2.8224338538365963,False
220.0,221.0,221.0,0.96013504,4.167654346999635,2.4895846360954494,2.8224338538365963,False
220.5,221.5,221.5,0.83756405,4.821798736837195,2.4108993684185975,2.8224338538365963,False
221.0,222.0,222.0,0.9603023,2.6588058108460007,1.7361752010985685,2.8224338538365963,False
221.5,222.5,222.5,0.95274174,3.1941711127794594,1.9579824058698292,2.8224338538365963,False
222.0,223.0,223.0,0.7971192,4.381238033968979,2.1906190169844897,2.8224338538365963,False
222.5,223.5,223.5,0.74418277,2.045095675959499,1.0225478379797495,2.8224338538365963,False
223.0,224.0,224.0,0.7730441,3.2283324416043717,1.6141662208021859,2.8224338538365963,False
223.5,224.5,224.5,0.85992765,4.414729202708708,2.207364601354354,2.8224338538365963,False
224.0,225.0,225.0,0.86918515,4.540219292571116,2.270109646285558,2.8224338538365963,False
224.5,225.5,225.5,0.75258666,4.708808516729272,2.354404258364636,2.8224338538365963,False
225.0,226.0,226.0,0.712406,3.052917929878442,1.526458964939221,2.8224338538365963,False
225.5,226.5,226.5,0.86732155,0.7007778788262424,0.3503889394131212,2.8224338538365963,False
226.0,227.0,227.0,0.85956424,1.886914006729306,0.943457003364653,2.8224338538365963,False
226.5,227.5,227.5,0.9005954,3.6285663216873054,1.8587698119475482,2.8224338538365963,False
227.0,228.0,228.0,0.84535635,3.5442737949288263,1.7721368974644132,2.8224338538365963,False
227.5,228.5,228.5,1.0375116,3.461799879468446,2.606158027970977,2.8224338538365963,False
228.0,229.0,229.0,0.8803935,2.4029833582919005,1.2014916791459502,2.8224338538365963,False
228.5,229.5,229.5,0.8403691,5.068201278094749,2.5341006390473746,2.8224338538365963,False
229.0,230.0,230.0,0.9071574,2.0508409248875314,1.1097235794907534,2.8224338538365963,False
229.5,230.5,230.5,0.7283183,3.7039180633786963,1.8519590316893482,2.8224338538365963,False
230.0,231.0,231.0,0.77456653,2.056042182345706,1.028021091172853,2.8224338538365963,False
230.5,231.5,231.5,0.94763446,1.2412865461892058,0.9505504621016454,2.8224338538365963,False
231.0,232.0,232.0,0.8614788,4.116308432508508,2.058154216254254,2.8224338538365963,False
231.5,232.5,232.5,0.9400052,3.1076224391808625,1.8374259622091447,2.8224338538365963,False
232.0,233.0,233.0,1.0158223,1.483093122412924,1.4851996779087897,2.8224338538365963,False
232.5,233.5,233.5,0.9875992,0.9849086498766073,1.0648570718918406,2.8224338538365963,False
233.0,234.0,234.0,0.8429339,5.473863118776706,2.736931559388353,2.8224338538365963,False
233.5,234.5,234.5,0.825547,2.92486599435827,1.462432997179135,2.8224338538365963,False
234.0,235.0,235.0,0.740586,3.1205584863536378,1.5602792431768189,2.8224338538365963,False
234.5,235.5,235.5,0.76563656,3.449444145455918,1.724722072727959,2.8224338538365963,False
235.0,236.0,236.0,0.9101372,1.2544545663713764,0.7296107763310941,2.8224338538365963,False
235.5,236.5,236.5,0.87758577,4.2966139185146055,2.1483069592573028,2.8224338538365963,False
236.0,237.0,237.0,0.90413857,5.015260023538401,2.5736155002229593,2.8224338538365963,False
236.5,237.5,237.5,0.9615913,7.273225272105703,4.051206307418618,2.8224338538365963,True
237.0,238.0,238.0,0.97045726,3.4585592222314,2.1976695623489517,2.8224338538365963,False
237.5,238.5,238.5,0.74256736,4.183961036764799,2.0919805183823996,2.8224338538365963,False
238.0,239.0,239.0,0.8178708,5.722960340070095,2.8614801700350476,2.8224338538365963,True
238.5,239.5,239.5,0.88102406,2.6634986361577604,1.3317493180788802,2.8224338538365963,False
239.0,240.0,240.0,0.9464129,4.937234272856444,2.7911123549647696,2.8224338538365963,False
239.5,240.5,240.5,0.77778226,7.378800313202916,3.689400156601458,2.8224338538365963,True
240.0,241.0,241.0,0.8338239,4.445900964230925,2.2229504821154626,2.8224338538365963,False
240.5,241.5,241.5,0.79897463,4.750880400392236,2.375440200196118,2.8224338538365963,False
241.0,242.0,242.0,1.0794324,4.909749260430469,3.584497049450607,2.8224338538365963,True
241.5,242.5,242.5,0.98052526,0.9748300853293873,1.0168949796539088,2.8224338538365963,False
242.0,243.0,243.0,0.9869145,3.583754482862761,2.3601255380680164,2.8224338538365963,False
242.5,243.5,243.5,0.89738685,3.139787916625217,1.594911799891901,2.8224338538365963,False
243.0,244.0,244.0,0.89506906,3.059228743134737,1.540568492852152,2.8224338538365963,False
243.5,244.5,244.5,0.844604,3.703049755704071,1.8515248778520355,2.8224338538365963,False
244.0,245.0,245.0,0.7055335,2.2094166312340273,1.1047083156170137,2.8224338538365963,False
244.5,245.5,245.5,0.6732717,5.787720641506798,2.893860320753399,2.8224338538365963,True
245.0,246.0,246.0,0.7339498,6.341022917220385,3.1705114586101923,2.8224338538365963,True
245.5,246.5,246.5,0.86787045,3.221507850877853,1.6107539254389265,2.8224338538365963,False
246.0,247.0,247.0,0.9561697,4.598939818839021,2.681166858719026,2.8224338538365963,False
246.5,247.5,247.5,0.871612,6.522683970484887,3.2613419852424435,2.8224338538365963,True
247.0,248.0,248.0,0.92403597,4.756493749648174,2.5649645882398855,2.8224338538365963,False
247.5,248.5,248.5,0.75678277,2.9862530373608007,1.4931265186804004,2.8224338538365963,False
248.0,249.0,249.0,0.8070672,4.225658090685536,2.112829045342768,2.8224338538365963,False
248.5,249.5,249.5,1.0586567,3.4632055040598098,2.7351638068047146,2.8224338538365963,False
249.0,250.0,250.0,1.094757,3.186659032260207,2.815937553392515,2.8224338538365963,False
249.5,250.5,250.5,1.0167181,2.2384033718219793,1.868290633401428,2.8224338538365963,False
250.0,251.0,251.0,1.0352472,3.939468161867716,2.8312525010641365,2.8224338538365963,True
250.5,251.5,251.5,0.92171305,2.7308011552962688,1.538023467546019,2.8224338538365963,False
251.0,252.0,252.0,0.91130996,2.1843798005400377,1.2016895215981835,2.8224338538365963,False
251.5,252.5,252.5,0.9700957,6.091124144637863,3.5117581613059636,2.8224338538365963,True
252.0,253.0,253.0,1.0020405,5.529557763081118,3.4248077271299833,2.8224338538365963,True
252.5,253.5,253.5,0.9661873,2.3455571414841265,1.6152595368789298,2.8224338538365963,False
253.0,254.0,254.0,0.76534617,3.196885561400949,1.5984427807004744,2.8224338538365963,False
253.5,254.5,254.5,0.82674754,2.9762651195305185,1.4881325597652593,2.8224338538365963,False
254.0,255.0,255.0,0.97141254,3.54360842078228,2.2459905728047675,2.8224338538365963,False
254.5,255.5,255.5,0.9190628,4.471963371414148,2.392523485773784,2.8224338538365963,False
255.0,256.0,256.0,0.8454529,4.656243188975122,2.328121594487561,2.8224338538365963,False
255.5,256.5,256.5,1.1032996,5.051646243183813,3.8002657656549568,2.8224338538365963,True
256.0,257.0,257.0,0.9892374,4.038862643798889,2.601774442053994,2.8224338538365963,False
256.5,257.5,257.5,1.0613607,4.487572345970606,3.263754539771651,2.8224338538365963,True
257.0,258.0,258.0,0.7896973,3.1749247397815825,1.5874623698907913,2.8224338538365963,False
257.5,258.5,258.5,0.8738725,2.8487478698157873,1.4243739349078937,2.8224338538365963,False
258.0,259.0,259.0,0.89384186,3.3600855984204796,1.6835505918126275,2.8224338538365963,False
258.5,259.5,259.5,0.94936115,3.438634312682963,2.0597014299859677,2.8224338538365963,False
259.0,260.0,260.0,0.7313121,4.123578470432168,2.061789235216084,2.8224338538365963,False
259.5,260.5,260.5,0.80254257,3.67111851999891,1.835559259999455,2.8224338538365963,False
260.0,261.0,261.0,1.0051914,5.283359657098942,3.3208277532328863,2.8224338538365963,True
260.5,261.5,261.5,1.0620308,2.8188019712704437,2.4334351947183057,2.8224338538365963,False
261.0,262.0,262.0,0.96310914,7.275198403478438,4.0614026822213685,2.8224338538365963,True
261.5,262.5,262.5,0.98736537,7.215367538537974,4.178667702903711,2.8224338538365963,True
262.0,263.0,263.0,0.85563046,6.942944454385924,3.471472227192962,2.8224338538365963,True
262.5,263.5,263.5,0.89273494,2.6927866900920234,1.3463933450460117,2.8224338538365963,False
263.0,264.0,264.0,0.873195,3.5598028634371155,1.7799014317185577,2.8224338538365963,False
263.5,264.5,264.5,0.91662484,0.9224481305621304,0.6029730276301903,2.8224338538365963,False
264.0,265.0,265.0,1.0309887,2.928638182788745,2.2999979661828447,2.8224338538365963,False
264.5,265.5,265.5,0.9480274,4.285262001080739,2.474922287787946,2.8224338538365963,False
265.0,266.0,266.0,0.8552128,4.362245533431352,2.181122766715676,2.8224338538365963,False
265.5,266.5,266.5,0.97470057,4.33117250198962,2.6597235228958187,2.8224338538365963,False
266.0,267.0,267.0,0.8139274,3.800969204147004,1.900484602073502,2.8224338538365963,False
266.5,267.5,267.5,0.92651886,2.723912712552754,1.563739603112637,2.8224338538365963,False
267.0,268.0,268.0,0.72325945,3.9948760919594655,1.9974380459797327,2.8224338538365963,False
267.5,268.5,268.5,0.8389078,3.5996893925525604,1.7998446962762802,2.8224338538365963,False
268.0,269.0,269.0,0.88273245,0.601988976885873,0.3009944884429365,2.8224338538365963,False
268.5,269.5,269.5,0.8993875,1.2035835724262742,0.6389489265550997,2.8224338538365963,False
269.0,270.0,270.0,0.9750946,4.199264084048388,2.596160283808117,2.8224338538365963,False
269.5,270.5,270.5,0.8128778,4.574544898788126,2.287272449394063,2.8224338538365963,False
270.0,271.0,271.0,0.7952963,3.781996101069395,1.8909980505346975,2.8224338538365963,False
270.5,271.5,271.5,0.75270355,5.30308066628181,2.651540333140905,2.8224338538365963,False
271.0,272.0,272.0,0.7773356,5.35354960342968,2.67677480171484,2.8224338538365963,False
271.5,272.5,272.5,0.7781813,4.211399452604065,2.1056997263020323,2.8224338538365963,False
272.0,273.0,273.0,0.8612761,6.115344076807273,3.0576720384036364,2.8224338538365963,True
272.5,273.5,273.5,0.76078874,4.43607745749067,2.218038728745335,2.8224338538365963,False
273.0,274.0,274.0,0.7509582,5.197807825157249,2.5989039125786246,2.8224338538365963,False
273.5,274.5,274.5,0.88144463,5.651719445398396,2.825859722699198,2.8224338538365963,True
274.0,275.0,275.0,0.86837214,4.363077933774183,2.1815389668870915,2.8224338538365963,False
274.5,275.5,275.5,0.8803822,4.825736035628899,2.4128680178144495,2.8224338538365963,False
275.0,276.0,276.0,0.9723492,5.484699897954052,3.2222198829698394,2.8224338538365963,True
275.5,276.5,276.5,0.7051598,4.78758220522091,2.393791102610455,2.8224338538365963,False
276.0,277.0,277.0,0.81732255,2.4888964074464535,1.2444482037232267,2.8224338538365963,False
276.5,277.5,277.5,0.7930011,4.084077612249849,2.0420388061249244,2.8224338538365963,False
277.0,278.0,278.0,0.80957997,2.074960461043806,1.037480230521903,2.8224338538365963,False
277.5,278.5,278.5,0.96175605,5.313007212340566,3.0720969206696713,2.8224338538365963,True
278.0,279.0,279.0,1.0608574,2.244750368612128,2.139289648552505,2.8224338538365963,False
278.5,279.5,279.5,0.95248955,2.38824545148309,1.553489368963195,2.8224338538365963,False
279.0,280.0,280.0,0.96221954,2.4145911694309796,1.6257012092753138,2.8224338538365963,False
279.5,280.5,280.5,0.91593987,4.63129817878791,2.4532417930992367,2.8224338538365963,False
280.0,281.0,281.0,0.8540278,3.4458908204098835,1.7229454102049417,2.8224338538365963,False
280.5,281.5,281.5,0.9007268,4.0850504244854315,2.087808973862712,2.8224338538365963,False
281.0,282.0,282.0,1.0287155,2.9267340944964695,2.285252727452744,2.8224338538365963,False
281.5,282.5,282.5,0.9892684,3.163322574454744,2.1641924733839057,2.8224338538365963,False
282.0,283.0,283.0,0.9348295,2.1433178195643787,1.3238688000619274,2.8224338538365963,False
282.5,283.5,283.5,0.92999566,3.1597700658159518,1.8027645835167763,2.8224338538365963,False
283.0,284.0,284.0,0.8157282,6.209513586551959,3.1047567932759796,2.8224338538365963,True
283.5,284.5,284.5,0.7891956,6.593050356856141,3.2965251784280705,2.8224338538365963,True
284.0,285.0,285.0,0.84331125,6.462760919385878,3.231380459692939,2.8224338538365963,True
284.5,285.5,285.5,0.8678365,4.9760685704880165,2.4880342852440083,2.8224338538365963,False
285.0,286.0,286.0,1.1358145,3.3729109963909707,3.1581902283012653,2.8224338538365963,True
285.5,286.5,286.5,0.86390287,4.293703337500765,2.1468516687503825,2.8224338538365963,False
286.0,287.0,287.0,0.7979534,3.796328813702732,1.898164406851366,2.8224338538365963,False
286.5,287.5,287.5,1.0036145,2.936415512881384,2.137787461607789,2.8224338538365963,False
287.0,288.0,288.0,0.7502183,5.69564625437705,2.847823127188525,2.8224338538365963,True
287.5,288.5,288.5,0.90638876,2.4887175432415627,1.323997851818569,2.8224338538365963,False
288.0,289.0,289.0,0.85517955,4.996394622250803,2.4981973111254017,2.8224338538365963,False
288.5,289.5,289.5,0.86225396,2.3396562289253553,1.1698281144626776,2.8224338538365963,False
289.0,290.0,290.0,0.86530775,2.9011718106477713,1.4505859053238856,2.8224338538365963,False
289.5,290.5,290.5,0.87625855,0.17447114352612805,0.08723557176306403,2.8224338538365963,False
290.0,291.0,291.0,1.0214396,2.3462119687084106,1.9508431705930016,2.8224338538365963,False
290.5,291.5,291.5,0.9309958,4.085459189248131,2.27167789045073,2.8224338538365963,False
291.0,292.0,292.0,0.9020558,2.3905708798024308,1.248633254687047,2.8224338538365963,False
291.5,292.5,292.5,0.86934394,3.866637161140578,1.933318580570289,2.8224338538365963,False
292.0,293.0,293.0,0.75598633,4.38601150143011,2.193005750715055,2.8224338538365963,False
292.5,293.5,293.5,0.8121857,2.6801443602144968,1.3400721801072484,2.8224338538365963,False
293.0,294.0,294.0,0.8486298,0.5132364704290306,0.2566182352145153,2.8224338538365963,False
293.5,294.5,294.5,0.8847978,4.268866573666004,2.134433286833002,2.8224338538365963,False
294.0,295.0,295.0,0.97616994,4.010919698421234,2.5085128962672147,2.8224338538365963,False
294.5,295.5,295.5,0.7698999,6.136228223102207,3.0681141115511035,2.8224338538365963,True
295.0,296.0,296.0,0.9214021,3.8010330560317405,2.071252609582313,2.8224338538365963,False
295.5,296.5,296.5,0.90271336,0.9597748573524907,0.5372251360272422,2.8224338538365963,False
296.0,297.0,297.0,0.9204863,1.9555668606915289,1.142962523218972,2.8224338538365963,False
296.5,297.5,297.5,0.8548494,3.5458683688992574,1.7729341844496287,2.8224338538365963,False
297.0,298.0,298.0,0.90023136,3.2160706276867725,1.650312912754748,2.8224338538365963,False
297.5,298.5,298.5,0.9330511,0.9819727092701327,0.7324055963855918,2.8224338538365963,False
298.0,299.0,299.0,0.81577915,2.4109621566711334,1.2054810783355667,2.8224338538365963,False
298.5,299.5,299.5,0.886872,6.160003471225992,3.080001735612996,2.8224338538365963,True
299.0,300.0,300.0,0.90165627,3.8723021843555747,1.987074663864969,2.8224338538365963,False
299.5,300.5,300.5,0.8626148,2.7816059438705083,1.3908029719352542,2.8224338538365963,False
300.0,301.0,301.0,0.88041306,3.69404954619218,1.84702477309609,2.8224338538365963,False
300.5,301.5,301.5,0.8694659,3.341012692122178,1.670506346061089,2.8224338538365963,False
301.0,302.0,302.0,0.82107043,2.127196546498484,1.063598273249242,2.8224338538365963,False
301.5,302.5,302.5,0.98485327,0.9827272274949829,1.0471047979214232,2.8224338538365963,False
302.0,303.0,303.0,0.8179981,1.4514525848215813,0.7257262924107907,2.8224338538365963,False
302.5,303.5,303.5,1.1039699,2.7738085904806695,2.665414228261674,2.8224338538365963,False
303.0,304.0,304.0,1.121466,3.6702302622487544,3.219786875604056,2.8224338538365963,True
303.5,304.5,304.5,0.76870704,3.3536631943789756,1.6768315971894878,2.8224338538365963,False
304.0,305.0,305.0,0.8294027,2.3956973978990903,1.1978486989495452,2.8224338538365963,False
304.5,305.5,305.5,1.0096623,3.7583525226302767,2.5854519834539493,2.8224338538365963,False
305.0,306.0,306.0,0.8938403,3.4065648632214334,1.706780820913005,2.8224338538365963,False
305.5,306.5,306.5,0.74822414,5.448524862663214,2.724262431331607,2.8224338538365963,False
306.0,307.0,307.0,0.8009302,8.626486099987574,4.313243049993787,2.8224338538365963,True
306.5,307.5,307.5,0.8897429,4.8086777724018255,2.4043388862009127,2.8224338538365963,False
307.0,308.0,308.0,0.841123,2.4778139347421604,1.2389069673710802,2.8224338538365963,False
307.5,308.5,308.5,0.99719965,4.592720441146152,2.9270160499757276,2.8224338538365963,True
308.0,309.0,309.0,0.90993124,4.44717545952484,2.3247216689907986,2.8224338538365963,False
308.5,309.5,309.5,0.89888316,2.654544729611957,1.3613694542964305,2.8224338538365963,False
309.0,310.0,310.0,0.9284869,4.462237306117067,2.4448433676899923,2.8224338538365963,False
309.5,310.5,310.5,0.88232017,4.125704980698533,2.0628524903492664,2.8224338538365963,False
310.0,311.0,311.0,0.8591382,3.495289315106443,1.7476446575532214,2.8224338538365963,False
310.5,311.5,311.5,0.9675048,2.0033069058438957,1.4521286708046826,2.8224338538365963,False
311.0,312.0,312.0,0.8376066,2.837428917923149,1.4187144589615746,2.8224338538365963,False
311.5,312.5,312.5,0.73911977,4.129533375702013,2.0647666878510065,2.8224338538365963,False
312.0,313.0,313.0,0.9624606,3.8633923177093954,2.3515643582453345,2.8224338538365963,False
312.5,313.5,313.5,0.9762152,4.385600274079921,2.6961276881263765,2.8224338538365963,False
313.0,314.0,314.0,0.97650576,3.937486221014107,2.4738337803620682,2.8224338538365963,False
313.5,314.5,314.5,0.7456188,4.186698425884959,2.0933492129424796,2.8224338538365963,False
314.0,315.0,315.0,0.69795835,6.347701187249068,3.173850593624534,2.8224338538365963,True
314.5,315.5,315.5,0.8034776,1.5930012325390726,0.7965006162695363,2.8224338538365963,False
315.0,316.0,316.0,0.91805494,1.163216715527272,0.7320347577773745,2.8224338538365963,False
315.5,316.5,316.5,1.0849823,1.2997762064951046,1.813185910130467,2.8224338538365963,False
316.0,317.0,317.0,0.87943226,4.158045903977044,2.079022951988522,2.8224338538365963,False
316.5,317.5,317.5,0.89133894,4.901363918314227,2.4506819591571136,2.8224338538365963,False
317.0,318.0,318.0,0.809461,1.101626627185306,0.550813313592653,2.8224338538365963,False
317.5,318.5,318.5,0.7684105,4.105246561328333,2.0526232806641667,2.8224338538365963,False
318.0,319.0,319.0,0.82273996,6.402053050865325,3.2010265254326624,2.8224338538365963,True
318.5,319.5,319.5,0.8695324,3.4388239307689417,1.7194119653844708,2.8224338538365963,False
319.0,320.0,320.0,0.78867805,0.8486227852451553,0.42431139262257767,2.8224338538365963,False
319.5,320.5,320.5,0.89374596,4.373271410104311,2.1895615780445583,2.8224338538365963,False
320.0,321.0,321.0,0.79837286,4.5121464041815855,2.2560732020907928,2.8224338538365963,False
320.5,321.5,321.5,0.82059395,4.1750878004685354,2.0875439002342677,2.8224338538365963,False
321.0,322.0,322.0,0.87469083,3.8465722954204047,1.9232861477102023,2.8224338538365963,False
321.5,322.5,322.5,0.8064211,5.903799789439674,2.951899894719837,2.8224338538365963,True
322.0,323.0,323.0,0.8418593,2.2343269945990034,1.1171634972995017,2.8224338538365963,False
322.5,323.5,323.5,0.8484131,1.5896975027760858,0.7948487513880429,2.8224338538365963,False
323.0,324.0,324.0,0.8259728,1.1240367204275856,0.5620183602137928,2.8224338538365963,False
323.5,324.5,324.5,0.8950874,3.3308861046918903,1.6765085665703652,2.8224338538365963,False
324.0,325.0,325.0,0.96023184,3.810291767975263,2.3114906911740745,2.8224338538365963,False
324.5,325.5,325.5,0.8752284,3.4767352943860614,1.7383676471930307,2.8224338538365963,False
325.0,326.0,326.0,0.8584355,1.8272615894423896,0.9136307947211948,2.8224338538365963,False
325.5,326.5,326.5,0.9746785,6.12250027234283,3.555253591878704,2.8224338538365963,True
326.0,327.0,327.0,1.1858505,2.718940454553756,3.134810031016091,2.8224338538365963,True
326.5,327.5,327.5,1.0876375,4.285450507230183,3.322134530221809,2.8224338538365963,True
327.0,328.0,328.0,1.0879143,3.6499960897593104,3.0060868955502436,2.8224338538365963,True
327.5,328.5,328.5,0.82013553,0.9506038111882342,0.4753019055941171,2.8224338538365963,False
328.0,329.0,329.0,0.82496154,2.7810984930827107,1.3905492465413554,2.8224338538365963,False
328.5,329.5,329.5,0.86798084,3.2957547308283908,1.6478773654141954,2.8224338538365963,False
329.0,330.0,330.0,1.0691957,4.16242266151659,3.1487206128538343,2.8224338538365963,True
329.5,330.5,330.5,0.8911558,2.2979389619726276,1.1489694809863138,2.8224338538365963,False
330.0,331.0,331.0,0.9356887,1.814640899607589,1.1647437466577584,2.8224338538365963,False
330.5,331.5,331.5,0.7458698,1.9430074466191312,0.9715037233095656,2.8224338538365963,False
331.0,332.0,332.0,0.73608714,3.230885492712615,1.6154427463563075,2.8224338538365963,False
331.5,332.5,332.5,0.8100342,3.0267881352739736,1.5133940676369868,2.8224338538365963,False
332.0,333.0,333.0,0.92661315,5.2901606884634536,2.8474357457124837,2.8224338538365963,True
332.5,333.5,333.5,0.92495465,1.894896599574718,1.139740361835037,2.8224338538365963,False
333.0,334.0,334.0,0.90814054,4.0649880812342305,2.122762466580876,2.8224338538365963,False
333.5,334.5,334.5,0.9250338,1.9238735616160487,1.1547091344915381,2.8224338538365963,False
334.0,335.0,335.0,0.92059207,3.291117979452272,1.811380038663808,2.8224338538365963,False
334.5,335.5,335.5,0.8187945,0.09640289934454115,0.04820144967227057,2.8224338538365963,False
335.0,336.0,336.0,0.84367067,4.503819878794536,2.251909939397268,2.8224338538365963,False
335.5,336.5,336.5,0.7766188,5.037237012783797,2.5186185063918987,2.8224338538365963,False
336.0,337.0,337.0,0.9198905,5.526880987394156,2.9250047410129225,2.8224338538365963,True
336.5,337.5,337.5,0.7840409,4.886592788948359,2.4432963944741797,2.8224338538365963,False
337.0,338.0,338.0,0.81132585,1.4145040223869731,0.7072520111934866,2.8224338538365963,False
337.5,338.5,338.5,0.95926785,1.8447310484798334,1.3228611170992732,2.8224338538365963,False
338.0,339.0,339.0,1.0238862,3.7113928950134847,2.6482792746098345,2.8224338538365963,False
338.5,339.5,339.5,0.97705287,3.5105522928707256,2.2636865428907815,2.8224338538365963,False
339.0,340.0,340.0,0.9332285,4.967439450135826,2.7262152830144077,2.8224338538365963,False
339.5,340.5,340.5,0.84041154,1.6956605379109688,0.8478302689554844,2.8224338538365963,False
340.0,341.0,341.0,0.7089955,3.7354473902766165,1.8677236951383083,2.8224338538365963,False
340.5,341.5,341.5,0.9102785,2.111503286691677,1.158992645127213,2.8224338538365963,False
341.0,342.0,342.0,0.84824693,1.9066834771721068,0.9533417385860534,2.8224338538365963,False
341.5,342.5,342.5,0.85669833,3.0175930669508917,1.5087965334754458,2.8224338538365963,False
342.0,343.0,343.0,0.8225742,2.9062847906479194,1.4531423953239597,2.8224338538365963,False
342.5,343.5,343.5,0.8525194,0.646672980600433,0.3233364903002165,2.8224338538365963,False
343.0,344.0,344.0,0.91787016,3.6605352833048053,1.9795728789620066,2.8224338538365963,False
343.5,344.5,344.5,0.98648465,3.148768434151988,2.1400241829312687,2.8224338538365963,False
344.0,345.0,345.0,0.99318266,4.011600182107655,2.6120818432685926,2.8224338538365963,False
344.5,345.5,345.5,1.031463,3.75840765844615,2.717760837172677,2.8224338538365963,False
345.0,346.0,346.0,0.82799894,5.330670788099947,2.6653353940499733,2.8224338538365963,False
345.5,346.5,346.5,0.92038673,4.3229742106513545,2.326062217000206,2.8224338538365963,False
346.0,347.0,347.0,1.0264059,3.1227613819333855,2.3692525607002963,2.8224338538365963,False
346.5,347.5,347.5,0.8037168,2.909008003609055,1.4545040018045274,2.8224338538365963,False
347.0,348.0,348.0,1.0027481,1.9583562000183241,1.6435006370900334,2.8224338538365963,False
347.5,348.5,348.5,0.79066163,3.7850936509921875,1.8925468254960938,2.8224338538365963,False
348.0,349.0,349.0,1.0875875,5.38519184129878,3.8717013983298254,2.8224338538365963,True
348.5,349.5,349.5,0.8487202,5.487687316793683,2.7438436583968415,2.8224338538365963,False
349.0,350.0,350.0,0.93517005,4.8210766404645,2.66481476654148,2.8224338538365963,False
349.5,350.5,350.5,0.8418356,5.5498299049219595,2.7749149524609797,2.8224338538365963,False
350.0,351.0,351.0,0.8700247,2.133817405122396,1.066908702561198,2.8224338538365963,False
350.5,351.5,351.5,0.9592048,2.372469337373768,1.5863476195652813,2.8224338538365963,False
351.0,352.0,352.0,0.99158,3.352938689377532,2.2730266379394117,2.8224338538365963,False
351.5,352.5,352.5,0.90403074,4.2936434245439195,2.2121529480380477,2.8224338538365963,False
352.0,353.0,353.0,0.80927277,3.499380376602248,1.749690188301124,2.8224338538365963,False
352.5,353.5,353.5,0.8324981,3.008627419137945,1.5043137095689725,2.8224338538365963,False
353.0,354.0,354.0,0.75284165,0.0,0.0,2.8224338538365963,False
353.5,354.5,354.5,0.83405286,2.8521447506977102,1.4260723753488551,2.8224338538365963,False
354.0,355.0,355.0,0.95254827,3.050481088001014,1.884963427629761,2.8224338538365963,False
354.5,355.5,355.5,1.104277,3.3034595147250068,2.9321029904650366,2.8224338538365963,True
355.0,356.0,356.0,0.97198176,3.149741371365397,2.052510952555837,2.8224338538365963,False
355.5,356.5,356.5,0.9403713,1.6576934077839045,1.114682795326406,2.8224338538365963,False
356.0,357.0,357.0,0.8389432,4.802709062566668,2.401354531283334,2.8224338538365963,False
356.5,357.5,357.5,0.7009433,5.042339605798193,2.5211698028990965,2.8224338538365963,False
357.0,358.0,358.0,0.71640486,3.7903319941173454,1.8951659970586727,2.8224338538365963,False
357.5,358.5,358.5,0.9410779,2.959507544971511,1.769877407100053,2.8224338538365963,False
358.0,359.0,359.0,1.1162156,4.7562169036492685,3.730921815568246,2.8224338538365963,True
358.5,359.5,359.5,0.8924649,3.4942294980686173,1.7471147490343086,2.8224338538365963,False
359.0,360.0,360.0,0.84267235,4.664088398367244,2.332044199183622,2.8224338538365963,False
359.5,360.5,360.5,0.77429485,2.331772962400974,1.165886481200487,2.8224338538365963,False
360.0,361.0,361.0,0.8962384,5.703696180127507,2.8698973629387665,2.8224338538365963,True
360.5,361.5,361.5,0.8810326,4.181692022334715,2.0908460111673577,2.8224338538365963,False
361.0,362.0,362.0,0.89175284,3.06593807493736,1.53296903746868,2.8224338538365963,False
361.5,362.5,362.5,0.9063785,5.340546525285458,2.7498501363937065,2.8224338538365963,False
362.0,363.0,363.0,0.92216897,3.132022576746767,1.741400556827373,2.8224338538365963,False
362.5,363.5,363.5,0.8499072,2.946327475938519,1.4731637379692595,2.8224338538365963,False
363.0,364.0,364.0,0.88530016,4.220946976181494,2.110473488090747,2.8224338538365963,False
363.5,364.5,364.5,0.8772101,6.0838404602588785,3.0419202301294392,2.8224338538365963,True
364.0,365.0,365.0,0.88750094,5.29351905393353,2.646759526966765,2.8224338538365963,False
364.5,365.5,365.5,0.9492788,2.117829045840783,1.3987989749980665,2.8224338538365963,False
365.0,366.0,366.0,1.098594,4.227792997188448,3.3597863835714614,2.8224338538365963,True
365.5,366.5,366.5,1.0198902,5.0914158788496575,3.314043995556762,2.8224338538365963,True
366.0,367.0,367.0,0.85512197,4.7036632398854605,2.3518316199427303,2.8224338538365963,False
366.5,367.5,367.5,0.86598086,3.4344908912690277,1.7172454456345139,2.8224338538365963,False
367.0,368.0,368.0,1.0036639,1.603248853306514,1.4715035907619747,2.8224338538365963,False
367.5,368.5,368.5,0.8988645,3.308980610102681,1.6884741932752136,2.8224338538365963,False
368.0,369.0,369.0,0.88292176,2.653879707259389,1.3269398536296946,2.8224338538365963,False
368.5,369.5,369.5,0.9249444,2.8953368766792296,1.6398982939404827,2.8224338538365963,False
369.0,370.0,370.0,0.936604,6.401299884655639,3.4636273345519113,2.8224338538365963,True
369.5,370.5,370.5,0.8183445,4.1696322261062155,2.0848161130531078,2.8224338538365963,False
370.0,371.0,371.0,1.0746385,2.8923199720024604,2.5466943813759135,2.8224338538365963,False
370.5,371.5,371.5,0.95286626,2.4209054642423276,1.5721051005976947,2.8224338538365963,False
371.0,372.0,372.0,0.8516598,4.21888078063268,2.10944039031634,2.8224338538365963,False
371.5,372.5,372.5,0.87547445,3.820512683007562,1.910256341503781,2.8224338538365963,False
372.0,373.0,373.0,1.0473772,1.534459327892516,1.7023498839452538,2.8224338538365963,False
372.5,373.5,373.5,0.91828793,2.0439165940753496,1.1737984470547882,2.8224338538365963,False
373.0,374.0,374.0,0.9553498,1.196286378427872,0.9748650694302011,2.8224338538365963,False
373.5,374.5,374.5,0.7878219,3.260522047503999,1.6302610237519994,2.8224338538365963,False
374.0,375.0,375.0,0.9539947,0.7452855697099802,0.7411422024652874,2.8224338538365963,False
374.5,375.5,375.5,1.0139502,2.7098289819197077,2.087208421142356,2.8224338538365963,False
375.0,376.0,376.0,0.9615187,4.6241371146490335,2.7262217202471746,2.8224338538365963,False
375.5,376.5,376.5,0.83374995,6.385918546634718,3.192959273317359,2.8224338538365963,True
376.0,377.0,377.0,0.7747083,3.5985322820507912,1.7992661410253956,2.8224338538365963,False
376.5,377.5,377.5,1.1257814,2.279237766205355,2.5504752017047254,2.8224338538365963,False
377.0,378.0,378.0,0.98076105,2.151224717281748,1.6065230439067202,2.8224338538365963,False
377.5,378.5,378.5,0.88403565,2.412549060581546,1.206274530290773,2.8224338538365963,False
378.0,379.0,379.0,0.81730986,2.2157614803916594,1.1078807401958297,2.8224338538365963,False
378.5,379.5,379.5,0.7421989,4.04874955630711,2.024374778153555,2.8224338538365963,False
379.0,380.0,380.0,0.77253515,2.5513197221435795,1.2756598610717897,2.8224338538365963,False
379.5,380.5,380.5,0.8556142,5.510122686407941,2.7550613432039706,2.8224338538365963,False
380.0,381.0,381.0,0.7650741,4.384179757735606,2.192089878867803,2.8224338538365963,False
380.5,381.5,381.5,0.8212141,3.878855544948644,1.939427772474322,2.8224338538365963,False
381.0,382.0,382.0,1.0971802,4.412938317862664,3.4437810642257745,2.8224338538365963,True
381.5,382.5,382.5,0.7945593,2.9657843484636173,1.4828921742318086,2.8224338538365963,False
382.0,383.0,383.0,0.8904692,3.604038942576833,1.8020194712884166,2.8224338538365963,False
382.5,383.5,383.5,0.8521934,4.279359432510567,2.1396797162552836,2.8224338538365963,False
383.0,384.0,384.0,0.9419541,2.481495081441454,1.536187656544953,2.8224338538365963,False
383.5,384.5,384.5,0.9598083,2.309748531837474,1.558649078854993,2.8224338538365963,False
384.0,385.0,385.0,0.90325916,2.6919153003577327,1.4066071274917216,2.8224338538365963,False
384.5,385.5,385.5,1.0097698,3.8295772620980677,2.6217167975485736,2.8224338538365963,False
385.0,386.0,386.0,0.95400596,4.922231855546735,2.8296837001420783,2.8224338538365963,True
385.5,386.5,386.5,0.9589482,5.321840713801255,3.0594763382818315,2.8224338538365963,True
386.0,387.0,387.0,0.88143164,4.751369731708253,2.3756848658541263,2.8224338538365963,False
386.5,387.5,387.5,1.0289184,3.854188286339793,2.750210932356623,2.8224338538365963,False
387.0,388.0,388.0,0.9326081,4.711209834252588,2.5943362617100036,2.8224338538365963,False
387.5,388.5,388.5,0.8840217,2.3895761282535033,1.1947880641267516,2.8224338538365963,False
388.0,389.0,389.0,0.8139734,2.07921910989816,1.03960955494908,2.8224338538365963,False
388.5,389.5,389.5,0.9592835,1.722749738734934,1.2619652185585923,2.8224338538365963,False
389.0,390.0,390.0,0.9365087,4.374551594798385,2.4496748866671836,2.8224338538365963,False
389.5,390.5,390.5,0.99331206,6.197336101703201,3.7057349786246485,2.8224338538365963,True
390.0,391.0,391.0,0.7900045,6.002330741559433,3.0011653707797166,2.8224338538365963,True
390.5,391.5,391.5,0.80240047,2.9597251690592588,1.4798625845296294,2.8224338538365963,False
391.0,392.0,392.0,0.90106785,1.8134142831301665,0.954060352537679,2.8224338538365963,False
391.5,392.5,392.5,0.9976181,3.8886128848357226,2.577501162847295,2.8224338538365963,False
392.0,393.0,393.0,0.93692404,4.366477516708766,2.448157932048958,2.8224338538365963,False
392.5,393.5,393.5,0.8744089,3.1033686564729157,1.5516843282364579,2.8224338538365963,False
393.0,394.0,394.0,0.9033754,3.117054645521833,1.619882047581211,2.8224338538365963,False
393.5,394.5,394.5,0.7350674,1.954014420758363,0.9770072103791815,2.8224338538365963,False
394.0,395.0,395.0,0.84190047,3.8968228306885915,1.9484114153442957,2.8224338538365963,False
394.5,395.5,395.5,0.78336334,3.4991237222474356,1.7495618611237178,2.8224338538365963,False
395.0,396.0,396.0,0.82639474,3.554967818522313,1.7774839092611565,2.8224338538365963,False
395.5,396.5,396.5,0.9090957,3.570425630239736,1.8812769289332276,2.8224338538365963,False
396.0,397.0,397.0,0.90577096,2.525916722791449,1.3388487798424298,2.8224338538365963,False
396.5,397.5,397.5,0.83268756,4.83975767615989,2.419878838079945,2.8224338538365963,False
397.0,398.0,398.0,0.81446844,6.74983678370536,3.37491839185268,2.8224338538365963,True
397.5,398.5,398.5,0.84373736,1.1176413080107055,0.5588206540053527,2.8224338538365963,False
398.0,399.0,399.0,0.9511308,0.676488897263322,0.6893665676586489,2.8224338538365963,False
398.5,399.5,399.5,0.83345574,0.49746633981519034,0.24873316990759517,2.8224338538365963,False
399.0,400.0,400.0,0.8793339,3.9567575600769818,1.9783787800384909,2.8224338538365963,False
399.5,400.5,400.5,1.00232,0.340454748807792,0.8319524306650593,2.8224338538365963,False
400.0,401.0,401.0,0.9485344,2.320147233403946,1.4954415914089276,2.8224338538365963,False
400.5,401.5,401.5,0.81167203,0.13533486013873763,0.06766743006936882,2.8224338538365963,False
401.0,402.0,402.0,0.9240193,0.8487813734839625,0.6110071338490193,2.8224338538365963,False
401.5,402.5,402.5,0.91967624,0.22557923231143995,0.27305367640015693,2.8224338538365963,False
402.0,403.0,403.0,1.0107738,1.6400342695355625,1.5330371930700444,2.8224338538365963,False
402.5,403.5,403.5,0.98620474,2.6601508042062636,1.894016987294337,2.8224338538365963,False
403.0,404.0,404.0,0.87196696,1.1970710330152137,0.5985355165076068,2.8224338538365963,False
403.5,404.5,404.5,1.0379125,3.7117098243416704,2.733545561810173,2.8224338538365963,False
404.0,405.0,405.0,1.1482489,2.3564036934252006,2.725385040160423,2.8224338538365963,False
404.5,405.5,405.5,0.9181867,1.5572668910936818,0.9298594877343993,2.8224338538365963,False
405.0,406.0,406.0,0.84950876,3.326717932851335,1.6633589664256676,2.8224338538365963,False
405.5,406.5,406.5,0.7134637,2.446054771938737,1.2230273859693686,2.8224338538365963,False
406.0,407.0,407.0,0.7671626,3.2964087466451883,1.6482043733225942,2.8224338538365963,False
406.5,407.5,407.5,0.8286388,3.4171721867310754,1.7085860933655377,2.8224338538365963,False
407.0,408.0,408.0,0.95155436,3.1849779074731255,1.9461810670137378,2.8224338538365963,False
407.5,408.5,408.5,0.9803758,2.1421958862263213,1.5996711849735805,2.8224338538365963,False
408.0,409.0,409.0,0.7521062,1.567802411002123,0.7839012055010615,2.8224338538365963,False
408.5,409.5,409.5,0.9198461,2.521409631879055,1.4219996225409914,2.8224338538365963,False
409.0,410.0,410.0,0.71966606,1.6029980071524434,0.8014990035762217,2.8224338538365963,False
409.5,410.5,410.5,0.78788906,2.28496916563647,1.142484582818235,2.8224338538365963,False
410.0,411.0,411.0,0.9635838,1.4923671958961333,1.1728673815836768,2.8224338538365963,False
410.5,411.5,411.5,0.9170364,0.0,0.1442462618562379,2.8224338538365963,False
411.0,412.0,412.0,0.76750135,4.267437244643429,2.1337186223217146,2.8224338538365963,False
411.5,412.5,412.5,0.8910151,3.9666846829180415,1.9833423414590208,2.8224338538365963,False
412.0,413.0,413.0,0.7896851,4.415278877521,2.2076394387605,2.8224338538365963,False
412.5,413.5,413.5,0.7415968,1.7932740261328064,0.8966370130664032,2.8224338538365963,False
413.0,414.0,414.0,0.8675518,1.1589587348863872,0.5794793674431936,2.8224338538365963,False
413.5,414.5,414.5,0.79574656,3.749966155671956,1.874983077835978,2.8224338538365963,False
414.0,415.0,415.0,0.72557074,2.696175112273099,1.3480875561365495,2.8224338538365963,False
414.5,415.5,415.5,0.6743277,1.2957011238767249,0.6478505619383624,2.8224338538365963,False
415.0,416.0,416.0,0.70320964,1.0644923423273838,0.5322461711636919,2.8224338538365963,False
415.5,416.5,416.5,0.85431814,3.305215315388929,1.6526076576944646,2.8224338538365963,False
416.0,417.0,417.0,0.79798746,1.647405788422474,0.823702894211237,2.8224338538365963,False
416.5,417.5,417.5,0.8824478,4.936323867795762,2.468161933897881,2.8224338538365963,False
417.0,418.0,418.0,0.8217416,5.91218090926296,2.95609045463148,2.8224338538365963,True
417.5,418.5,418.5,0.78064644,8.652894727700433,4.3264473638502166,2.8224338538365963,True
418.0,419.0,419.0,0.86642796,5.079391665540958,2.539695832770479,2.8224338538365963,False
418.5,419.5,419.5,0.819015,2.8656538909873346,1.4328269454936673,2.8224338538365963,False
419.0,420.0,420.0,0.83708423,5.612682033783165,2.8063410168915826,2.8224338538365963,False
419.5,420.5,420.5,0.8782607,5.807505881067784,2.903752940533892,2.8224338538365963,True
420.0,421.0,421.0,0.8185697,3.4380627415181544,1.7190313707590772,2.8224338538365963,False
420.5,421.5,421.5,0.9194606,2.090578782552696,1.2042449461454432,2.8224338538365963,False
421.0,422.0,422.0,0.9335848,4.04103656799838,2.265175877637722,2.8224338538365963,False
421.5,422.5,422.5,1.0112842,5.421937694402741,3.4270862078901527,2.8224338538365963,True
422.0,423.0,423.0,1.0133595,2.6037146373520157,2.0305671448591633,2.8224338538365963,False
422.5,423.5,423.5,0.8920613,4.500444715657195,2.2502223578285974,2.8224338538365963,False
423.0,424.0,424.0,0.81197745,4.012397381769745,2.0061986908848723,2.8224338538365963,False
423.5,424.5,424.5,0.96523255,2.0030889130946203,1.4382322664922966,2.8224338538365963,False
424.0,425.0,425.0,0.9735933,2.3131665437764037,1.6440018858683367,2.8224338538365963,False
424.5,425.5,425.5,0.79972076,2.7651319745081553,1.3825659872540776,2.8224338538365963,False
425.0,426.0,426.0,0.98936343,2.3072171985785483,1.736716280074966,2.8224338538365963,False
425.5,426.5,426.5,0.90510625,4.100286589822746,2.1220004209463013,2.8224338538365963,False
426.0,427.0,427.0,0.90962845,3.58839409898139,1.8934937285458464,2.8224338538365963,False
426.5,427.5,427.5,0.88047177,4.108265747670741,2.0541328738353704,2.8224338538365963,False
427.0,428.0,428.0,0.95363,4.013610251985753,2.3730915130913677,2.8224338538365963,False
427.5,428.5,428.5,0.80219024,3.6538490345443497,1.8269245172721749,2.8224338538365963,False
428.0,429.0,429.0,0.8780132,3.1750420916828817,1.5875210458414408,2.8224338538365963,False
428.5,429.5,429.5,0.8614779,2.268996013166647,1.1344980065833234,2.8224338538365963,False
429.0,430.0,430.0,0.9774147,6.510668691461871,3.765940412759516,2.8224338538365963,True
429.5,430.5,430.5,0.8350977,5.077120404177228,2.538560202088614,2.8224338538365963,False
430.0,431.0,431.0,0.75964147,2.084702802939437,1.0423514014697186,2.8224338538365963,False
430.5,431.5,431.5,0.89038867,2.3894767994862063,1.1947383997431031,2.8224338538365963,False
431.0,432.0,432.0,0.9032596,2.026997551726278,1.0741507848337133,2.8224338538365963,False
431.5,432.5,432.5,0.91764283,0.9836187214665129,0.6397352062513864,2.8224338538365963,False
432.0,433.0,433.0,0.8082756,2.207716893440895,1.1038584467204475,2.8224338538365963,False
432.5,433.5,433.5,0.75212634,1.4691344818605758,0.7345672409302879,2.8224338538365963,False
433.0,434.0,434.0,0.83595395,2.2470950623610926,1.1235475311805463,2.8224338538365963,False
433.5,434.5,434.5,0.98992866,3.726711369188435,2.449893038258396,2.8224338538365963,False
434.0,435.0,435.0,0.8515579,4.163510437357817,2.0817552186789086,2.8224338538365963,False
434.5,435.5,435.5,0.8006328,3.442075886803676,1.721037943401838,2.8224338538365963,False
435.0,436.0,436.0,0.8855895,1.7761141516926742,0.8880570758463371,2.8224338538365963,False
435.5,436.5,436.5,0.89483196,2.4139002746045706,1.216465553671892,2.8224338538365963,False
436.0,437.0,437.0,0.8191492,2.5568697437357866,1.2784348718678933,2.8224338538365963,False
436.5,437.5,437.5,0.8162378,2.952656664372913,1.4763283321864564,2.8224338538365963,False
437.0,438.0,438.0,0.8890465,3.5590437861907582,1.7795218930953791,2.8224338538365963,False
437.5,438.5,438.5,0.92178017,3.0295177373143463,1.6877889937824304,2.8224338538365963,False
438.0,439.0,439.0,0.740639,3.037615682186603,1.5188078410933015,2.8224338538365963,False
438.5,439.5,439.5,0.8122431,2.9023646211402334,1.4511823105701167,2.8224338538365963,False
439.0,440.0,440.0,0.96017146,1.7571779438255724,1.2845674120607493,2.8224338538365963,False
439.5,440.5,440.5,0.9352217,1.7640947981836395,1.1366370476274308,2.8224338538365963,False
440.0,441.0,441.0,0.82224274,3.0899390147625785,1.5449695073812892,2.8224338538365963,False
440.5,441.5,441.5,0.7587643,3.915303793479144,1.957651896739572,2.8224338538365963,False
441.0,442.0,442.0,1.0021096,0.8374460731882841,1.0791714140341457,2.8224338538365963,False
441.5,442.5,442.5,0.97348624,2.8602712493854825,1.9169046876352547,2.8224338538365963,False
442.0,443.0,443.0,0.9016722,1.2915356081411575,0.6967879404164714,2.8224338538365963,False
442.5,443.5,443.5,0.8072756,5.693592415808808,2.846796207904404,2.8224338538365963,True
443.0,444.0,444.0,0.8117188,5.5082724043437725,2.7541362021718863,2.8224338538365963,False
443.5,444.5,444.5,0.80935,3.7277943757447773,1.8638971878723887,2.8224338538365963,False
444.0,445.0,445.0,0.71690226,3.539117317246343,1.7695586586231715,2.8224338538365963,False
444.5,445.5,445.5,0.8222522,2.302383325977245,1.1511916629886225,2.8224338538365963,False
445.0,446.0,446.0,0.8903376,2.221919897937817,1.1109599489689086,2.8224338538365963,False
445.5,446.5,446.5,0.90304285,3.1471141393796254,1.6328940633080535,2.8224338538365963,False
446.0,447.0,447.0,0.82892907,4.194161924623564,2.097080962311782,2.8224338538365963,False
446.5,447.5,447.5,0.9212333,5.473143239284982,2.9062834648288987,2.8224338538365963,True
447.0,448.0,448.0,0.8450791,4.553400001879884,2.276700000939942,2.8224338538365963,False
447.5,448.5,448.5,0.9303446,1.193855003982494,0.8219242417839195,2.8224338538365963,False
448.0,449.0,449.0,0.9529621,0.28981680775844615,0.5071423303003502,2.8224338538365963,False
448.5,449.5,449.5,0.7949743,2.3183841731076575,1.1591920865538288,2.8224338538365963,False
449.0,450.0,450.0,0.82079256,3.6466258929511297,1.8233129464755649,2.8224338538365963,False
449.5,450.5,450.5,0.8096544,3.1275173045281384,1.5637586522640692,2.8224338538365963,False
450.0,451.0,451.0,0.91139364,0.7912168727203035,0.5056158358936729,2.8224338538365963,False
450.5,451.5,451.5,1.0046594,3.0420536585390665,2.1969465286958174,2.8224338538365963,False
451.0,452.0,452.0,0.8356104,4.031632454218111,2.0158162271090556,2.8224338538365963,False
451.5,452.5,452.5,0.96819353,3.3318085152295516,2.120558519060825,2.8224338538365963,False
452.0,453.0,453.0,0.760875,4.400332163658831,2.2001660818294155,2.8224338538365963,False
452.5,453.5,453.5,0.9552428,3.050041230201289,1.9010933059446768,2.8224338538365963,False
453.0,454.0,454.0,1.0512084,0.49976662639977704,1.208249937705644,2.8224338538365963,False
453.5,454.5,454.5,0.7445942,2.9112930319378467,1.4556465159689234,2.8224338538365963,False
454.0,455.0,455.0,0.77865505,8.501006911642412,4.250503455821206,2.8224338538365963,True
454.5,455.5,455.5,0.8770622,7.143206476926444,3.571603238463222,2.8224338538365963,True
455.0,456.0,456.0,0.9378057,3.716139841234329,2.1283388487374033,2.8224338538365963,False
455.5,456.5,456.5,0.79878354,2.5906449453058986,1.2953224726529493,2.8224338538365963,False
456.0,457.0,457.0,0.89115196,3.4962062596970456,1.7481031298485228,2.8224338538365963,False
456.5,457.5,457.5,0.61573744,4.41963731440509,2.209818657202545,2.8224338538365963,False
457.0,458.0,458.0,0.8577756,4.0303254149879315,2.0151627074939658,2.8224338538365963,False
457.5,458.5,458.5,0.9530789,2.5467820729339867,1.6363338270494443,2.8224338538365963,False
458.0,459.0,459.0,0.7811993,2.229731787644576,1.114865893822288,2.8224338538365963,False
458.5,459.5,459.5,0.711403,5.580996508827308,2.790498254413654,2.8224338538365963,False
459.0,460.0,460.0,0.977414,4.401150221093301,2.71117683759057,2.8224338538365963,False
459.5,460.5,460.5,0.995975,3.797603136555518,2.5220266206097173,2.8224338538365963,False
460.0,461.0,461.0,0.78544843,2.0396028577051992,1.0198014288525996,2.8224338538365963,False
460.5,461.5,461.5,0.93488467,1.7484006900162357,1.1267451374375428,2.8224338538365963,False
461.0,462.0,462.0,1.0176344,4.799323628656622,3.1543102821697033,2.8224338538365963,True
461.5,462.5,462.5,0.8506038,1.7015669150385713,0.8507834575192856,2.8224338538365963,False
462.0,463.0,463.0,0.7850859,3.5425094351130286,1.7712547175565143,2.8224338538365963,False
462.5,463.5,463.5,0.8926651,3.711228642056616,1.855614321028308,2.8224338538365963,False
463.0,464.0,464.0,0.855661,2.3377743821611667,1.1688871910805834,2.8224338538365963,False
463.5,464.5,464.5,0.82095087,2.80373563623628,1.40186781811814,2.8224338538365963,False
464.0,465.0,465.0,0.8397526,5.543264936028862,2.771632468014431,2.8224338538365963,False
464.5,465.5,465.5,1.0353912,3.3729062891692747,2.548845348293364,2.8224338538365963,False
465.0,466.0,466.0,1.0969951,1.1715945211423555,1.8219858331691552,2.8224338538365963,False
465.5,466.5,466.5,1.0140259,2.241807354397992,1.853656922424805,2.8224338538365963,False
466.0,467.0,467.0,1.2044886,4.72401738594673,4.250439817013246,2.8224338538365963,True
466.5,467.5,467.5,0.9452792,6.193153046195607,3.4121925042810144,2.8224338538365963,True
467.0,468.0,468.0,0.9812058,3.59313881370583,2.33017883924723,2.8224338538365963,False
467.5,468.5,468.5,1.056118,4.160634312838682,3.068474158970118,2.8224338538365963,True
468.0,469.0,469.0,1.3744061,1.5315299665241922,3.6852108200471583,2.8224338538365963,True
468.5,469.5,469.5,0.8870202,1.9871299609389124,0.9935649804694562,2.8224338538365963,False
469.0,470.0,470.0,0.8601381,0.7703744334135484,0.3851872167067742,2.8224338538365963,False
469.5,470.5,470.5,0.8530082,5.5641481196188085,2.7820740598094043,2.8224338538365963,False
470.0,471.0,471.0,0.924962,5.921103230495839,3.1528881621383746,2.8224338538365963,True
470.5,471.5,471.5,0.9696573,6.77239015882456,3.849731119467406,2.8224338538365963,True
471.0,472.0,472.0,0.9271391,2.692312739140205,1.5517031064383704,2.8224338538365963,False
471.5,472.5,472.5,0.7721501,1.7144165188518385,0.8572082594259193,2.8224338538365963,False
472.0,473.0,473.0,0.80662817,2.749438060363758,1.374719030181879,2.8224338538365963,False
472.5,473.5,473.5,0.8919393,1.9407294182802979,0.9703647091401489,2.8224338538365963,False
473.0,474.0,474.0,0.8119777,0.9404301431263046,0.4702150715631523,2.8224338538365963,False
473.5,474.5,474.5,0.8742555,1.6749279984016254,0.8374639992008127,2.8224338538365963,False
474.0,475.0,475.0,0.8935771,2.1821842567042795,1.0929934032991189,2.8224338538365963,False
474.5,475.5,475.5,1.0229527,0.7494765253881882,1.1616566864835873,2.8224338538365963,False
475.0,476.0,476.0,0.91255134,5.851780005282979,3.0429220290144965,2.8224338538365963,True
475.5,476.5,476.5,0.82886803,4.764617625746806,2.382308812873403,2.8224338538365963,False
476.0,477.0,477.0,0.92103815,4.283261185466496,2.3101583454379337,2.8224338538365963,False
476.5,477.5,477.5,0.8612041,1.997414576532836,0.998707288266418,2.8224338538365963,False
477.0,478.0,478.0,1.0408278,2.018354402386552,1.90455690498075,2.8224338538365963,False
477.5,478.5,478.5,0.7780208,3.644910371716151,1.8224551858580755,2.8224338538365963,False
478.0,479.0,479.0,0.76912147,3.042964468497439,1.5214822342487195,2.8224338538365963,False
478.5,479.5,479.5,0.77256674,6.201944432222713,3.1009722161113564,2.8224338538365963,True
