channel,cur_to_next_samples,next_sample_count,prev_to_cur_samples,previous_sample_count,prn,role,sample_count,tracker_row
epl_tracking_ch_6,25000,1056439,25000,1006439,7,train,1031439,1
epl_tracking_ch_2,25000,1064232,25000,1014232,3,train,1039232,1
epl_tracking_ch_5,25000,1066044,25000,1016044,6,train,1041044,1
epl_tracking_ch_6,25000,1081439,25000,1031439,7,train,1056439,2
epl_tracking_ch_2,25000,1089232,25000,1039232,3,train,1064232,2
epl_tracking_ch_5,25000,1091044,25000,1041044,6,train,1066044,2
epl_tracking_ch_6,25000,1106439,25000,1056439,7,train,1081439,3
epl_tracking_ch_2,25000,1114232,25000,1064232,3,train,1089232,3
epl_tracking_ch_5,25000,1116044,25000,1066044,6,train,1091044,3
epl_tracking_ch_6,25000,1131439,25000,1081439,7,train,1106439,4
epl_tracking_ch_2,25000,1139232,25000,1089232,3,train,1114232,4
epl_tracking_ch_5,25000,1141044,25000,1091044,6,train,1116044,4
epl_tracking_ch_6,25000,1156439,25000,1106439,7,train,1131439,5
epl_tracking_ch_2,25000,1164232,25000,1114232,3,train,1139232,5
epl_tracking_ch_5,25000,1166044,25000,1116044,6,train,1141044,5
epl_tracking_ch_6,25000,1181439,25000,1131439,7,train,1156439,6
epl_tracking_ch_2,25000,1189232,25000,1139232,3,train,1164232,6
epl_tracking_ch_5,25000,1191044,25000,1141044,6,train,1166044,6
epl_tracking_ch_6,25000,1206439,25000,1156439,7,train,1181439,7
epl_tracking_ch_2,25000,1214232,25000,1164232,3,train,1189232,7
epl_tracking_ch_5,25000,1216044,25000,1166044,6,train,1191044,7
epl_tracking_ch_6,25000,1231439,25000,1181439,7,train,1206439,8
epl_tracking_ch_2,25000,1239232,25000,1189232,3,train,1214232,8
epl_tracking_ch_5,25000,1241044,25000,1191044,6,train,1216044,8
epl_tracking_ch_6,25000,1256439,25000,1206439,7,train,1231439,9
epl_tracking_ch_2,25000,1264232,25000,1214232,3,train,1239232,9
epl_tracking_ch_5,25000,1266044,25000,1216044,6,train,1241044,9
epl_tracking_ch_6,25000,1281439,25000,1231439,7,train,1256439,10
epl_tracking_ch_2,25000,1289232,25000,1239232,3,train,1264232,10
epl_tracking_ch_5,25000,1291044,25000,1241044,6,train,1266044,10
epl_tracking_ch_6,25000,1306439,25000,1256439,7,train,1281439,11
epl_tracking_ch_2,25000,1314232,25000,1264232,3,train,1289232,11
epl_tracking_ch_5,25000,1316044,25000,1266044,6,train,1291044,11
epl_tracking_ch_6,25000,1331439,25000,1281439,7,train,1306439,12
epl_tracking_ch_2,25000,1339232,25000,1289232,3,train,1314232,12
epl_tracking_ch_5,25000,1341044,25000,1291044,6,train,1316044,12
epl_tracking_ch_6,25000,1356439,25000,1306439,7,train,1331439,13
epl_tracking_ch_2,25000,1364232,25000,1314232,3,train,1339232,13
epl_tracking_ch_5,25000,1366044,25000,1316044,6,train,1341044,13
epl_tracking_ch_6,25000,1381439,25000,1331439,7,train,1356439,14
epl_tracking_ch_2,25000,1389232,25000,1339232,3,train,1364232,14
epl_tracking_ch_5,25000,1391044,25000,1341044,6,train,1366044,14
epl_tracking_ch_6,25000,1406439,25000,1356439,7,train,1381439,15
epl_tracking_ch_2,25000,1414232,25000,1364232,3,train,1389232,15
epl_tracking_ch_5,25000,1416044,25000,1366044,6,train,1391044,15
epl_tracking_ch_6,25000,1431439,25000,1381439,7,train,1406439,16
epl_tracking_ch_2,25000,1439232,25000,1389232,3,train,1414232,16
epl_tracking_ch_5,25000,1441044,25000,1391044,6,train,1416044,16
epl_tracking_ch_6,25000,1456439,25000,1406439,7,train,1431439,17
epl_tracking_ch_2,25000,1464232,25000,1414232,3,train,1439232,17
epl_tracking_ch_5,25000,1466044,25000,1416044,6,train,1441044,17
epl_tracking_ch_6,25000,1481439,25000,1431439,7,train,1456439,18
epl_tracking_ch_2,25000,1489232,25000,1439232,3,train,1464232,18
epl_tracking_ch_5,25000,1491044,25000,1441044,6,train,1466044,18
epl_tracking_ch_6,25000,1506439,25000,1456439,7,train,1481439,19
epl_tracking_ch_2,25000,1514232,25000,1464232,3,train,1489232,19
epl_tracking_ch_5,25000,1516044,25000,1466044,6,train,1491044,19
epl_tracking_ch_6,25000,1531439,25000,1481439,7,train,1506439,20
epl_tracking_ch_2,25000,1539232,25000,1489232,3,train,1514232,20
epl_tracking_ch_5,25000,1541044,25000,1491044,6,train,1516044,20
epl_tracking_ch_6,25000,1556439,25000,1506439,7,train,1531439,21
epl_tracking_ch_2,25000,1564232,25000,1514232,3,train,1539232,21
epl_tracking_ch_5,25000,1566044,25000,1516044,6,train,1541044,21
epl_tracking_ch_6,25000,1581439,25000,1531439,7,train,1556439,22
epl_tracking_ch_2,25000,1589232,25000,1539232,3,train,1564232,22
epl_tracking_ch_5,25000,1591044,25000,1541044,6,train,1566044,22
epl_tracking_ch_6,25000,1606439,25000,1556439,7,train,1581439,23
epl_tracking_ch_2,25000,1614232,25000,1564232,3,train,1589232,23
epl_tracking_ch_5,25000,1616044,25000,1566044,6,train,1591044,23
epl_tracking_ch_6,25000,1631439,25000,1581439,7,train,1606439,24
epl_tracking_ch_2,25000,1639232,25000,1589232,3,train,1614232,24
epl_tracking_ch_5,25000,1641044,25000,1591044,6,train,1616044,24
epl_tracking_ch_6,24999,1656438,25000,1606439,7,train,1631439,25
epl_tracking_ch_2,25000,1664232,25000,1614232,3,train,1639232,25
epl_tracking_ch_5,25000,1666044,25000,1616044,6,train,1641044,25
epl_tracking_ch_6,25000,1681438,24999,1631439,7,train,1656438,26
epl_tracking_ch_2,25000,1689232,25000,1639232,3,train,1664232,26
epl_tracking_ch_5,25000,1691044,25000,1641044,6,train,1666044,26
epl_tracking_ch_6,25000,1706438,25000,1656438,7,train,1681438,27
epl_tracking_ch_2,25000,1714232,25000,1664232,3,train,1689232,27
epl_tracking_ch_5,25000,1716044,25000,1666044,6,train,1691044,27
epl_tracking_ch_6,25000,1731438,25000,1681438,7,train,1706438,28
epl_tracking_ch_2,25000,1739232,25000,1689232,3,train,1714232,28
epl_tracking_ch_5,25000,1741044,25000,1691044,6,train,1716044,28
epl_tracking_ch_6,25000,1756438,25000,1706438,7,train,1731438,29
epl_tracking_ch_2,25000,1764232,25000,1714232,3,train,1739232,29
epl_tracking_ch_5,25000,1766044,25000,1716044,6,train,1741044,29
epl_tracking_ch_6,25000,1781438,25000,1731438,7,train,1756438,30
epl_tracking_ch_2,25000,1789232,25000,1739232,3,train,1764232,30
epl_tracking_ch_5,25000,1791044,25000,1741044,6,train,1766044,30
epl_tracking_ch_6,25000,1806438,25000,1756438,7,train,1781438,31
epl_tracking_ch_2,25000,1814232,25000,1764232,3,train,1789232,31
epl_tracking_ch_5,25000,1816044,25000,1766044,6,train,1791044,31
epl_tracking_ch_6,25000,1831438,25000,1781438,7,train,1806438,32
epl_tracking_ch_2,25000,1839232,25000,1789232,3,train,1814232,32
epl_tracking_ch_5,25000,1841044,25000,1791044,6,train,1816044,32
epl_tracking_ch_6,25000,1856438,25000,1806438,7,train,1831438,33
epl_tracking_ch_2,25000,1864232,25000,1814232,3,train,1839232,33
epl_tracking_ch_5,25000,1866044,25000,1816044,6,train,1841044,33
epl_tracking_ch_6,25000,1881438,25000,1831438,7,train,1856438,34
epl_tracking_ch_2,25000,1889232,25000,1839232,3,train,1864232,34
epl_tracking_ch_5,25000,1891044,25000,1841044,6,train,1866044,34
epl_tracking_ch_6,25000,1906438,25000,1856438,7,train,1881438,35
epl_tracking_ch_2,25000,1914232,25000,1864232,3,train,1889232,35
epl_tracking_ch_5,25000,1916044,25000,1866044,6,train,1891044,35
epl_tracking_ch_6,25000,1931438,25000,1881438,7,train,1906438,36
epl_tracking_ch_2,25000,1939232,25000,1889232,3,train,1914232,36
epl_tracking_ch_5,25000,1941044,25000,1891044,6,train,1916044,36
epl_tracking_ch_6,25000,1956438,25000,1906438,7,train,1931438,37
epl_tracking_ch_2,25000,1964232,25000,1914232,3,train,1939232,37
epl_tracking_ch_5,25000,1966044,25000,1916044,6,train,1941044,37
epl_tracking_ch_6,25000,1981438,25000,1931438,7,train,1956438,38
epl_tracking_ch_2,25000,1989232,25000,1939232,3,train,1964232,38
epl_tracking_ch_5,25000,1991044,25000,1941044,6,train,1966044,38
epl_tracking_ch_6,25000,2006438,25000,1956438,7,train,1981438,39
epl_tracking_ch_2,25000,2014232,25000,1964232,3,train,1989232,39
epl_tracking_ch_5,25000,2016044,25000,1966044,6,train,1991044,39
epl_tracking_ch_6,25000,2031438,25000,1981438,7,train,2006438,40
epl_tracking_ch_2,25000,2039232,25000,1989232,3,train,2014232,40
epl_tracking_ch_5,25000,2041044,25000,1991044,6,train,2016044,40
epl_tracking_ch_6,25000,2056438,25000,2006438,7,train,2031438,41
epl_tracking_ch_2,25000,2064232,25000,2014232,3,train,2039232,41
epl_tracking_ch_5,25000,2066044,25000,2016044,6,train,2041044,41
epl_tracking_ch_6,25000,2081438,25000,2031438,7,train,2056438,42
epl_tracking_ch_2,25000,2089232,25000,2039232,3,train,2064232,42
epl_tracking_ch_5,25000,2091044,25000,2041044,6,train,2066044,42
epl_tracking_ch_6,25000,2106438,25000,2056438,7,train,2081438,43
epl_tracking_ch_2,25000,2114232,25000,2064232,3,train,2089232,43
epl_tracking_ch_5,25000,2116044,25000,2066044,6,train,2091044,43
epl_tracking_ch_7,25000,2118341,25000,2068341,13,train,2093341,1
epl_tracking_ch_6,25000,2131438,25000,2081438,7,train,2106438,44
epl_tracking_ch_2,25000,2139232,25000,2089232,3,train,2114232,44
epl_tracking_ch_1,25000,2139878,25000,2089878,19,train,2114878,1
epl_tracking_ch_5,25000,2141044,25000,2091044,6,train,2116044,44
epl_tracking_ch_7,25000,2143341,25000,2093341,13,train,2118341,2
epl_tracking_ch_4,25000,2155083,25000,2105083,16,train,2130083,1
epl_tracking_ch_6,25000,2156438,25000,2106438,7,train,2131438,45
epl_tracking_ch_2,25000,2164232,25000,2114232,3,train,2139232,45
epl_tracking_ch_1,25000,2164878,25000,2114878,19,train,2139878,2
epl_tracking_ch_5,25000,2166044,25000,2116044,6,train,2141044,45
epl_tracking_ch_7,25000,2168341,25000,2118341,13,train,2143341,3
epl_tracking_ch_4,25000,2180083,25000,2130083,16,train,2155083,2
epl_tracking_ch_6,25000,2181438,25000,2131438,7,train,2156438,46
epl_tracking_ch_2,25000,2189232,25000,2139232,3,train,2164232,46
epl_tracking_ch_1,25000,2189878,25000,2139878,19,train,2164878,3
epl_tracking_ch_5,25000,2191044,25000,2141044,6,train,2166044,46
epl_tracking_ch_7,25000,2193341,25000,2143341,13,train,2168341,4
epl_tracking_ch_4,25000,2205083,25000,2155083,16,train,2180083,3
epl_tracking_ch_6,25000,2206438,25000,2156438,7,train,2181438,47
epl_tracking_ch_2,25000,2214232,25000,2164232,3,train,2189232,47
epl_tracking_ch_1,25000,2214878,25000,2164878,19,train,2189878,4
epl_tracking_ch_5,25000,2216044,25000,2166044,6,train,2191044,47
epl_tracking_ch_7,25000,2218341,25000,2168341,13,train,2193341,5
epl_tracking_ch_4,25000,2230083,25000,2180083,16,train,2205083,4
epl_tracking_ch_6,25000,2231438,25000,2181438,7,train,2206438,48
epl_tracking_ch_2,25000,2239232,25000,2189232,3,train,2214232,48
epl_tracking_ch_1,25000,2239878,25000,2189878,19,train,2214878,5
epl_tracking_ch_5,25000,2241044,25000,2191044,6,train,2216044,48
epl_tracking_ch_7,25000,2243341,25000,2193341,13,train,2218341,6
epl_tracking_ch_4,25000,2255083,25000,2205083,16,train,2230083,5
epl_tracking_ch_6,25000,2256438,25000,2206438,7,train,2231438,49
epl_tracking_ch_2,24999,2264231,25000,2214232,3,train,2239232,49
epl_tracking_ch_1,25000,2264878,25000,2214878,19,train,2239878,6
epl_tracking_ch_5,25000,2266044,25000,2216044,6,train,2241044,49
epl_tracking_ch_7,25000,2268341,25000,2218341,13,train,2243341,7
epl_tracking_ch_4,25000,2280083,25000,2230083,16,train,2255083,6
epl_tracking_ch_6,25000,2281438,25000,2231438,7,train,2256438,50
epl_tracking_ch_2,25000,2289231,24999,2239232,3,train,2264231,50
epl_tracking_ch_1,25000,2289878,25000,2239878,19,train,2264878,7
epl_tracking_ch_5,25000,2291044,25000,2241044,6,train,2266044,50
epl_tracking_ch_7,25000,2293341,25000,2243341,13,train,2268341,8
epl_tracking_ch_4,25000,2305083,25000,2255083,16,train,2280083,7
epl_tracking_ch_1,25000,2314878,25000,2264878,19,train,2289878,8
epl_tracking_ch_7,25000,2318341,25000,2268341,13,train,2293341,9
epl_tracking_ch_4,25000,2330083,25000,2280083,16,train,2305083,8
epl_tracking_ch_1,25000,2339878,25000,2289878,19,train,2314878,9
epl_tracking_ch_7,25000,2343341,25000,2293341,13,train,2318341,10
epl_tracking_ch_4,25000,2355083,25000,2305083,16,train,2330083,9
epl_tracking_ch_1,25000,2364878,25000,2314878,19,train,2339878,10
epl_tracking_ch_7,25000,2368341,25000,2318341,13,train,2343341,11
epl_tracking_ch_4,25000,2380083,25000,2330083,16,train,2355083,10
epl_tracking_ch_1,25000,2389878,25000,2339878,19,train,2364878,11
epl_tracking_ch_7,25000,2393341,25000,2343341,13,train,2368341,12
epl_tracking_ch_4,25000,2405083,25000,2355083,16,train,2380083,11
epl_tracking_ch_1,25000,2414878,25000,2364878,19,train,2389878,12
epl_tracking_ch_7,25000,2418341,25000,2368341,13,train,2393341,13
epl_tracking_ch_4,25000,2430083,25000,2380083,16,train,2405083,12
epl_tracking_ch_1,25000,2439878,25000,2389878,19,train,2414878,13
epl_tracking_ch_7,25000,2443341,25000,2393341,13,train,2418341,14
epl_tracking_ch_4,25000,2455083,25000,2405083,16,train,2430083,13
epl_tracking_ch_1,25000,2464878,25000,2414878,19,train,2439878,14
epl_tracking_ch_7,25000,2468341,25000,2418341,13,train,2443341,15
epl_tracking_ch_4,25000,2480083,25000,2430083,16,train,2455083,14
epl_tracking_ch_1,25000,2489878,25000,2439878,19,train,2464878,15
epl_tracking_ch_7,25000,2493341,25000,2443341,13,train,2468341,16
epl_tracking_ch_4,25000,2505083,25000,2455083,16,train,2480083,15
epl_tracking_ch_1,25000,2514878,25000,2464878,19,train,2489878,16
epl_tracking_ch_7,25000,2518341,25000,2468341,13,train,2493341,17
epl_tracking_ch_4,25000,2530083,25000,2480083,16,train,2505083,16
epl_tracking_ch_1,25000,2539878,25000,2489878,19,train,2514878,17
epl_tracking_ch_7,25000,2543341,25000,2493341,13,train,2518341,18
epl_tracking_ch_4,25000,2555083,25000,2505083,16,train,2530083,17
epl_tracking_ch_1,24999,2564877,25000,2514878,19,train,2539878,18
epl_tracking_ch_7,25000,2568341,25000,2518341,13,train,2543341,19
epl_tracking_ch_4,25001,2580084,25000,2530083,16,train,2555083,18
epl_tracking_ch_1,25000,2589877,24999,2539878,19,train,2564877,19
epl_tracking_ch_7,25000,2593341,25000,2543341,13,train,2568341,20
epl_tracking_ch_4,25000,2605084,25001,2555083,16,train,2580084,19
epl_tracking_ch_1,25000,2614877,25000,2564877,19,train,2589877,20
epl_tracking_ch_7,25000,2618341,25000,2568341,13,train,2593341,21
epl_tracking_ch_4,25000,2630084,25000,2580084,16,train,2605084,20
epl_tracking_ch_1,25000,2639877,25000,2589877,19,train,2614877,21
epl_tracking_ch_7,25000,2643341,25000,2593341,13,train,2618341,22
epl_tracking_ch_4,25000,2655084,25000,2605084,16,train,2630084,21
epl_tracking_ch_1,25000,2664877,25000,2614877,19,train,2639877,22
epl_tracking_ch_7,24999,2668340,25000,2618341,13,train,2643341,23
epl_tracking_ch_4,25000,2680084,25000,2630084,16,train,2655084,22
epl_tracking_ch_1,25000,2689877,25000,2639877,19,train,2664877,23
epl_tracking_ch_7,25000,2693340,24999,2643341,13,train,2668340,24
epl_tracking_ch_4,25000,2705084,25000,2655084,16,train,2680084,23
epl_tracking_ch_1,25000,2714877,25000,2664877,19,train,2689877,24
epl_tracking_ch_7,25000,2718340,25000,2668340,13,train,2693340,25
epl_tracking_ch_4,25000,2730084,25000,2680084,16,train,2705084,24
epl_tracking_ch_1,25000,2739877,25000,2689877,19,train,2714877,25
epl_tracking_ch_7,25000,2743340,25000,2693340,13,train,2718340,26
epl_tracking_ch_4,25000,2755084,25000,2705084,16,train,2730084,25
epl_tracking_ch_1,25000,2764877,25000,2714877,19,train,2739877,26
epl_tracking_ch_7,25000,2768340,25000,2718340,13,train,2743340,27
epl_tracking_ch_4,25000,2780084,25000,2730084,16,train,2755084,26
epl_tracking_ch_1,25000,2789877,25000,2739877,19,train,2764877,27
epl_tracking_ch_7,25000,2793340,25000,2743340,13,train,2768340,28
epl_tracking_ch_4,25000,2805084,25000,2755084,16,train,2780084,27
epl_tracking_ch_1,25000,2814877,25000,2764877,19,train,2789877,28
epl_tracking_ch_7,25000,2818340,25000,2768340,13,train,2793340,29
epl_tracking_ch_4,25000,2830084,25000,2780084,16,train,2805084,28
epl_tracking_ch_1,25000,2839877,25000,2789877,19,train,2814877,29
epl_tracking_ch_7,25000,2843340,25000,2793340,13,train,2818340,30
epl_tracking_ch_4,25000,2855084,25000,2805084,16,train,2830084,29
epl_tracking_ch_1,25000,2864877,25000,2814877,19,train,2839877,30
epl_tracking_ch_7,25000,2868340,25000,2818340,13,train,2843340,31
epl_tracking_ch_4,25000,2880084,25000,2830084,16,train,2855084,30
epl_tracking_ch_1,25000,2889877,25000,2839877,19,train,2864877,31
epl_tracking_ch_7,25000,2893340,25000,2843340,13,train,2868340,32
epl_tracking_ch_4,25000,2905084,25000,2855084,16,train,2880084,31
epl_tracking_ch_1,25000,2914877,25000,2864877,19,train,2889877,32
epl_tracking_ch_7,25000,2918340,25000,2868340,13,train,2893340,33
epl_tracking_ch_4,25000,2930084,25000,2880084,16,train,2905084,32
epl_tracking_ch_1,25000,2939877,25000,2889877,19,train,2914877,33
epl_tracking_ch_7,25000,2943340,25000,2893340,13,train,2918340,34
epl_tracking_ch_4,25000,2955084,25000,2905084,16,train,2930084,33
epl_tracking_ch_1,25000,2964877,25000,2914877,19,train,2939877,34
epl_tracking_ch_7,25000,2968340,25000,2918340,13,train,2943340,35
epl_tracking_ch_4,25000,2980084,25000,2930084,16,train,2955084,34
epl_tracking_ch_1,25000,2989877,25000,2939877,19,train,2964877,35
epl_tracking_ch_7,25000,2993340,25000,2943340,13,train,2968340,36
epl_tracking_ch_4,25000,3005084,25000,2955084,16,train,2980084,35
epl_tracking_ch_1,25000,3014877,25000,2964877,19,train,2989877,36
epl_tracking_ch_7,25000,3018340,25000,2968340,13,train,2993340,37
epl_tracking_ch_4,25000,3030084,25000,2980084,16,train,3005084,36
epl_tracking_ch_1,24999,3039876,25000,2989877,19,train,3014877,37
epl_tracking_ch_7,25000,3043340,25000,2993340,13,train,3018340,38
epl_tracking_ch_4,25000,3055084,25000,3005084,16,train,3030084,37
epl_tracking_ch_1,25000,3064876,24999,3014877,19,train,3039876,38
epl_tracking_ch_7,25000,3068340,25000,3018340,13,train,3043340,39
epl_tracking_ch_4,25000,3080084,25000,3030084,16,train,3055084,38
epl_tracking_ch_1,25000,3089876,25000,3039876,19,train,3064876,39
epl_tracking_ch_7,25000,3093340,25000,3043340,13,train,3068340,40
epl_tracking_ch_4,25001,3105085,25000,3055084,16,train,3080084,39
epl_tracking_ch_1,25000,3114876,25000,3064876,19,train,3089876,40
epl_tracking_ch_7,25000,3118340,25000,3068340,13,train,3093340,41
epl_tracking_ch_4,25000,3130085,25001,3080084,16,train,3105085,40
epl_tracking_ch_1,25000,3139876,25000,3089876,19,train,3114876,41
epl_tracking_ch_8,25000,3140036,25000,3090036,23,train,3115036,1
epl_tracking_ch_7,25000,3143340,25000,3093340,13,train,3118340,42
epl_tracking_ch_4,25000,3155085,25000,3105085,16,train,3130085,41
epl_tracking_ch_1,25000,3164876,25000,3114876,19,train,3139876,42
epl_tracking_ch_8,25000,3165036,25000,3115036,23,train,3140036,2
epl_tracking_ch_7,25000,3168340,25000,3118340,13,train,3143340,43
epl_tracking_ch_4,25000,3180085,25000,3130085,16,train,3155085,42
epl_tracking_ch_1,25000,3189876,25000,3139876,19,train,3164876,43
epl_tracking_ch_8,25000,3190036,25000,3140036,23,train,3165036,3
epl_tracking_ch_7,25000,3193340,25000,3143340,13,train,3168340,44
epl_tracking_ch_4,25000,3205085,25000,3155085,16,train,3180085,43
epl_tracking_ch_1,25000,3214876,25000,3164876,19,train,3189876,44
epl_tracking_ch_8,25000,3215036,25000,3165036,23,train,3190036,4
epl_tracking_ch_7,25000,3218340,25000,3168340,13,train,3193340,45
epl_tracking_ch_4,25000,3230085,25000,3180085,16,train,3205085,44
epl_tracking_ch_1,25000,3239876,25000,3189876,19,train,3214876,45
epl_tracking_ch_8,25000,3240036,25000,3190036,23,train,3215036,5
epl_tracking_ch_7,25000,3243340,25000,3193340,13,train,3218340,46
epl_tracking_ch_4,25000,3255085,25000,3205085,16,train,3230085,45
epl_tracking_ch_1,25000,3264876,25000,3214876,19,train,3239876,46
epl_tracking_ch_8,25000,3265036,25000,3215036,23,train,3240036,6
epl_tracking_ch_7,25000,3268340,25000,3218340,13,train,3243340,47
epl_tracking_ch_4,25000,3280085,25000,3230085,16,train,3255085,46
epl_tracking_ch_1,25000,3289876,25000,3239876,19,train,3264876,47
epl_tracking_ch_8,25000,3290036,25000,3240036,23,train,3265036,7
epl_tracking_ch_7,24999,3293339,25000,3243340,13,train,3268340,48
epl_tracking_ch_4,25000,3305085,25000,3255085,16,train,3280085,47
epl_tracking_ch_1,25000,3314876,25000,3264876,19,train,3289876,48
epl_tracking_ch_8,25000,3315036,25000,3265036,23,train,3290036,8
epl_tracking_ch_7,25000,3318339,24999,3268340,13,train,3293339,49
epl_tracking_ch_4,25000,3330085,25000,3280085,16,train,3305085,48
epl_tracking_ch_1,25000,3339876,25000,3289876,19,train,3314876,49
epl_tracking_ch_8,25000,3340036,25000,3290036,23,train,3315036,9
epl_tracking_ch_7,25000,3343339,25000,3293339,13,train,3318339,50
epl_tracking_ch_4,25000,3355085,25000,3305085,16,train,3330085,49
epl_tracking_ch_1,25000,3364876,25000,3314876,19,train,3339876,50
epl_tracking_ch_8,25000,3365036,25000,3315036,23,train,3340036,10
epl_tracking_ch_4,25000,3380085,25000,3330085,16,train,3355085,50
epl_tracking_ch_8,25000,3390036,25000,3340036,23,train,3365036,11
epl_tracking_ch_8,25000,3415036,25000,3365036,23,train,3390036,12
epl_tracking_ch_8,25000,3440036,25000,3390036,23,train,3415036,13
epl_tracking_ch_8,25000,3465036,25000,3415036,23,train,3440036,14
epl_tracking_ch_8,25000,3490036,25000,3440036,23,train,3465036,15
epl_tracking_ch_8,25000,3515036,25000,3465036,23,train,3490036,16
epl_tracking_ch_8,25000,3540036,25000,3490036,23,train,3515036,17
epl_tracking_ch_8,25000,3565036,25000,3515036,23,train,3540036,18
epl_tracking_ch_8,25000,3590036,25000,3540036,23,train,3565036,19
epl_tracking_ch_8,25000,3615036,25000,3565036,23,train,3590036,20
epl_tracking_ch_8,25000,3640036,25000,3590036,23,train,3615036,21
epl_tracking_ch_8,25000,3665036,25000,3615036,23,train,3640036,22
epl_tracking_ch_8,25000,3690036,25000,3640036,23,train,3665036,23
epl_tracking_ch_8,25000,3715036,25000,3665036,23,train,3690036,24
epl_tracking_ch_8,25000,3740036,25000,3690036,23,train,3715036,25
epl_tracking_ch_8,25000,3765036,25000,3715036,23,train,3740036,26
epl_tracking_ch_8,25000,3790036,25000,3740036,23,train,3765036,27
epl_tracking_ch_8,25000,3815036,25000,3765036,23,train,3790036,28
epl_tracking_ch_8,25000,3840036,25000,3790036,23,train,3815036,29
epl_tracking_ch_8,25000,3865036,25000,3815036,23,train,3840036,30
epl_tracking_ch_8,25000,3890036,25000,3840036,23,train,3865036,31
epl_tracking_ch_8,25000,3915036,25000,3865036,23,train,3890036,32
epl_tracking_ch_8,25000,3940036,25000,3890036,23,train,3915036,33
epl_tracking_ch_8,25000,3965036,25000,3915036,23,train,3940036,34
epl_tracking_ch_8,25000,3990036,25000,3940036,23,train,3965036,35
epl_tracking_ch_8,25000,4015036,25000,3965036,23,train,3990036,36
epl_tracking_ch_8,25000,4040036,25000,3990036,23,train,4015036,37
epl_tracking_ch_8,25000,4065036,25000,4015036,23,train,4040036,38
epl_tracking_ch_8,25000,4090036,25000,4040036,23,train,4065036,39
epl_tracking_ch_8,25000,4115036,25000,4065036,23,train,4090036,40
epl_tracking_ch_8,25000,4140036,25000,4090036,23,train,4115036,41
epl_tracking_ch_8,25000,4165036,25000,4115036,23,train,4140036,42
epl_tracking_ch_8,25000,4190036,25000,4140036,23,train,4165036,43
epl_tracking_ch_8,25000,4215036,25000,4165036,23,train,4190036,44
epl_tracking_ch_8,25000,4240036,25000,4190036,23,train,4215036,45
epl_tracking_ch_8,25000,4265036,25000,4215036,23,train,4240036,46
epl_tracking_ch_8,25000,4290036,25000,4240036,23,train,4265036,47
epl_tracking_ch_8,25000,4315036,25000,4265036,23,train,4290036,48
epl_tracking_ch_8,25000,4340036,25000,4290036,23,train,4315036,49
epl_tracking_ch_8,25000,4365036,25000,4315036,23,train,4340036,50
epl_tracking_ch_9,25000,19559887,25000,19509887,10,train,19534887,1
epl_tracking_ch_9,25000,19584887,25000,19534887,10,train,19559887,2
epl_tracking_ch_9,25000,19609887,25000,19559887,10,train,19584887,3
epl_tracking_ch_9,25000,19634887,25000,19584887,10,train,19609887,4
epl_tracking_ch_9,25000,19659887,25000,19609887,10,train,19634887,5
epl_tracking_ch_9,25000,19684887,25000,19634887,10,train,19659887,6
epl_tracking_ch_9,25000,19709887,25000,19659887,10,train,19684887,7
epl_tracking_ch_9,25000,19734887,25000,19684887,10,train,19709887,8
epl_tracking_ch_9,25000,19759887,25000,19709887,10,train,19734887,9
epl_tracking_ch_9,25000,19784887,25000,19734887,10,train,19759887,10
epl_tracking_ch_9,25000,19809887,25000,19759887,10,train,19784887,11
epl_tracking_ch_9,25000,19834887,25000,19784887,10,train,19809887,12
epl_tracking_ch_9,25000,19859887,25000,19809887,10,train,19834887,13
epl_tracking_ch_9,25000,19884887,25000,19834887,10,train,19859887,14
epl_tracking_ch_9,25000,19909887,25000,19859887,10,train,19884887,15
epl_tracking_ch_9,25000,19934887,25000,19884887,10,train,19909887,16
epl_tracking_ch_9,25000,19959887,25000,19909887,10,train,19934887,17
epl_tracking_ch_9,25000,19984887,25000,19934887,10,train,19959887,18
epl_tracking_ch_9,25000,20009887,25000,19959887,10,train,19984887,19
epl_tracking_ch_9,25000,20034887,25000,19984887,10,train,20009887,20
epl_tracking_ch_9,25000,20059887,25000,20009887,10,train,20034887,21
epl_tracking_ch_9,25000,20084887,25000,20034887,10,train,20059887,22
epl_tracking_ch_9,25000,20109887,25000,20059887,10,train,20084887,23
epl_tracking_ch_9,25000,20134887,25000,20084887,10,train,20109887,24
epl_tracking_ch_9,25000,20159887,25000,20109887,10,train,20134887,25
epl_tracking_ch_9,25000,20184887,25000,20134887,10,train,20159887,26
epl_tracking_ch_9,25000,20209887,25000,20159887,10,train,20184887,27
epl_tracking_ch_9,25000,20234887,25000,20184887,10,train,20209887,28
epl_tracking_ch_9,25000,20259887,25000,20209887,10,train,20234887,29
epl_tracking_ch_9,25000,20284887,25000,20234887,10,train,20259887,30
epl_tracking_ch_9,25000,20309887,25000,20259887,10,train,20284887,31
epl_tracking_ch_9,25000,20334887,25000,20284887,10,train,20309887,32
epl_tracking_ch_9,25000,20359887,25000,20309887,10,train,20334887,33
epl_tracking_ch_9,25000,20384887,25000,20334887,10,train,20359887,34
epl_tracking_ch_9,25000,20409887,25000,20359887,10,train,20384887,35
epl_tracking_ch_9,25000,20434887,25000,20384887,10,train,20409887,36
epl_tracking_ch_9,25000,20459887,25000,20409887,10,train,20434887,37
epl_tracking_ch_9,25000,20484887,25000,20434887,10,train,20459887,38
epl_tracking_ch_9,25000,20509887,25000,20459887,10,train,20484887,39
epl_tracking_ch_9,25000,20534887,25000,20484887,10,train,20509887,40
epl_tracking_ch_9,25000,20559887,25000,20509887,10,train,20534887,41
epl_tracking_ch_9,25000,20584887,25000,20534887,10,train,20559887,42
epl_tracking_ch_9,25000,20609887,25000,20559887,10,train,20584887,43
epl_tracking_ch_9,25000,20634887,25000,20584887,10,train,20609887,44
epl_tracking_ch_9,25000,20659887,25000,20609887,10,train,20634887,45
epl_tracking_ch_9,25000,20684887,25000,20634887,10,train,20659887,46
epl_tracking_ch_9,25000,20709887,25000,20659887,10,train,20684887,47
epl_tracking_ch_9,25000,20734887,25000,20684887,10,train,20709887,48
epl_tracking_ch_9,25000,20759887,25000,20709887,10,train,20734887,49
epl_tracking_ch_9,25000,20784887,25000,20734887,10,train,20759887,50
epl_tracking_ch_0,25000,58538701,25000,58488701,30,train,58513701,1
epl_tracking_ch_0,25000,58563701,25000,58513701,30,train,58538701,2
epl_tracking_ch_0,25000,58588701,25000,58538701,30,train,58563701,3
epl_tracking_ch_0,25000,58613701,25000,58563701,30,train,58588701,4
epl_tracking_ch_0,25000,58638701,25000,58588701,30,train,58613701,5
epl_tracking_ch_0,25000,58663701,25000,58613701,30,train,58638701,6
epl_tracking_ch_0,25000,58688701,25000,58638701,30,train,58663701,7
epl_tracking_ch_0,25000,58713701,25000,58663701,30,train,58688701,8
epl_tracking_ch_0,25000,58738701,25000,58688701,30,train,58713701,9
epl_tracking_ch_0,25000,58763701,25000,58713701,30,train,58738701,10
epl_tracking_ch_0,25000,58788701,25000,58738701,30,train,58763701,11
epl_tracking_ch_0,25000,58813701,25000,58763701,30,train,58788701,12
epl_tracking_ch_0,25000,58838701,25000,58788701,30,train,58813701,13
epl_tracking_ch_0,25000,58863701,25000,58813701,30,train,58838701,14
epl_tracking_ch_0,25000,58888701,25000,58838701,30,train,58863701,15
epl_tracking_ch_0,25001,58913702,25000,58863701,30,train,58888701,16
epl_tracking_ch_0,25000,58938702,25001,58888701,30,train,58913702,17
epl_tracking_ch_0,25000,58963702,25000,58913702,30,train,58938702,18
epl_tracking_ch_0,25000,58988702,25000,58938702,30,train,58963702,19
epl_tracking_ch_0,25000,59013702,25000,58963702,30,train,58988702,20
epl_tracking_ch_0,25000,59038702,25000,58988702,30,train,59013702,21
epl_tracking_ch_0,25000,59063702,25000,59013702,30,train,59038702,22
epl_tracking_ch_0,25000,59088702,25000,59038702,30,train,59063702,23
epl_tracking_ch_0,25000,59113702,25000,59063702,30,train,59088702,24
epl_tracking_ch_0,25000,59138702,25000,59088702,30,train,59113702,25
epl_tracking_ch_0,25000,59163702,25000,59113702,30,train,59138702,26
epl_tracking_ch_0,25000,59188702,25000,59138702,30,train,59163702,27
epl_tracking_ch_0,25000,59213702,25000,59163702,30,train,59188702,28
epl_tracking_ch_0,25000,59238702,25000,59188702,30,train,59213702,29
epl_tracking_ch_0,25000,59263702,25000,59213702,30,train,59238702,30
epl_tracking_ch_0,25000,59288702,25000,59238702,30,train,59263702,31
epl_tracking_ch_0,25000,59313702,25000,59263702,30,train,59288702,32
epl_tracking_ch_0,25001,59338703,25000,59288702,30,train,59313702,33
epl_tracking_ch_0,25000,59363703,25001,59313702,30,train,59338703,34
epl_tracking_ch_0,25000,59388703,25000,59338703,30,train,59363703,35
epl_tracking_ch_0,25000,59413703,25000,59363703,30,train,59388703,36
epl_tracking_ch_0,25000,59438703,25000,59388703,30,train,59413703,37
epl_tracking_ch_0,25000,59463703,25000,59413703,30,train,59438703,38
epl_tracking_ch_0,25000,59488703,25000,59438703,30,train,59463703,39
epl_tracking_ch_0,25000,59513703,25000,59463703,30,train,59488703,40
epl_tracking_ch_0,25000,59538703,25000,59488703,30,train,59513703,41
epl_tracking_ch_0,25000,59563703,25000,59513703,30,train,59538703,42
epl_tracking_ch_0,25000,59588703,25000,59538703,30,train,59563703,43
epl_tracking_ch_0,25000,59613703,25000,59563703,30,train,59588703,44
epl_tracking_ch_0,25000,59638703,25000,59588703,30,train,59613703,45
epl_tracking_ch_0,25000,59663703,25000,59613703,30,train,59638703,46
epl_tracking_ch_0,25000,59688703,25000,59638703,30,train,59663703,47
epl_tracking_ch_0,25000,59713703,25000,59663703,30,train,59688703,48
epl_tracking_ch_0,25000,59738703,25000,59688703,30,train,59713703,49
epl_tracking_ch_0,25000,59763703,25000,59713703,30,train,59738703,50
epl_tracking_ch_3,25000,129831386,25000,129781386,20,train,129806386,1
epl_tracking_ch_3,25000,129856386,25000,129806386,20,train,129831386,2
epl_tracking_ch_3,25000,129881386,25000,129831386,20,train,129856386,3
epl_tracking_ch_3,25000,129906386,25000,129856386,20,train,129881386,4
epl_tracking_ch_3,25000,129931386,25000,129881386,20,train,129906386,5
epl_tracking_ch_3,25000,129956386,25000,129906386,20,train,129931386,6
epl_tracking_ch_3,25000,129981386,25000,129931386,20,train,129956386,7
epl_tracking_ch_3,25000,130006386,25000,129956386,20,train,129981386,8
epl_tracking_ch_3,25000,130031386,25000,129981386,20,train,130006386,9
epl_tracking_ch_3,25000,130056386,25000,130006386,20,train,130031386,10
epl_tracking_ch_3,25000,130081386,25000,130031386,20,train,130056386,11
epl_tracking_ch_3,25000,130106386,25000,130056386,20,train,130081386,12
epl_tracking_ch_3,25000,130131386,25000,130081386,20,train,130106386,13
epl_tracking_ch_3,25000,130156386,25000,130106386,20,train,130131386,14
epl_tracking_ch_3,25000,130181386,25000,130131386,20,train,130156386,15
epl_tracking_ch_3,25000,130206386,25000,130156386,20,train,130181386,16
epl_tracking_ch_3,25000,130231386,25000,130181386,20,train,130206386,17
epl_tracking_ch_3,25000,130256386,25000,130206386,20,train,130231386,18
epl_tracking_ch_3,25000,130281386,25000,130231386,20,train,130256386,19
epl_tracking_ch_3,25001,130306387,25000,130256386,20,train,130281386,20
epl_tracking_ch_3,25000,130331387,25001,130281386,20,train,130306387,21
epl_tracking_ch_3,25000,130356387,25000,130306387,20,train,130331387,22
epl_tracking_ch_3,25000,130381387,25000,130331387,20,train,130356387,23
epl_tracking_ch_3,25000,130406387,25000,130356387,20,train,130381387,24
epl_tracking_ch_3,25000,130431387,25000,130381387,20,train,130406387,25
epl_tracking_ch_3,25000,130456387,25000,130406387,20,train,130431387,26
epl_tracking_ch_3,25000,130481387,25000,130431387,20,train,130456387,27
epl_tracking_ch_3,25000,130506387,25000,130456387,20,train,130481387,28
epl_tracking_ch_3,25000,130531387,25000,130481387,20,train,130506387,29
epl_tracking_ch_3,25000,130556387,25000,130506387,20,train,130531387,30
epl_tracking_ch_3,25000,130581387,25000,130531387,20,train,130556387,31
epl_tracking_ch_3,25000,130606387,25000,130556387,20,train,130581387,32
epl_tracking_ch_3,25000,130631387,25000,130581387,20,train,130606387,33
epl_tracking_ch_3,25000,130656387,25000,130606387,20,train,130631387,34
epl_tracking_ch_3,25000,130681387,25000,130631387,20,train,130656387,35
epl_tracking_ch_3,25000,130706387,25000,130656387,20,train,130681387,36
epl_tracking_ch_3,25000,130731387,25000,130681387,20,train,130706387,37
epl_tracking_ch_3,25000,130756387,25000,130706387,20,train,130731387,38
epl_tracking_ch_3,25000,130781387,25000,130731387,20,train,130756387,39
epl_tracking_ch_3,25001,130806388,25000,130756387,20,train,130781387,40
epl_tracking_ch_3,25000,130831388,25001,130781387,20,train,130806388,41
epl_tracking_ch_3,25000,130856388,25000,130806388,20,train,130831388,42
epl_tracking_ch_3,25000,130881388,25000,130831388,20,train,130856388,43
epl_tracking_ch_3,25000,130906388,25000,130856388,20,train,130881388,44
epl_tracking_ch_3,25000,130931388,25000,130881388,20,train,130906388,45
epl_tracking_ch_3,25000,130956388,25000,130906388,20,train,130931388,46
epl_tracking_ch_3,25000,130981388,25000,130931388,20,train,130956388,47
epl_tracking_ch_3,25000,131006388,25000,130956388,20,train,130981388,48
epl_tracking_ch_3,25000,131031388,25000,130981388,20,train,131006388,49
epl_tracking_ch_3,25000,131056388,25000,131006388,20,train,131031388,50
epl_tracking_ch_10,25000,229672753,25000,229622753,11,train,229647753,1
epl_tracking_ch_10,24999,229697752,25000,229647753,11,train,229672753,2
epl_tracking_ch_10,25001,229722753,24999,229672753,11,train,229697752,3
epl_tracking_ch_10,25000,229747753,25001,229697752,11,train,229722753,4
epl_tracking_ch_10,25000,229772753,25000,229722753,11,train,229747753,5
epl_tracking_ch_10,25000,229797753,25000,229747753,11,train,229772753,6
epl_tracking_ch_10,24999,229822752,25000,229772753,11,train,229797753,7
epl_tracking_ch_10,25000,229847752,24999,229797753,11,train,229822752,8
epl_tracking_ch_10,25001,229872753,25000,229822752,11,train,229847752,9
epl_tracking_ch_10,25000,229897753,25001,229847752,11,train,229872753,10
epl_tracking_ch_10,25000,229922753,25000,229872753,11,train,229897753,11
epl_tracking_ch_10,25000,229947753,25000,229897753,11,train,229922753,12
epl_tracking_ch_10,25000,229972753,25000,229922753,11,train,229947753,13
epl_tracking_ch_10,25000,229997753,25000,229947753,11,train,229972753,14
epl_tracking_ch_10,25000,230022753,25000,229972753,11,train,229997753,15
epl_tracking_ch_10,25000,230047753,25000,229997753,11,train,230022753,16
epl_tracking_ch_10,25000,230072753,25000,230022753,11,train,230047753,17
epl_tracking_ch_10,25000,230097753,25000,230047753,11,train,230072753,18
epl_tracking_ch_10,25000,230122753,25000,230072753,11,train,230097753,19
epl_tracking_ch_10,25000,230147753,25000,230097753,11,train,230122753,20
epl_tracking_ch_10,25000,230172753,25000,230122753,11,train,230147753,21
epl_tracking_ch_10,25000,230197753,25000,230147753,11,train,230172753,22
epl_tracking_ch_10,25000,230222753,25000,230172753,11,train,230197753,23
epl_tracking_ch_10,25000,230247753,25000,230197753,11,train,230222753,24
epl_tracking_ch_10,25000,230272753,25000,230222753,11,train,230247753,25
epl_tracking_ch_10,25000,230297753,25000,230247753,11,train,230272753,26
epl_tracking_ch_10,25000,230322753,25000,230272753,11,train,230297753,27
epl_tracking_ch_10,25000,230347753,25000,230297753,11,train,230322753,28
epl_tracking_ch_10,25000,230372753,25000,230322753,11,train,230347753,29
epl_tracking_ch_10,25000,230397753,25000,230347753,11,train,230372753,30
epl_tracking_ch_10,25000,230422753,25000,230372753,11,train,230397753,31
epl_tracking_ch_10,25000,230447753,25000,230397753,11,train,230422753,32
epl_tracking_ch_10,25000,230472753,25000,230422753,11,train,230447753,33
epl_tracking_ch_10,25000,230497753,25000,230447753,11,train,230472753,34
epl_tracking_ch_10,25000,230522753,25000,230472753,11,train,230497753,35
epl_tracking_ch_10,25000,230547753,25000,230497753,11,train,230522753,36
epl_tracking_ch_10,25000,230572753,25000,230522753,11,train,230547753,37
epl_tracking_ch_10,25000,230597753,25000,230547753,11,train,230572753,38
epl_tracking_ch_10,25000,230622753,25000,230572753,11,train,230597753,39
epl_tracking_ch_10,25000,230647753,25000,230597753,11,train,230622753,40
epl_tracking_ch_10,25000,230672753,25000,230622753,11,train,230647753,41
epl_tracking_ch_10,25000,230697753,25000,230647753,11,train,230672753,42
epl_tracking_ch_10,25000,230722753,25000,230672753,11,train,230697753,43
epl_tracking_ch_10,25000,230747753,25000,230697753,11,train,230722753,44
epl_tracking_ch_10,25000,230772753,25000,230722753,11,train,230747753,45
epl_tracking_ch_10,25000,230797753,25000,230747753,11,train,230772753,46
epl_tracking_ch_10,25000,230822753,25000,230772753,11,train,230797753,47
epl_tracking_ch_10,25000,230847753,25000,230797753,11,train,230822753,48
epl_tracking_ch_10,25000,230872753,25000,230822753,11,train,230847753,49
epl_tracking_ch_10,25000,230897753,25000,230847753,11,train,230872753,50
epl_tracking_ch_10,25000,959466321,25000,959416321,12,train,959441321,15962
epl_tracking_ch_10,25000,959491321,25000,959441321,12,train,959466321,15963
epl_tracking_ch_10,25000,959516321,25000,959466321,12,train,959491321,15964
epl_tracking_ch_10,25000,959541321,25000,959491321,12,train,959516321,15965
epl_tracking_ch_10,25000,959566321,25000,959516321,12,train,959541321,15966
epl_tracking_ch_10,25000,959591321,25000,959541321,12,train,959566321,15967
epl_tracking_ch_10,25000,959616321,25000,959566321,12,train,959591321,15968
epl_tracking_ch_10,25001,959641322,25000,959591321,12,train,959616321,15969
epl_tracking_ch_10,25000,959666322,25001,959616321,12,train,959641322,15970
epl_tracking_ch_10,25000,959691322,25000,959641322,12,train,959666322,15971
epl_tracking_ch_10,25000,959716322,25000,959666322,12,train,959691322,15972
epl_tracking_ch_10,25000,959741322,25000,959691322,12,train,959716322,15973
epl_tracking_ch_10,25000,959766322,25000,959716322,12,train,959741322,15974
epl_tracking_ch_10,25000,959791322,25000,959741322,12,train,959766322,15975
epl_tracking_ch_10,25000,959816322,25000,959766322,12,train,959791322,15976
epl_tracking_ch_10,25000,959841322,25000,959791322,12,train,959816322,15977
epl_tracking_ch_10,25001,959866323,25000,959816322,12,train,959841322,15978
epl_tracking_ch_10,25000,959891323,25001,959841322,12,train,959866323,15979
epl_tracking_ch_10,25000,959916323,25000,959866323,12,train,959891323,15980
epl_tracking_ch_10,25000,959941323,25000,959891323,12,train,959916323,15981
epl_tracking_ch_10,25000,959966323,25000,959916323,12,train,959941323,15982
epl_tracking_ch_10,25000,959991323,25000,959941323,12,train,959966323,15983
epl_tracking_ch_10,25000,960016323,25000,959966323,12,train,959991323,15984
epl_tracking_ch_10,25000,960041323,25000,959991323,12,train,960016323,15985
epl_tracking_ch_10,25000,960066323,25000,960016323,12,train,960041323,15986
epl_tracking_ch_10,25001,960091324,25000,960041323,12,train,960066323,15987
epl_tracking_ch_10,25000,960116324,25001,960066323,12,train,960091324,15988
epl_tracking_ch_10,25000,960141324,25000,960091324,12,train,960116324,15989
epl_tracking_ch_10,25000,960166324,25000,960116324,12,train,960141324,15990
epl_tracking_ch_10,25000,960191324,25000,960141324,12,train,960166324,15991
epl_tracking_ch_10,25000,960216324,25000,960166324,12,train,960191324,15992
epl_tracking_ch_10,25000,960241324,25000,960191324,12,train,960216324,15993
epl_tracking_ch_10,25000,960266324,25000,960216324,12,train,960241324,15994
epl_tracking_ch_10,25000,960291324,25000,960241324,12,train,960266324,15995
epl_tracking_ch_10,25000,960316324,25000,960266324,12,train,960291324,15996
epl_tracking_ch_10,25001,960341325,25000,960291324,12,train,960316324,15997
epl_tracking_ch_10,25000,960366325,25001,960316324,12,train,960341325,15998
epl_tracking_ch_10,25000,960391325,25000,960341325,12,train,960366325,15999
epl_tracking_ch_10,25000,960416325,25000,960366325,12,train,960391325,16000
epl_tracking_ch_10,25000,960441325,25000,960391325,12,train,960416325,16001
epl_tracking_ch_10,25000,960466325,25000,960416325,12,train,960441325,16002
epl_tracking_ch_10,25000,960491325,25000,960441325,12,train,960466325,16003
epl_tracking_ch_10,25000,960516325,25000,960466325,12,train,960491325,16004
epl_tracking_ch_10,25000,960541325,25000,960491325,12,train,960516325,16005
epl_tracking_ch_10,25001,960566326,25000,960516325,12,train,960541325,16006
epl_tracking_ch_10,25000,960591326,25001,960541325,12,train,960566326,16007
epl_tracking_ch_10,25000,960616326,25000,960566326,12,train,960591326,16008
epl_tracking_ch_10,25000,960641326,25000,960591326,12,train,960616326,16009
epl_tracking_ch_10,25000,960666326,25000,960616326,12,train,960641326,16010
epl_tracking_ch_10,25000,960691326,25000,960641326,12,train,960666326,16011
epl_tracking_ch_10,25000,1416960981,25000,1416910981,31,train,1416935981,31923
epl_tracking_ch_10,25000,1416985981,25000,1416935981,31,train,1416960981,31924
epl_tracking_ch_10,25000,1417010981,25000,1416960981,31,train,1416985981,31925
epl_tracking_ch_10,25000,1417035981,25000,1416985981,31,train,1417010981,31926
epl_tracking_ch_10,25000,1417060981,25000,1417010981,31,train,1417035981,31927
epl_tracking_ch_10,25000,1417085981,25000,1417035981,31,train,1417060981,31928
epl_tracking_ch_10,25000,1417110981,25000,1417060981,31,train,1417085981,31929
epl_tracking_ch_10,25000,1417135981,25000,1417085981,31,train,1417110981,31930
epl_tracking_ch_10,25000,1417160981,25000,1417110981,31,train,1417135981,31931
epl_tracking_ch_10,25000,1417185981,25000,1417135981,31,train,1417160981,31932
epl_tracking_ch_10,25000,1417210981,25000,1417160981,31,train,1417185981,31933
epl_tracking_ch_10,25000,1417235981,25000,1417185981,31,train,1417210981,31934
epl_tracking_ch_10,25000,1417260981,25000,1417210981,31,train,1417235981,31935
epl_tracking_ch_10,25000,1417285981,25000,1417235981,31,train,1417260981,31936
epl_tracking_ch_10,25000,1417310981,25000,1417260981,31,train,1417285981,31937
epl_tracking_ch_10,25000,1417335981,25000,1417285981,31,train,1417310981,31938
epl_tracking_ch_10,25000,1417360981,25000,1417310981,31,train,1417335981,31939
epl_tracking_ch_10,25000,1417385981,25000,1417335981,31,train,1417360981,31940
epl_tracking_ch_10,25000,1417410981,25000,1417360981,31,train,1417385981,31941
epl_tracking_ch_10,25000,1417435981,25000,1417385981,31,train,1417410981,31942
epl_tracking_ch_10,25000,1417460981,25000,1417410981,31,train,1417435981,31943
epl_tracking_ch_10,25000,1417485981,25000,1417435981,31,train,1417460981,31944
epl_tracking_ch_10,25000,1417510981,25000,1417460981,31,train,1417485981,31945
epl_tracking_ch_10,25000,1417535981,25000,1417485981,31,train,1417510981,31946
epl_tracking_ch_10,25000,1417560981,25000,1417510981,31,train,1417535981,31947
epl_tracking_ch_10,25000,1417585981,25000,1417535981,31,train,1417560981,31948
epl_tracking_ch_10,25000,1417610981,25000,1417560981,31,train,1417585981,31949
epl_tracking_ch_10,25000,1417635981,25000,1417585981,31,train,1417610981,31950
epl_tracking_ch_10,25000,1417660981,25000,1417610981,31,train,1417635981,31951
epl_tracking_ch_10,25000,1417685981,25000,1417635981,31,train,1417660981,31952
epl_tracking_ch_10,25000,1417710981,25000,1417660981,31,train,1417685981,31953
epl_tracking_ch_10,24999,1417735980,25000,1417685981,31,train,1417710981,31954
epl_tracking_ch_10,25000,1417760980,24999,1417710981,31,train,1417735980,31955
epl_tracking_ch_10,25000,1417785980,25000,1417735980,31,train,1417760980,31956
epl_tracking_ch_10,25000,1417810980,25000,1417760980,31,train,1417785980,31957
epl_tracking_ch_10,25000,1417835980,25000,1417785980,31,train,1417810980,31958
epl_tracking_ch_10,25000,1417860980,25000,1417810980,31,train,1417835980,31959
epl_tracking_ch_10,25000,1417885980,25000,1417835980,31,train,1417860980,31960
epl_tracking_ch_10,25000,1417910980,25000,1417860980,31,train,1417885980,31961
epl_tracking_ch_10,25000,1417935980,25000,1417885980,31,train,1417910980,31962
epl_tracking_ch_10,25000,1417960980,25000,1417910980,31,train,1417935980,31963
epl_tracking_ch_10,25000,1417985980,25000,1417935980,31,train,1417960980,31964
epl_tracking_ch_10,25000,1418010980,25000,1417960980,31,train,1417985980,31965
epl_tracking_ch_10,25000,1418035980,25000,1417985980,31,train,1418010980,31966
epl_tracking_ch_10,25000,1418060980,25000,1418010980,31,train,1418035980,31967
epl_tracking_ch_10,25000,1418085980,25000,1418035980,31,train,1418060980,31968
epl_tracking_ch_10,25000,1418110980,25000,1418060980,31,train,1418085980,31969
epl_tracking_ch_10,25000,1418135980,25000,1418085980,31,train,1418110980,31970
epl_tracking_ch_10,25000,1418160980,25000,1418110980,31,train,1418135980,31971
epl_tracking_ch_10,25000,1418185980,25000,1418135980,31,train,1418160980,31972
epl_tracking_ch_10,25000,2257279264,25000,2257229264,8,train,2257254264,47884
epl_tracking_ch_10,25000,2257304264,25000,2257254264,8,train,2257279264,47885
epl_tracking_ch_10,25000,2257329264,25000,2257279264,8,train,2257304264,47886
epl_tracking_ch_10,25000,2257354264,25000,2257304264,8,train,2257329264,47887
epl_tracking_ch_10,25000,2257379264,25000,2257329264,8,train,2257354264,47888
epl_tracking_ch_10,25000,2257404264,25000,2257354264,8,train,2257379264,47889
epl_tracking_ch_10,25000,2257429264,25000,2257379264,8,train,2257404264,47890
epl_tracking_ch_10,25000,2257454264,25000,2257404264,8,train,2257429264,47891
epl_tracking_ch_10,25000,2257479264,25000,2257429264,8,train,2257454264,47892
epl_tracking_ch_10,25000,2257504264,25000,2257454264,8,train,2257479264,47893
epl_tracking_ch_10,25000,2257529264,25000,2257479264,8,train,2257504264,47894
epl_tracking_ch_10,25000,2257554264,25000,2257504264,8,train,2257529264,47895
epl_tracking_ch_10,25000,2257579264,25000,2257529264,8,train,2257554264,47896
epl_tracking_ch_10,25000,2257604264,25000,2257554264,8,train,2257579264,47897
epl_tracking_ch_10,25000,2257629264,25000,2257579264,8,train,2257604264,47898
epl_tracking_ch_10,25000,2257654264,25000,2257604264,8,train,2257629264,47899
epl_tracking_ch_10,25000,2257679264,25000,2257629264,8,train,2257654264,47900
epl_tracking_ch_10,25000,2257704264,25000,2257654264,8,train,2257679264,47901
epl_tracking_ch_10,24999,2257729263,25000,2257679264,8,train,2257704264,47902
epl_tracking_ch_10,25000,2257754263,24999,2257704264,8,train,2257729263,47903
epl_tracking_ch_10,25000,2257779263,25000,2257729263,8,train,2257754263,47904
epl_tracking_ch_10,25000,2257804263,25000,2257754263,8,train,2257779263,47905
epl_tracking_ch_10,25000,2257829263,25000,2257779263,8,train,2257804263,47906
epl_tracking_ch_10,25000,2257854263,25000,2257804263,8,train,2257829263,47907
epl_tracking_ch_10,25000,2257879263,25000,2257829263,8,train,2257854263,47908
epl_tracking_ch_10,25000,2257904263,25000,2257854263,8,train,2257879263,47909
epl_tracking_ch_10,25000,2257929263,25000,2257879263,8,train,2257904263,47910
epl_tracking_ch_10,25000,2257954263,25000,2257904263,8,train,2257929263,47911
epl_tracking_ch_10,25000,2257979263,25000,2257929263,8,train,2257954263,47912
epl_tracking_ch_10,25000,2258004263,25000,2257954263,8,train,2257979263,47913
epl_tracking_ch_10,25000,2258029263,25000,2257979263,8,train,2258004263,47914
epl_tracking_ch_10,25000,2258054263,25000,2258004263,8,train,2258029263,47915
epl_tracking_ch_10,25000,2258079263,25000,2258029263,8,train,2258054263,47916
epl_tracking_ch_10,25000,2258104263,25000,2258054263,8,train,2258079263,47917
epl_tracking_ch_10,25000,2258129263,25000,2258079263,8,train,2258104263,47918
epl_tracking_ch_10,25000,2258154263,25000,2258104263,8,train,2258129263,47919
epl_tracking_ch_10,25000,2258179263,25000,2258129263,8,train,2258154263,47920
epl_tracking_ch_10,25000,2258204263,25000,2258154263,8,train,2258179263,47921
epl_tracking_ch_10,25000,2258229263,25000,2258179263,8,train,2258204263,47922
epl_tracking_ch_10,25000,2258254263,25000,2258204263,8,train,2258229263,47923
epl_tracking_ch_10,25000,2258279263,25000,2258229263,8,train,2258254263,47924
epl_tracking_ch_10,24999,2258304262,25000,2258254263,8,train,2258279263,47925
epl_tracking_ch_10,25000,2258329262,24999,2258279263,8,train,2258304262,47926
epl_tracking_ch_10,25000,2258354262,25000,2258304262,8,train,2258329262,47927
epl_tracking_ch_10,25000,2258379262,25000,2258329262,8,train,2258354262,47928
epl_tracking_ch_10,25000,2258404262,25000,2258354262,8,train,2258379262,47929
epl_tracking_ch_10,25000,2258429262,25000,2258379262,8,train,2258404262,47930
epl_tracking_ch_10,25000,2258454262,25000,2258404262,8,train,2258429262,47931
epl_tracking_ch_10,25000,2258479262,25000,2258429262,8,train,2258454262,47932
epl_tracking_ch_10,25000,2258504262,25000,2258454262,8,train,2258479262,47933
epl_tracking_ch_10,25000,3066269136,25000,3066219136,29,train,3066244136,63846
epl_tracking_ch_10,25000,3066294136,25000,3066244136,29,train,3066269136,63847
epl_tracking_ch_10,25000,3066319136,25000,3066269136,29,train,3066294136,63848
epl_tracking_ch_10,25000,3066344136,25000,3066294136,29,train,3066319136,63849
epl_tracking_ch_10,25000,3066369136,25000,3066319136,29,train,3066344136,63850
epl_tracking_ch_10,25000,3066394136,25000,3066344136,29,train,3066369136,63851
epl_tracking_ch_10,25000,3066419136,25000,3066369136,29,train,3066394136,63852
epl_tracking_ch_10,25000,3066444136,25000,3066394136,29,train,3066419136,63853
epl_tracking_ch_10,25000,3066469136,25000,3066419136,29,train,3066444136,63854
epl_tracking_ch_10,25000,3066494136,25000,3066444136,29,train,3066469136,63855
epl_tracking_ch_10,25000,3066519136,25000,3066469136,29,train,3066494136,63856
epl_tracking_ch_10,25000,3066544136,25000,3066494136,29,train,3066519136,63857
epl_tracking_ch_10,25000,3066569136,25000,3066519136,29,train,3066544136,63858
epl_tracking_ch_10,25000,3066594136,25000,3066544136,29,train,3066569136,63859
epl_tracking_ch_10,25000,3066619136,25000,3066569136,29,train,3066594136,63860
epl_tracking_ch_10,25000,3066644136,25000,3066594136,29,train,3066619136,63861
epl_tracking_ch_10,25000,3066669136,25000,3066619136,29,train,3066644136,63862
epl_tracking_ch_10,25000,3066694136,25000,3066644136,29,train,3066669136,63863
epl_tracking_ch_10,25000,3066719136,25000,3066669136,29,train,3066694136,63864
epl_tracking_ch_10,25000,3066744136,25000,3066694136,29,train,3066719136,63865
epl_tracking_ch_10,25000,3066769136,25000,3066719136,29,train,3066744136,63866
epl_tracking_ch_10,25000,3066794136,25000,3066744136,29,train,3066769136,63867
epl_tracking_ch_10,25000,3066819136,25000,3066769136,29,train,3066794136,63868
epl_tracking_ch_10,25000,3066844136,25000,3066794136,29,train,3066819136,63869
epl_tracking_ch_10,25000,3066869136,25000,3066819136,29,train,3066844136,63870
epl_tracking_ch_10,25000,3066894136,25000,3066844136,29,train,3066869136,63871
epl_tracking_ch_10,25000,3066919136,25000,3066869136,29,train,3066894136,63872
epl_tracking_ch_10,25000,3066944136,25000,3066894136,29,train,3066919136,63873
epl_tracking_ch_10,25000,3066969136,25000,3066919136,29,train,3066944136,63874
epl_tracking_ch_10,25000,3066994136,25000,3066944136,29,train,3066969136,63875
epl_tracking_ch_10,25000,3067019136,25000,3066969136,29,train,3066994136,63876
epl_tracking_ch_10,25000,3067044136,25000,3066994136,29,train,3067019136,63877
epl_tracking_ch_10,25000,3067069136,25000,3067019136,29,train,3067044136,63878
epl_tracking_ch_10,25000,3067094136,25000,3067044136,29,train,3067069136,63879
epl_tracking_ch_10,25001,3067119137,25000,3067069136,29,train,3067094136,63880
epl_tracking_ch_10,25000,3067144137,25001,3067094136,29,train,3067119137,63881
epl_tracking_ch_10,25000,3067169137,25000,3067119137,29,train,3067144137,63882
epl_tracking_ch_10,25000,3067194137,25000,3067144137,29,train,3067169137,63883
epl_tracking_ch_10,25000,3067219137,25000,3067169137,29,train,3067194137,63884
epl_tracking_ch_10,25000,3067244137,25000,3067194137,29,train,3067219137,63885
epl_tracking_ch_10,25000,3067269137,25000,3067219137,29,train,3067244137,63886
epl_tracking_ch_10,25000,3067294137,25000,3067244137,29,train,3067269137,63887
epl_tracking_ch_10,25000,3067319137,25000,3067269137,29,train,3067294137,63888
epl_tracking_ch_10,25000,3067344137,25000,3067294137,29,train,3067319137,63889
epl_tracking_ch_10,25000,3067369137,25000,3067319137,29,train,3067344137,63890
epl_tracking_ch_10,25000,3067394137,25000,3067344137,29,train,3067369137,63891
epl_tracking_ch_10,25000,3067419137,25000,3067369137,29,train,3067394137,63892
epl_tracking_ch_10,25000,3067444137,25000,3067394137,29,train,3067419137,63893
epl_tracking_ch_10,25000,3067469137,25000,3067419137,29,train,3067444137,63894
epl_tracking_ch_10,25000,3067494137,25000,3067444137,29,train,3067469137,63895
epl_tracking_ch_10,25000,4405036507,25000,4404986507,24,calibration,4405011507,79807
epl_tracking_ch_10,25000,4405061507,25000,4405011507,24,calibration,4405036507,79808
epl_tracking_ch_10,25000,4405086507,25000,4405036507,24,calibration,4405061507,79809
epl_tracking_ch_10,25000,4405111507,25000,4405061507,24,calibration,4405086507,79810
epl_tracking_ch_10,25000,4405136507,25000,4405086507,24,calibration,4405111507,79811
epl_tracking_ch_10,25000,4405161507,25000,4405111507,24,calibration,4405136507,79812
epl_tracking_ch_10,25000,4405186507,25000,4405136507,24,calibration,4405161507,79813
epl_tracking_ch_10,25000,4405211507,25000,4405161507,24,calibration,4405186507,79814
epl_tracking_ch_10,25000,4405236507,25000,4405186507,24,calibration,4405211507,79815
epl_tracking_ch_10,25000,4405261507,25000,4405211507,24,calibration,4405236507,79816
epl_tracking_ch_10,25000,4405286507,25000,4405236507,24,calibration,4405261507,79817
epl_tracking_ch_10,25000,4405311507,25000,4405261507,24,calibration,4405286507,79818
epl_tracking_ch_10,25000,4405336507,25000,4405286507,24,calibration,4405311507,79819
epl_tracking_ch_10,25000,4405361507,25000,4405311507,24,calibration,4405336507,79820
epl_tracking_ch_10,25000,4405386507,25000,4405336507,24,calibration,4405361507,79821
epl_tracking_ch_10,25000,4405411507,25000,4405361507,24,calibration,4405386507,79822
epl_tracking_ch_10,25000,4405436507,25000,4405386507,24,calibration,4405411507,79823
epl_tracking_ch_10,25000,4405461507,25000,4405411507,24,calibration,4405436507,79824
epl_tracking_ch_10,25000,4405486507,25000,4405436507,24,calibration,4405461507,79825
epl_tracking_ch_10,25001,4405511508,25000,4405461507,24,calibration,4405486507,79826
epl_tracking_ch_10,25000,4405536508,25001,4405486507,24,calibration,4405511508,79827
epl_tracking_ch_10,25000,4405561508,25000,4405511508,24,calibration,4405536508,79828
epl_tracking_ch_10,25000,4405586508,25000,4405536508,24,calibration,4405561508,79829
epl_tracking_ch_10,25000,4405611508,25000,4405561508,24,calibration,4405586508,79830
epl_tracking_ch_10,25000,4405636508,25000,4405586508,24,calibration,4405611508,79831
epl_tracking_ch_10,25000,4405661508,25000,4405611508,24,calibration,4405636508,79832
epl_tracking_ch_10,25000,4405686508,25000,4405636508,24,calibration,4405661508,79833
epl_tracking_ch_10,25000,4405711508,25000,4405661508,24,calibration,4405686508,79834
epl_tracking_ch_10,25000,4405736508,25000,4405686508,24,calibration,4405711508,79835
epl_tracking_ch_10,25000,4405761508,25000,4405711508,24,calibration,4405736508,79836
epl_tracking_ch_10,25000,4405786508,25000,4405736508,24,calibration,4405761508,79837
epl_tracking_ch_10,25000,4405811508,25000,4405761508,24,calibration,4405786508,79838
epl_tracking_ch_10,25000,4405836508,25000,4405786508,24,calibration,4405811508,79839
epl_tracking_ch_10,25000,4405861508,25000,4405811508,24,calibration,4405836508,79840
epl_tracking_ch_10,25000,4405886508,25000,4405836508,24,calibration,4405861508,79841
epl_tracking_ch_10,25000,4405911508,25000,4405861508,24,calibration,4405886508,79842
epl_tracking_ch_10,25000,4405936508,25000,4405886508,24,calibration,4405911508,79843
epl_tracking_ch_10,25000,4405961508,25000,4405911508,24,calibration,4405936508,79844
epl_tracking_ch_10,25000,4405986508,25000,4405936508,24,calibration,4405961508,79845
epl_tracking_ch_10,25000,4406011508,25000,4405961508,24,calibration,4405986508,79846
epl_tracking_ch_10,25000,4406036508,25000,4405986508,24,calibration,4406011508,79847
epl_tracking_ch_10,25001,4406061509,25000,4406011508,24,calibration,4406036508,79848
epl_tracking_ch_10,25000,4406086509,25001,4406036508,24,calibration,4406061509,79849
epl_tracking_ch_10,25000,4406111509,25000,4406061509,24,calibration,4406086509,79850
epl_tracking_ch_10,25000,4406136509,25000,4406086509,24,calibration,4406111509,79851
epl_tracking_ch_10,25000,4406161509,25000,4406111509,24,calibration,4406136509,79852
epl_tracking_ch_10,25000,4406186509,25000,4406136509,24,calibration,4406161509,79853
epl_tracking_ch_10,25000,4406211509,25000,4406161509,24,calibration,4406186509,79854
epl_tracking_ch_10,25000,4406236509,25000,4406186509,24,calibration,4406211509,79855
epl_tracking_ch_10,25000,4406261509,25000,4406211509,24,calibration,4406236509,79856
epl_tracking_ch_10,25000,5099682526,25000,5099632526,18,calibration,5099657526,95767
epl_tracking_ch_10,25000,5099707526,25000,5099657526,18,calibration,5099682526,95768
epl_tracking_ch_10,25000,5099732526,25000,5099682526,18,calibration,5099707526,95769
epl_tracking_ch_10,25000,5099757526,25000,5099707526,18,calibration,5099732526,95770
epl_tracking_ch_10,25000,5099782526,25000,5099732526,18,calibration,5099757526,95771
epl_tracking_ch_10,25000,5099807526,25000,5099757526,18,calibration,5099782526,95772
epl_tracking_ch_10,25000,5099832526,25000,5099782526,18,calibration,5099807526,95773
epl_tracking_ch_10,25000,5099857526,25000,5099807526,18,calibration,5099832526,95774
epl_tracking_ch_10,25000,5099882526,25000,5099832526,18,calibration,5099857526,95775
epl_tracking_ch_10,25000,5099907526,25000,5099857526,18,calibration,5099882526,95776
epl_tracking_ch_10,25000,5099932526,25000,5099882526,18,calibration,5099907526,95777
epl_tracking_ch_10,25000,5099957526,25000,5099907526,18,calibration,5099932526,95778
epl_tracking_ch_10,25000,5099982526,25000,5099932526,18,calibration,5099957526,95779
epl_tracking_ch_10,25000,5100007526,25000,5099957526,18,calibration,5099982526,95780
epl_tracking_ch_10,25000,5100032526,25000,5099982526,18,calibration,5100007526,95781
epl_tracking_ch_10,25000,5100057526,25000,5100007526,18,calibration,5100032526,95782
epl_tracking_ch_10,25001,5100082527,25000,5100032526,18,calibration,5100057526,95783
epl_tracking_ch_10,25000,5100107527,25001,5100057526,18,calibration,5100082527,95784
epl_tracking_ch_10,25000,5100132527,25000,5100082527,18,calibration,5100107527,95785
epl_tracking_ch_10,25000,5100157527,25000,5100107527,18,calibration,5100132527,95786
epl_tracking_ch_10,25000,5100182527,25000,5100132527,18,calibration,5100157527,95787
epl_tracking_ch_10,25000,5100207527,25000,5100157527,18,calibration,5100182527,95788
epl_tracking_ch_10,25000,5100232527,25000,5100182527,18,calibration,5100207527,95789
epl_tracking_ch_10,25000,5100257527,25000,5100207527,18,calibration,5100232527,95790
epl_tracking_ch_10,25000,5100282527,25000,5100232527,18,calibration,5100257527,95791
epl_tracking_ch_10,25000,5100307527,25000,5100257527,18,calibration,5100282527,95792
epl_tracking_ch_10,25000,5100332527,25000,5100282527,18,calibration,5100307527,95793
epl_tracking_ch_10,25000,5100357527,25000,5100307527,18,calibration,5100332527,95794
epl_tracking_ch_10,25000,5100382527,25000,5100332527,18,calibration,5100357527,95795
epl_tracking_ch_10,25000,5100407527,25000,5100357527,18,calibration,5100382527,95796
epl_tracking_ch_10,25000,5100432527,25000,5100382527,18,calibration,5100407527,95797
epl_tracking_ch_10,25000,5100457527,25000,5100407527,18,calibration,5100432527,95798
epl_tracking_ch_10,25001,5100482528,25000,5100432527,18,calibration,5100457527,95799
epl_tracking_ch_10,25000,5100507528,25001,5100457527,18,calibration,5100482528,95800
epl_tracking_ch_10,25000,5100532528,25000,5100482528,18,calibration,5100507528,95801
epl_tracking_ch_10,25000,5100557528,25000,5100507528,18,calibration,5100532528,95802
epl_tracking_ch_10,25000,5100582528,25000,5100532528,18,calibration,5100557528,95803
epl_tracking_ch_10,25000,5100607528,25000,5100557528,18,calibration,5100582528,95804
epl_tracking_ch_10,25000,5100632528,25000,5100582528,18,calibration,5100607528,95805
epl_tracking_ch_10,25000,5100657528,25000,5100607528,18,calibration,5100632528,95806
epl_tracking_ch_10,25000,5100682528,25000,5100632528,18,calibration,5100657528,95807
epl_tracking_ch_10,25000,5100707528,25000,5100657528,18,calibration,5100682528,95808
epl_tracking_ch_10,25000,5100732528,25000,5100682528,18,calibration,5100707528,95809
epl_tracking_ch_10,25000,5100757528,25000,5100707528,18,calibration,5100732528,95810
epl_tracking_ch_10,25000,5100782528,25000,5100732528,18,calibration,5100757528,95811
epl_tracking_ch_10,25000,5100807528,25000,5100757528,18,calibration,5100782528,95812
epl_tracking_ch_10,25000,5100832528,25000,5100782528,18,calibration,5100807528,95813
epl_tracking_ch_10,25000,5100857528,25000,5100807528,18,calibration,5100832528,95814
epl_tracking_ch_10,25000,5100882528,25000,5100832528,18,calibration,5100857528,95815
epl_tracking_ch_10,25001,5100907529,25000,5100857528,18,calibration,5100882528,95816
epl_tracking_ch_10,25000,5812948017,25000,5812898017,1,calibration,5812923017,111728
epl_tracking_ch_10,25000,5812973017,25000,5812923017,1,calibration,5812948017,111729
epl_tracking_ch_10,25000,5812998017,25000,5812948017,1,calibration,5812973017,111730
epl_tracking_ch_10,25000,5813023017,25000,5812973017,1,calibration,5812998017,111731
epl_tracking_ch_10,25000,5813048017,25000,5812998017,1,calibration,5813023017,111732
epl_tracking_ch_10,25000,5813073017,25000,5813023017,1,calibration,5813048017,111733
epl_tracking_ch_10,25000,5813098017,25000,5813048017,1,calibration,5813073017,111734
epl_tracking_ch_10,25000,5813123017,25000,5813073017,1,calibration,5813098017,111735
epl_tracking_ch_10,25000,5813148017,25000,5813098017,1,calibration,5813123017,111736
epl_tracking_ch_10,25000,5813173017,25000,5813123017,1,calibration,5813148017,111737
epl_tracking_ch_10,25000,5813198017,25000,5813148017,1,calibration,5813173017,111738
epl_tracking_ch_10,25000,5813223017,25000,5813173017,1,calibration,5813198017,111739
epl_tracking_ch_10,25000,5813248017,25000,5813198017,1,calibration,5813223017,111740
epl_tracking_ch_10,25000,5813273017,25000,5813223017,1,calibration,5813248017,111741
epl_tracking_ch_10,25000,5813298017,25000,5813248017,1,calibration,5813273017,111742
epl_tracking_ch_10,25000,5813323017,25000,5813273017,1,calibration,5813298017,111743
epl_tracking_ch_10,25000,5813348017,25000,5813298017,1,calibration,5813323017,111744
epl_tracking_ch_10,25000,5813373017,25000,5813323017,1,calibration,5813348017,111745
epl_tracking_ch_10,25000,5813398017,25000,5813348017,1,calibration,5813373017,111746
epl_tracking_ch_10,25000,5813423017,25000,5813373017,1,calibration,5813398017,111747
epl_tracking_ch_10,25001,5813448018,25000,5813398017,1,calibration,5813423017,111748
epl_tracking_ch_10,25000,5813473018,25001,5813423017,1,calibration,5813448018,111749
epl_tracking_ch_10,25000,5813498018,25000,5813448018,1,calibration,5813473018,111750
epl_tracking_ch_10,25000,5813523018,25000,5813473018,1,calibration,5813498018,111751
epl_tracking_ch_10,25000,5813548018,25000,5813498018,1,calibration,5813523018,111752
epl_tracking_ch_10,25000,5813573018,25000,5813523018,1,calibration,5813548018,111753
epl_tracking_ch_10,25000,5813598018,25000,5813548018,1,calibration,5813573018,111754
epl_tracking_ch_10,25000,5813623018,25000,5813573018,1,calibration,5813598018,111755
epl_tracking_ch_10,25000,5813648018,25000,5813598018,1,calibration,5813623018,111756
epl_tracking_ch_10,25000,5813673018,25000,5813623018,1,calibration,5813648018,111757
epl_tracking_ch_10,25000,5813698018,25000,5813648018,1,calibration,5813673018,111758
epl_tracking_ch_10,25000,5813723018,25000,5813673018,1,calibration,5813698018,111759
epl_tracking_ch_10,25000,5813748018,25000,5813698018,1,calibration,5813723018,111760
epl_tracking_ch_10,25000,5813773018,25000,5813723018,1,calibration,5813748018,111761
epl_tracking_ch_10,25000,5813798018,25000,5813748018,1,calibration,5813773018,111762
epl_tracking_ch_10,25000,5813823018,25000,5813773018,1,calibration,5813798018,111763
epl_tracking_ch_10,25000,5813848018,25000,5813798018,1,calibration,5813823018,111764
epl_tracking_ch_10,25000,5813873018,25000,5813823018,1,calibration,5813848018,111765
epl_tracking_ch_10,25000,5813898018,25000,5813848018,1,calibration,5813873018,111766
epl_tracking_ch_10,25000,5813923018,25000,5813873018,1,calibration,5813898018,111767
epl_tracking_ch_10,25000,5813948018,25000,5813898018,1,calibration,5813923018,111768
epl_tracking_ch_10,25000,5813973018,25000,5813923018,1,calibration,5813948018,111769
epl_tracking_ch_10,25000,5813998018,25000,5813948018,1,calibration,5813973018,111770
epl_tracking_ch_10,25000,5814023018,25000,5813973018,1,calibration,5813998018,111771
epl_tracking_ch_10,25000,5814048018,25000,5813998018,1,calibration,5814023018,111772
epl_tracking_ch_10,25000,5814073018,25000,5814023018,1,calibration,5814048018,111773
epl_tracking_ch_10,25000,5814098018,25000,5814048018,1,calibration,5814073018,111774
epl_tracking_ch_10,25000,5814123018,25000,5814073018,1,calibration,5814098018,111775
epl_tracking_ch_10,25000,5814148018,25000,5814098018,1,calibration,5814123018,111776
epl_tracking_ch_10,25000,5814173018,25000,5814123018,1,calibration,5814148018,111777
epl_tracking_ch_10,25000,9023885076,25000,9023835076,25,holdout,9023860076,157111
epl_tracking_ch_10,25000,9023910076,25000,9023860076,25,holdout,9023885076,157112
epl_tracking_ch_10,25000,9023935076,25000,9023885076,25,holdout,9023910076,157113
epl_tracking_ch_10,25000,9023960076,25000,9023910076,25,holdout,9023935076,157114
epl_tracking_ch_10,25000,9023985076,25000,9023935076,25,holdout,9023960076,157115
epl_tracking_ch_10,25000,9024010076,25000,9023960076,25,holdout,9023985076,157116
epl_tracking_ch_10,25000,9024035076,25000,9023985076,25,holdout,9024010076,157117
epl_tracking_ch_10,25000,9024060076,25000,9024010076,25,holdout,9024035076,157118
epl_tracking_ch_10,25000,9024085076,25000,9024035076,25,holdout,9024060076,157119
epl_tracking_ch_10,25000,9024110076,25000,9024060076,25,holdout,9024085076,157120
epl_tracking_ch_10,25000,9024135076,25000,9024085076,25,holdout,9024110076,157121
epl_tracking_ch_10,25000,9024160076,25000,9024110076,25,holdout,9024135076,157122
epl_tracking_ch_10,25000,9024185076,25000,9024135076,25,holdout,9024160076,157123
epl_tracking_ch_10,24999,9024210075,25000,9024160076,25,holdout,9024185076,157124
epl_tracking_ch_10,25000,9024235075,24999,9024185076,25,holdout,9024210075,157125
epl_tracking_ch_10,25000,9024260075,25000,9024210075,25,holdout,9024235075,157126
epl_tracking_ch_10,25000,9024285075,25000,9024235075,25,holdout,9024260075,157127
epl_tracking_ch_10,25000,9024310075,25000,9024260075,25,holdout,9024285075,157128
epl_tracking_ch_10,25000,9024335075,25000,9024285075,25,holdout,9024310075,157129
epl_tracking_ch_10,25000,9024360075,25000,9024310075,25,holdout,9024335075,157130
epl_tracking_ch_10,25000,9024385075,25000,9024335075,25,holdout,9024360075,157131
epl_tracking_ch_10,25000,9024410075,25000,9024360075,25,holdout,9024385075,157132
epl_tracking_ch_10,25000,9024435075,25000,9024385075,25,holdout,9024410075,157133
epl_tracking_ch_10,25000,9024460075,25000,9024410075,25,holdout,9024435075,157134
epl_tracking_ch_10,25000,9024485075,25000,9024435075,25,holdout,9024460075,157135
epl_tracking_ch_10,25000,9024510075,25000,9024460075,25,holdout,9024485075,157136
epl_tracking_ch_10,25000,9024535075,25000,9024485075,25,holdout,9024510075,157137
epl_tracking_ch_10,25000,9024560075,25000,9024510075,25,holdout,9024535075,157138
epl_tracking_ch_10,24999,9024585074,25000,9024535075,25,holdout,9024560075,157139
epl_tracking_ch_10,25000,9024610074,24999,9024560075,25,holdout,9024585074,157140
epl_tracking_ch_10,25000,9024635074,25000,9024585074,25,holdout,9024610074,157141
epl_tracking_ch_10,25000,9024660074,25000,9024610074,25,holdout,9024635074,157142
epl_tracking_ch_10,25000,9024685074,25000,9024635074,25,holdout,9024660074,157143
epl_tracking_ch_10,25000,9024710074,25000,9024660074,25,holdout,9024685074,157144
epl_tracking_ch_10,25000,9024735074,25000,9024685074,25,holdout,9024710074,157145
epl_tracking_ch_10,25000,9024760074,25000,9024710074,25,holdout,9024735074,157146
epl_tracking_ch_10,25000,9024785074,25000,9024735074,25,holdout,9024760074,157147
epl_tracking_ch_10,25000,9024810074,25000,9024760074,25,holdout,9024785074,157148
epl_tracking_ch_10,25000,9024835074,25000,9024785074,25,holdout,9024810074,157149
epl_tracking_ch_10,25000,9024860074,25000,9024810074,25,holdout,9024835074,157150
epl_tracking_ch_10,25000,9024885074,25000,9024835074,25,holdout,9024860074,157151
epl_tracking_ch_10,25000,9024910074,25000,9024860074,25,holdout,9024885074,157152
epl_tracking_ch_10,25000,9024935074,25000,9024885074,25,holdout,9024910074,157153
epl_tracking_ch_10,25000,9024960074,25000,9024910074,25,holdout,9024935074,157154
epl_tracking_ch_10,24999,9024985073,25000,9024935074,25,holdout,9024960074,157155
epl_tracking_ch_10,25000,9025010073,24999,9024960074,25,holdout,9024985073,157156
epl_tracking_ch_10,25000,9025035073,25000,9024985073,25,holdout,9025010073,157157
epl_tracking_ch_10,25000,9025060073,25000,9025010073,25,holdout,9025035073,157158
epl_tracking_ch_10,25000,9025085073,25000,9025035073,25,holdout,9025060073,157159
epl_tracking_ch_10,25000,9025110073,25000,9025060073,25,holdout,9025085073,157160
